0.0,0.010925,0.0,0.983271,0.010925,0.010925,0.972346,0.961421,0.032776,0.010925
1.0,0.010925,0.0,0.983271,0.010925,0.010925,0.972346,0.961421,0.032776,0.010925
2.0,0.010925,0.0,0.972346,0.010925,0.010925,0.961421,0.983271,0.032776,0.010925
3.0,0.010925,0.0,0.972346,0.010925,0.010925,0.961421,0.983271,0.032776,0.010925
4.0,0.010925,0.0,0.983271,0.010925,0.010925,0.994197,0.994197,0.02185,0.02185
5.0,0.010925,0.0,0.983271,0.010925,0.010925,0.994197,0.994197,0.02185,0.02185
6.0,0.010925,0.0,0.983271,0.010925,0.010925,0.961421,1.026972,0.02185,0.010925
7.0,0.010925,0.0,0.983271,0.010925,0.010925,0.961421,1.026972,0.02185,0.010925
8.0,0.010925,0.0,0.983271,0.010925,0.010925,0.961421,1.037897,0.010925,0.010925
9.0,0.010925,0.0,0.983271,0.010925,0.010925,0.961421,1.037897,0.010925,0.010925
10.0,0.010925,0.010925,1.016047,0.010925,0.010925,0.972346,1.037897,0.010925,0.010925
11.0,0.010925,0.010925,1.016047,0.010925,0.010925,0.972346,1.037897,0.010925,0.010925
12.0,0.02185,0.02185,1.005122,0.010925,0.010925,0.983271,1.059748,0.010925,0.010925
13.0,0.02185,0.02185,1.005122,0.010925,0.010925,0.983271,1.059748,0.010925,0.010925
14.0,0.043701,0.032776,1.005122,0.010925,0.010925,0.983271,1.048823,0.010925,0.010925
15.0,0.043701,0.032776,1.005122,0.010925,0.010925,0.983271,1.048823,0.010925,0.010925
16.0,0.065551,0.043701,0.994197,0.010925,0.010925,0.983271,1.026972,0.010925,0.010925
17.0,0.065551,0.043701,0.994197,0.010925,0.010925,0.983271,1.026972,0.010925,0.010925
18.0,0.087402,0.054626,1.016047,0.010925,0.010925,0.983271,1.059748,0.010925,0.010925
19.0,0.087402,0.054626,1.016047,0.010925,0.010925,0.983271,1.059748,0.010925,0.010925
20.0,0.120178,0.065551,1.026972,0.010925,0.02185,0.983271,1.070673,0.010925,0.02185
21.0,0.120178,0.065551,1.026972,0.010925,0.02185,0.983271,1.070673,0.010925,0.02185
22.0,0.152953,0.076477,1.048823,0.02185,0.032776,0.983271,1.037897,0.010925,0.032776
23.0,0.152953,0.076477,1.048823,0.02185,0.032776,0.983271,1.037897,0.010925,0.032776
24.0,0.185729,0.098327,1.026972,0.043701,0.043701,0.972346,1.059748,0.010925,0.043701
25.0,0.185729,0.098327,1.026972,0.043701,0.043701,0.972346,1.059748,0.010925,0.043701
26.0,0.218505,0.109252,1.059748,0.065551,0.065551,1.005122,1.048823,0.032776,0.065551
27.0,0.218505,0.109252,1.059748,0.065551,0.065551,1.005122,1.048823,0.032776,0.065551
28.0,0.262206,0.131103,1.048823,0.076477,0.087402,1.016047,1.026972,0.054626,0.087402
29.0,0.262206,0.131103,1.048823,0.076477,0.087402,1.016047,1.026972,0.054626,0.087402
30.0,0.294981,0.152953,1.037897,0.109252,0.120178,1.026972,1.037897,0.076477,0.120178
31.0,0.294981,0.152953,1.037897,0.109252,0.120178,1.026972,1.037897,0.076477,0.120178
32.0,0.338682,0.185729,1.059748,0.152953,0.152953,1.059748,1.026972,0.109252,0.152953
33.0,0.338682,0.185729,1.059748,0.152953,0.152953,1.059748,1.026972,0.109252,0.152953
34.0,0.360533,0.207579,1.037897,0.174804,0.174804,1.037897,1.016047,0.131103,0.185729
35.0,0.360533,0.207579,1.037897,0.174804,0.174804,1.037897,1.016047,0.131103,0.185729
36.0,0.393309,0.22943,1.016047,0.196654,0.196654,1.026972,1.037897,0.163879,0.218505
37.0,0.393309,0.22943,1.016047,0.196654,0.196654,1.026972,1.037897,0.163879,0.218505
38.0,0.426084,0.25128,0.972346,0.22943,0.22943,1.026972,1.026972,0.185729,0.240355
39.0,0.426084,0.25128,0.972346,0.22943,0.22943,1.026972,1.026972,0.185729,0.240355
40.0,0.447935,0.284056,0.983271,0.262206,0.25128,1.026972,1.016047,0.207579,0.262206
41.0,0.447935,0.284056,0.983271,0.262206,0.25128,1.026972,1.016047,0.207579,0.262206
42.0,0.469785,0.316832,0.983271,0.294981,0.284056,1.026972,0.994197,0.22943,0.294981
43.0,0.469785,0.316832,0.983271,0.294981,0.284056,1.026972,0.994197,0.22943,0.294981
44.0,0.491636,0.338682,0.983271,0.316832,0.305907,1.026972,0.983271,0.25128,0.316832
45.0,0.491636,0.338682,0.983271,0.316832,0.305907,1.026972,0.983271,0.25128,0.316832
46.0,0.502561,0.360533,0.972346,0.327757,0.327757,0.994197,0.972346,0.273131,0.327757
47.0,0.502561,0.360533,0.972346,0.327757,0.327757,0.994197,0.972346,0.273131,0.327757
48.0,0.513486,0.393309,0.950496,0.360533,0.349608,1.016047,0.972346,0.305907,0.349608
49.0,0.513486,0.393309,0.950496,0.360533,0.349608,1.016047,0.972346,0.305907,0.349608
50.0,0.524411,0.426084,0.93957,0.382383,0.371458,1.005122,0.972346,0.327757,0.371458
51.0,0.524411,0.426084,0.93957,0.382383,0.371458,1.005122,0.972346,0.327757,0.371458
52.0,0.546262,0.447935,0.928645,0.404234,0.393309,1.016047,1.016047,0.349608,0.382383
53.0,0.546262,0.447935,0.928645,0.404234,0.393309,1.016047,1.016047,0.349608,0.382383
54.0,0.568112,0.469785,0.895869,0.426084,0.415159,0.983271,1.016047,0.371458,0.415159
55.0,0.568112,0.469785,0.895869,0.426084,0.415159,0.983271,1.016047,0.371458,0.415159
56.0,0.589963,0.502561,0.895869,0.447935,0.447935,0.972346,0.972346,0.393309,0.437009
57.0,0.589963,0.502561,0.895869,0.447935,0.447935,0.972346,0.972346,0.393309,0.437009
58.0,0.600888,0.524411,0.895869,0.45886,0.469785,0.961421,0.91772,0.415159,0.447935
59.0,0.600888,0.524411,0.895869,0.45886,0.469785,0.961421,0.91772,0.415159,0.447935
60.0,0.611813,0.557187,0.852168,0.48071,0.491636,0.961421,0.93957,0.426084,0.469785
61.0,0.611813,0.557187,0.852168,0.48071,0.491636,0.961421,0.93957,0.426084,0.469785
62.0,0.622738,0.589963,0.819393,0.502561,0.513486,0.961421,0.874019,0.447935,0.491636
63.0,0.622738,0.589963,0.819393,0.502561,0.513486,0.961421,0.874019,0.447935,0.491636
64.0,0.633664,0.600888,0.797542,0.513486,0.535337,0.961421,0.874019,0.45886,0.502561
65.0,0.633664,0.600888,0.797542,0.513486,0.535337,0.961421,0.874019,0.45886,0.502561
66.0,0.644589,0.622738,0.797542,0.535337,0.568112,0.91772,0.874019,0.48071,0.513486
67.0,0.644589,0.622738,0.797542,0.535337,0.568112,0.91772,0.874019,0.48071,0.513486
68.0,0.655514,0.644589,0.775692,0.557187,0.589963,0.895869,0.830318,0.491636,0.524411
69.0,0.655514,0.644589,0.775692,0.557187,0.589963,0.895869,0.830318,0.491636,0.524411
70.0,0.666439,0.666439,0.764767,0.579038,0.611813,0.884944,0.797542,0.513486,0.557187
71.0,0.666439,0.666439,0.764767,0.579038,0.611813,0.884944,0.797542,0.513486,0.557187
72.0,0.677365,0.677365,0.775692,0.589963,0.622738,0.863094,0.786617,0.524411,0.568112
73.0,0.677365,0.677365,0.775692,0.589963,0.622738,0.863094,0.786617,0.524411,0.568112
74.0,0.68829,0.699215,0.753841,0.600888,0.644589,0.852168,0.775692,0.535337,0.579038
75.0,0.68829,0.699215,0.753841,0.600888,0.644589,0.852168,0.775692,0.535337,0.579038
76.0,0.699215,0.721066,0.731991,0.611813,0.666439,0.841243,0.775692,0.557187,0.589963
77.0,0.699215,0.721066,0.731991,0.611813,0.666439,0.841243,0.775692,0.557187,0.589963
78.0,0.71014,0.742916,0.721066,0.622738,0.677365,0.830318,0.666439,0.579038,0.600888
79.0,0.71014,0.742916,0.721066,0.622738,0.677365,0.830318,0.666439,0.579038,0.600888
80.0,0.721066,0.764767,0.731991,0.633664,0.699215,0.786617,0.721066,0.589963,0.611813
81.0,0.721066,0.764767,0.731991,0.633664,0.699215,0.786617,0.721066,0.589963,0.611813
82.0,0.731991,0.775692,0.677365,0.644589,0.721066,0.764767,0.71014,0.600888,0.622738
83.0,0.731991,0.775692,0.677365,0.644589,0.721066,0.764767,0.71014,0.600888,0.622738
84.0,0.742916,0.786617,0.677365,0.655514,0.742916,0.753841,0.699215,0.611813,0.633664
85.0,0.742916,0.786617,0.677365,0.655514,0.742916,0.753841,0.699215,0.611813,0.633664
86.0,0.753841,0.797542,0.633664,0.666439,0.764767,0.731991,0.666439,0.622738,0.644589
87.0,0.753841,0.797542,0.633664,0.666439,0.764767,0.731991,0.666439,0.622738,0.644589
88.0,0.753841,0.808468,0.611813,0.68829,0.775692,0.721066,0.655514,0.633664,0.655514
89.0,0.753841,0.808468,0.611813,0.68829,0.775692,0.721066,0.655514,0.633664,0.655514
90.0,0.764767,0.830318,0.589963,0.699215,0.786617,0.699215,0.644589,0.644589,0.666439
91.0,0.764767,0.830318,0.589963,0.699215,0.786617,0.699215,0.644589,0.644589,0.666439
92.0,0.775692,0.852168,0.557187,0.721066,0.808468,0.666439,0.622738,0.655514,0.677365
93.0,0.775692,0.852168,0.557187,0.721066,0.808468,0.666439,0.622738,0.655514,0.677365
94.0,0.775692,0.863094,0.546262,0.731991,0.819393,0.666439,0.589963,0.666439,0.699215
95.0,0.775692,0.863094,0.546262,0.731991,0.819393,0.666439,0.589963,0.666439,0.699215
96.0,0.786617,0.874019,0.524411,0.742916,0.830318,0.655514,0.611813,0.677365,0.721066
97.0,0.786617,0.874019,0.524411,0.742916,0.830318,0.655514,0.611813,0.677365,0.721066
98.0,0.797542,0.884944,0.513486,0.753841,0.852168,0.644589,0.611813,0.699215,0.731991
99.0,0.797542,0.884944,0.513486,0.753841,0.852168,0.644589,0.611813,0.699215,0.731991
100.0,0.808468,0.895869,0.491636,0.753841,0.863094,0.600888,0.589963,0.721066,0.731991
101.0,0.808468,0.895869,0.491636,0.753841,0.863094,0.600888,0.589963,0.721066,0.731991
102.0,0.808468,0.895869,0.45886,0.764767,0.874019,0.600888,0.535337,0.731991,0.753841
103.0,0.808468,0.895869,0.45886,0.764767,0.874019,0.600888,0.535337,0.731991,0.753841
104.0,0.819393,0.906795,0.469785,0.775692,0.884944,0.589963,0.513486,0.742916,0.753841
105.0,0.819393,0.906795,0.469785,0.775692,0.884944,0.589963,0.513486,0.742916,0.753841
106.0,0.830318,0.91772,0.447935,0.786617,0.895869,0.568112,0.557187,0.753841,0.764767
107.0,0.830318,0.91772,0.447935,0.786617,0.895869,0.568112,0.557187,0.753841,0.764767
108.0,0.841243,0.928645,0.447935,0.786617,0.906795,0.535337,0.557187,0.764767,0.764767
109.0,0.841243,0.928645,0.447935,0.786617,0.906795,0.535337,0.557187,0.764767,0.764767
110.0,0.852168,0.928645,0.437009,0.797542,0.91772,0.513486,0.48071,0.764767,0.775692
111.0,0.852168,0.928645,0.437009,0.797542,0.91772,0.513486,0.48071,0.764767,0.775692
112.0,0.863094,0.93957,0.404234,0.808468,0.928645,0.48071,0.447935,0.775692,0.786617
113.0,0.863094,0.93957,0.404234,0.808468,0.928645,0.48071,0.447935,0.775692,0.786617
114.0,0.874019,0.950496,0.393309,0.819393,0.928645,0.45886,0.426084,0.786617,0.797542
115.0,0.874019,0.950496,0.393309,0.819393,0.928645,0.45886,0.426084,0.786617,0.797542
116.0,0.884944,0.961421,0.360533,0.830318,0.93957,0.447935,0.415159,0.797542,0.808468
117.0,0.884944,0.961421,0.360533,0.830318,0.93957,0.447935,0.415159,0.797542,0.808468
118.0,0.884944,0.972346,0.371458,0.841243,0.950496,0.437009,0.415159,0.808468,0.819393
119.0,0.884944,0.972346,0.371458,0.841243,0.950496,0.437009,0.415159,0.808468,0.819393
120.0,0.884944,0.983271,0.371458,0.852168,0.961421,0.415159,0.382383,0.830318,0.830318
121.0,0.884944,0.983271,0.371458,0.852168,0.961421,0.415159,0.382383,0.830318,0.830318
122.0,0.895869,0.983271,0.327757,0.863094,0.972346,0.426084,0.349608,0.841243,0.841243
123.0,0.895869,0.983271,0.327757,0.863094,0.972346,0.426084,0.349608,0.841243,0.841243
124.0,0.895869,0.994197,0.327757,0.874019,0.983271,0.415159,0.327757,0.841243,0.852168
125.0,0.895869,0.994197,0.327757,0.874019,0.983271,0.415159,0.327757,0.841243,0.852168
126.0,0.906795,0.994197,0.294981,0.884944,0.983271,0.382383,0.316832,0.852168,0.863094
127.0,0.906795,0.994197,0.294981,0.884944,0.983271,0.382383,0.316832,0.852168,0.863094
128.0,0.91772,1.005122,0.294981,0.884944,0.994197,0.349608,0.316832,0.863094,0.874019
129.0,0.91772,1.005122,0.294981,0.884944,0.994197,0.349608,0.316832,0.863094,0.874019
130.0,0.91772,1.005122,0.273131,0.884944,0.994197,0.316832,0.316832,0.863094,0.874019
131.0,0.91772,1.005122,0.273131,0.884944,0.994197,0.316832,0.316832,0.863094,0.874019
132.0,0.928645,1.016047,0.284056,0.884944,1.005122,0.349608,0.316832,0.874019,0.884944
133.0,0.928645,1.016047,0.284056,0.884944,1.005122,0.349608,0.316832,0.874019,0.884944
134.0,0.93957,1.016047,0.262206,0.895869,1.005122,0.305907,0.294981,0.884944,0.895869
135.0,0.93957,1.016047,0.262206,0.895869,1.005122,0.305907,0.294981,0.884944,0.895869
136.0,0.93957,1.016047,0.22943,0.906795,1.016047,0.294981,0.284056,0.884944,0.895869
137.0,0.93957,1.016047,0.22943,0.906795,1.016047,0.294981,0.284056,0.884944,0.895869
138.0,0.93957,1.026972,0.218505,0.91772,1.016047,0.316832,0.284056,0.895869,0.906795
139.0,0.93957,1.026972,0.218505,0.91772,1.016047,0.316832,0.284056,0.895869,0.906795
140.0,0.950496,1.026972,0.207579,0.91772,1.026972,0.284056,0.22943,0.895869,0.906795
141.0,0.950496,1.026972,0.207579,0.91772,1.026972,0.284056,0.22943,0.895869,0.906795
142.0,0.961421,1.026972,0.196654,0.928645,1.026972,0.284056,0.25128,0.906795,0.91772
143.0,0.961421,1.026972,0.196654,0.928645,1.026972,0.284056,0.25128,0.906795,0.91772
144.0,0.961421,1.026972,0.185729,0.93957,1.026972,0.22943,0.262206,0.906795,0.928645
145.0,0.961421,1.026972,0.185729,0.93957,1.026972,0.22943,0.262206,0.906795,0.928645
146.0,0.972346,1.026972,0.163879,0.93957,1.026972,0.240355,0.240355,0.91772,0.93957
147.0,0.972346,1.026972,0.163879,0.93957,1.026972,0.240355,0.240355,0.91772,0.93957
148.0,0.983271,1.037897,0.174804,0.950496,1.026972,0.25128,0.305907,0.928645,0.93957
149.0,0.983271,1.037897,0.174804,0.950496,1.026972,0.25128,0.305907,0.928645,0.93957
150.0,0.994197,1.037897,0.163879,0.961421,1.026972,0.25128,0.240355,0.93957,0.961421
151.0,0.994197,1.037897,0.163879,0.961421,1.026972,0.25128,0.240355,0.93957,0.961421
152.0,0.994197,1.037897,0.152953,0.972346,1.037897,0.240355,0.22943,0.950496,0.972346
153.0,0.994197,1.037897,0.152953,0.972346,1.037897,0.240355,0.22943,0.950496,0.972346
154.0,0.994197,1.037897,0.152953,0.972346,1.037897,0.207579,0.152953,0.961421,0.972346
155.0,0.994197,1.037897,0.152953,0.972346,1.037897,0.207579,0.152953,0.961421,0.972346
156.0,1.005122,1.037897,0.152953,0.983271,1.037897,0.185729,0.185729,0.972346,0.972346
157.0,1.005122,1.037897,0.152953,0.983271,1.037897,0.185729,0.185729,0.972346,0.972346
158.0,1.005122,1.048823,0.152953,0.983271,1.037897,0.185729,0.207579,0.961421,0.983271
159.0,1.005122,1.048823,0.152953,0.983271,1.037897,0.185729,0.207579,0.961421,0.983271
160.0,1.016047,1.048823,0.131103,0.994197,1.048823,0.185729,0.131103,0.972346,0.983271
161.0,1.016047,1.048823,0.131103,0.994197,1.048823,0.185729,0.131103,0.972346,0.983271
162.0,1.016047,1.048823,0.131103,0.994197,1.048823,0.174804,0.109252,0.983271,0.994197
163.0,1.016047,1.048823,0.131103,0.994197,1.048823,0.174804,0.109252,0.983271,0.994197
164.0,1.016047,1.048823,0.131103,1.005122,1.048823,0.142028,0.185729,0.994197,0.994197
165.0,1.016047,1.048823,0.131103,1.005122,1.048823,0.142028,0.185729,0.994197,0.994197
166.0,1.016047,1.059748,0.087402,1.016047,1.048823,0.131103,0.163879,1.005122,1.005122
167.0,1.016047,1.059748,0.087402,1.016047,1.048823,0.131103,0.163879,1.005122,1.005122
168.0,1.026972,1.059748,0.087402,1.016047,1.059748,0.109252,0.120178,1.005122,1.016047
169.0,1.026972,1.059748,0.087402,1.016047,1.059748,0.109252,0.120178,1.005122,1.016047
170.0,1.026972,1.059748,0.087402,1.016047,1.059748,0.109252,0.076477,1.016047,1.016047
171.0,1.026972,1.059748,0.087402,1.016047,1.059748,0.109252,0.076477,1.016047,1.016047
172.0,1.026972,1.059748,0.087402,1.026972,1.059748,0.109252,0.087402,1.016047,1.026972
173.0,1.026972,1.059748,0.087402,1.026972,1.059748,0.109252,0.087402,1.016047,1.026972
174.0,1.026972,1.059748,0.109252,1.026972,1.059748,0.098327,0.109252,1.026972,1.026972
175.0,1.026972,1.059748,0.109252,1.026972,1.059748,0.098327,0.109252,1.026972,1.026972
176.0,1.037897,1.059748,0.076477,1.026972,1.059748,0.109252,0.098327,1.026972,1.026972
177.0,1.037897,1.059748,0.076477,1.026972,1.059748,0.109252,0.098327,1.026972,1.026972
178.0,1.037897,1.070673,0.087402,1.026972,1.070673,0.109252,0.087402,1.026972,1.026972
179.0,1.037897,1.070673,0.087402,1.026972,1.070673,0.109252,0.087402,1.026972,1.026972
180.0,1.048823,1.070673,0.087402,1.037897,1.070673,0.098327,0.087402,1.026972,1.026972
181.0,1.048823,1.070673,0.087402,1.037897,1.070673,0.098327,0.087402,1.026972,1.026972
182.0,1.048823,1.070673,0.076477,1.048823,1.070673,0.087402,0.043701,1.037897,1.037897
183.0,1.048823,1.070673,0.076477,1.048823,1.070673,0.087402,0.043701,1.037897,1.037897
184.0,1.048823,1.070673,0.065551,1.048823,1.070673,0.065551,0.065551,1.048823,1.048823
185.0,1.048823,1.070673,0.065551,1.048823,1.070673,0.065551,0.065551,1.048823,1.048823
186.0,1.059748,1.070673,0.065551,1.048823,1.070673,0.054626,0.054626,1.048823,1.048823
187.0,1.059748,1.070673,0.065551,1.048823,1.070673,0.054626,0.054626,1.048823,1.048823
188.0,1.059748,1.081598,0.076477,1.059748,1.081598,0.043701,0.087402,1.048823,1.059748
189.0,1.059748,1.081598,0.076477,1.059748,1.081598,0.043701,0.087402,1.048823,1.059748
190.0,1.059748,1.081598,0.054626,1.070673,1.081598,0.065551,0.065551,1.059748,1.070673
191.0,1.059748,1.081598,0.054626,1.070673,1.081598,0.065551,0.065551,1.059748,1.070673
192.0,1.070673,1.081598,0.043701,1.070673,1.081598,0.054626,0.054626,1.059748,1.070673
193.0,1.070673,1.081598,0.043701,1.070673,1.081598,0.054626,0.054626,1.059748,1.070673
194.0,1.070673,1.081598,0.065551,1.070673,1.081598,0.043701,0.032776,1.070673,1.070673
195.0,1.070673,1.081598,0.065551,1.070673,1.081598,0.043701,0.032776,1.070673,1.070673
196.0,1.081598,1.081598,0.120178,1.081598,1.081598,0.098327,0.065551,1.081598,1.070673
197.0,1.081598,1.081598,0.120178,1.081598,1.081598,0.098327,0.065551,1.081598,1.070673
198.0,1.048823,1.070673,0.185729,1.070673,1.081598,0.185729,0.098327,1.048823,1.048823
199.0,1.048823,1.070673,0.185729,1.070673,1.081598,0.185729,0.098327,1.048823,1.048823
200.0,0.994197,1.059748,0.294981,1.037897,1.070673,0.316832,0.185729,0.994197,0.994197
201.0,0.994197,1.059748,0.294981,1.037897,1.070673,0.316832,0.185729,0.994197,0.994197
202.0,0.906795,1.048823,0.349608,0.972346,1.059748,0.426084,0.22943,0.91772,0.906795
203.0,0.906795,1.048823,0.349608,0.972346,1.059748,0.426084,0.22943,0.91772,0.906795
204.0,0.830318,1.037897,0.360533,0.895869,1.048823,0.502561,0.25128,0.841243,0.830318
205.0,0.830318,1.037897,0.360533,0.895869,1.048823,0.502561,0.25128,0.841243,0.830318
206.0,0.753841,1.016047,0.447935,0.819393,1.037897,0.557187,0.305907,0.764767,0.753841
207.0,0.753841,1.016047,0.447935,0.819393,1.037897,0.557187,0.305907,0.764767,0.753841
208.0,0.677365,1.005122,0.45886,0.753841,1.026972,0.600888,0.338682,0.699215,0.677365
209.0,0.677365,1.005122,0.45886,0.753841,1.026972,0.600888,0.338682,0.699215,0.677365
210.0,0.611813,0.983271,0.48071,0.677365,1.016047,0.633664,0.371458,0.633664,0.622738
211.0,0.611813,0.983271,0.48071,0.677365,1.016047,0.633664,0.371458,0.633664,0.622738
212.0,0.557187,0.972346,0.502561,0.611813,1.005122,0.633664,0.437009,0.579038,0.568112
213.0,0.557187,0.972346,0.502561,0.611813,1.005122,0.633664,0.437009,0.579038,0.568112
214.0,0.513486,0.961421,0.535337,0.568112,0.994197,0.633664,0.469785,0.546262,0.524411
215.0,0.513486,0.961421,0.535337,0.568112,0.994197,0.633664,0.469785,0.546262,0.524411
216.0,0.45886,0.93957,0.568112,0.502561,0.983271,0.633664,0.45886,0.502561,0.48071
217.0,0.45886,0.93957,0.568112,0.502561,0.983271,0.633664,0.45886,0.502561,0.48071
218.0,0.426084,0.91772,0.589963,0.45886,0.972346,0.633664,0.524411,0.469785,0.45886
219.0,0.426084,0.91772,0.589963,0.45886,0.972346,0.633664,0.524411,0.469785,0.45886
220.0,0.382383,0.895869,0.589963,0.426084,0.961421,0.644589,0.502561,0.447935,0.426084
221.0,0.382383,0.895869,0.589963,0.426084,0.961421,0.644589,0.502561,0.447935,0.426084
222.0,0.349608,0.884944,0.611813,0.393309,0.93957,0.655514,0.524411,0.415159,0.393309
223.0,0.349608,0.884944,0.611813,0.393309,0.93957,0.655514,0.524411,0.415159,0.393309
224.0,0.327757,0.874019,0.622738,0.360533,0.91772,0.644589,0.579038,0.382383,0.360533
225.0,0.327757,0.874019,0.622738,0.360533,0.91772,0.644589,0.579038,0.382383,0.360533
226.0,0.305907,0.863094,0.622738,0.338682,0.906795,0.644589,0.568112,0.360533,0.349608
227.0,0.305907,0.863094,0.622738,0.338682,0.906795,0.644589,0.568112,0.360533,0.349608
228.0,0.284056,0.852168,0.666439,0.316832,0.884944,0.655514,0.600888,0.349608,0.327757
229.0,0.284056,0.852168,0.666439,0.316832,0.884944,0.655514,0.600888,0.349608,0.327757
230.0,0.262206,0.830318,0.666439,0.294981,0.874019,0.644589,0.622738,0.327757,0.305907
231.0,0.262206,0.830318,0.666439,0.294981,0.874019,0.644589,0.622738,0.327757,0.305907
232.0,0.240355,0.808468,0.699215,0.273131,0.863094,0.677365,0.633664,0.305907,0.284056
233.0,0.240355,0.808468,0.699215,0.273131,0.863094,0.677365,0.633664,0.305907,0.284056
234.0,0.22943,0.786617,0.68829,0.25128,0.852168,0.666439,0.655514,0.294981,0.262206
235.0,0.22943,0.786617,0.68829,0.25128,0.852168,0.666439,0.655514,0.294981,0.262206
236.0,0.218505,0.775692,0.677365,0.22943,0.841243,0.666439,0.699215,0.284056,0.240355
237.0,0.218505,0.775692,0.677365,0.22943,0.841243,0.666439,0.699215,0.284056,0.240355
238.0,0.196654,0.764767,0.568112,0.218505,0.830318,0.633664,0.721066,0.262206,0.22943
239.0,0.196654,0.764767,0.568112,0.218505,0.830318,0.633664,0.721066,0.262206,0.22943
240.0,0.185729,0.753841,0.633664,0.196654,0.808468,0.644589,0.753841,0.240355,0.218505
241.0,0.185729,0.753841,0.633664,0.196654,0.808468,0.644589,0.753841,0.240355,0.218505
242.0,0.174804,0.742916,0.666439,0.185729,0.786617,0.655514,0.786617,0.22943,0.207579
243.0,0.174804,0.742916,0.666439,0.185729,0.786617,0.655514,0.786617,0.22943,0.207579
244.0,0.163879,0.731991,0.699215,0.174804,0.775692,0.644589,0.742916,0.218505,0.196654
245.0,0.163879,0.731991,0.699215,0.174804,0.775692,0.644589,0.742916,0.218505,0.196654
246.0,0.152953,0.71014,0.71014,0.163879,0.764767,0.655514,0.622738,0.218505,0.185729
247.0,0.152953,0.71014,0.71014,0.163879,0.764767,0.655514,0.622738,0.218505,0.185729
248.0,0.152953,0.699215,0.721066,0.152953,0.753841,0.655514,0.655514,0.207579,0.185729
249.0,0.152953,0.699215,0.721066,0.152953,0.753841,0.655514,0.655514,0.207579,0.185729
250.0,0.142028,0.677365,0.742916,0.142028,0.731991,0.655514,0.721066,0.196654,0.174804
251.0,0.142028,0.677365,0.742916,0.142028,0.731991,0.655514,0.721066,0.196654,0.174804
252.0,0.131103,0.655514,0.742916,0.131103,0.721066,0.644589,0.677365,0.185729,0.163879
253.0,0.131103,0.655514,0.742916,0.131103,0.721066,0.644589,0.677365,0.185729,0.163879
254.0,0.120178,0.644589,0.742916,0.120178,0.71014,0.644589,0.71014,0.185729,0.163879
255.0,0.120178,0.644589,0.742916,0.120178,0.71014,0.644589,0.71014,0.185729,0.163879
256.0,0.120178,0.633664,0.742916,0.120178,0.699215,0.655514,0.764767,0.185729,0.152953
257.0,0.120178,0.633664,0.742916,0.120178,0.699215,0.655514,0.764767,0.185729,0.152953
258.0,0.120178,0.622738,0.742916,0.120178,0.677365,0.644589,0.764767,0.174804,0.131103
259.0,0.120178,0.622738,0.742916,0.120178,0.677365,0.644589,0.764767,0.174804,0.131103
260.0,0.109252,0.600888,0.753841,0.120178,0.655514,0.644589,0.764767,0.163879,0.120178
261.0,0.109252,0.600888,0.753841,0.120178,0.655514,0.644589,0.764767,0.163879,0.120178
262.0,0.109252,0.589963,0.742916,0.109252,0.644589,0.655514,0.764767,0.163879,0.120178
263.0,0.109252,0.589963,0.742916,0.109252,0.644589,0.655514,0.764767,0.163879,0.120178
264.0,0.109252,0.579038,0.764767,0.109252,0.633664,0.677365,0.786617,0.152953,0.120178
265.0,0.109252,0.579038,0.764767,0.109252,0.633664,0.677365,0.786617,0.152953,0.120178
266.0,0.098327,0.568112,0.775692,0.098327,0.622738,0.655514,0.830318,0.152953,0.120178
267.0,0.098327,0.568112,0.775692,0.098327,0.622738,0.655514,0.830318,0.152953,0.120178
268.0,0.087402,0.557187,0.764767,0.087402,0.600888,0.644589,0.797542,0.142028,0.109252
269.0,0.087402,0.557187,0.764767,0.087402,0.600888,0.644589,0.797542,0.142028,0.109252
270.0,0.087402,0.535337,0.764767,0.087402,0.589963,0.655514,0.808468,0.131103,0.109252
271.0,0.087402,0.535337,0.764767,0.087402,0.589963,0.655514,0.808468,0.131103,0.109252
272.0,0.087402,0.524411,0.764767,0.087402,0.579038,0.644589,0.808468,0.131103,0.109252
273.0,0.087402,0.524411,0.764767,0.087402,0.579038,0.644589,0.808468,0.131103,0.109252
274.0,0.087402,0.513486,0.775692,0.087402,0.568112,0.655514,0.786617,0.131103,0.109252
275.0,0.087402,0.513486,0.775692,0.087402,0.568112,0.655514,0.786617,0.131103,0.109252
276.0,0.076477,0.502561,0.764767,0.087402,0.557187,0.677365,0.830318,0.131103,0.109252
277.0,0.076477,0.502561,0.764767,0.087402,0.557187,0.677365,0.830318,0.131103,0.109252
278.0,0.076477,0.491636,0.764767,0.076477,0.535337,0.666439,0.830318,0.120178,0.098327
279.0,0.076477,0.491636,0.764767,0.076477,0.535337,0.666439,0.830318,0.120178,0.098327
280.0,0.076477,0.48071,0.786617,0.076477,0.524411,0.68829,0.797542,0.120178,0.087402
281.0,0.076477,0.48071,0.786617,0.076477,0.524411,0.68829,0.797542,0.120178,0.087402
282.0,0.076477,0.469785,0.775692,0.076477,0.513486,0.699215,0.786617,0.120178,0.087402
283.0,0.076477,0.469785,0.775692,0.076477,0.513486,0.699215,0.786617,0.120178,0.087402
284.0,0.076477,0.45886,0.764767,0.065551,0.502561,0.666439,0.775692,0.120178,0.087402
285.0,0.076477,0.45886,0.764767,0.065551,0.502561,0.666439,0.775692,0.120178,0.087402
286.0,0.065551,0.447935,0.786617,0.065551,0.491636,0.655514,0.841243,0.120178,0.087402
287.0,0.065551,0.447935,0.786617,0.065551,0.491636,0.655514,0.841243,0.120178,0.087402
288.0,0.065551,0.437009,0.786617,0.065551,0.48071,0.655514,0.830318,0.109252,0.087402
289.0,0.065551,0.437009,0.786617,0.065551,0.48071,0.655514,0.830318,0.109252,0.087402
290.0,0.065551,0.437009,0.797542,0.065551,0.469785,0.677365,0.797542,0.109252,0.076477
291.0,0.065551,0.437009,0.797542,0.065551,0.469785,0.677365,0.797542,0.109252,0.076477
292.0,0.065551,0.426084,0.786617,0.065551,0.45886,0.666439,0.841243,0.109252,0.076477
293.0,0.065551,0.426084,0.786617,0.065551,0.45886,0.666439,0.841243,0.109252,0.076477
294.0,0.065551,0.415159,0.786617,0.054626,0.447935,0.666439,0.830318,0.109252,0.076477
295.0,0.065551,0.415159,0.786617,0.054626,0.447935,0.666439,0.830318,0.109252,0.076477
296.0,0.065551,0.404234,0.775692,0.043701,0.437009,0.666439,0.852168,0.109252,0.087402
297.0,0.065551,0.404234,0.775692,0.043701,0.437009,0.666439,0.852168,0.109252,0.087402
298.0,0.065551,0.393309,0.786617,0.043701,0.426084,0.666439,0.863094,0.109252,0.076477
299.0,0.065551,0.393309,0.786617,0.043701,0.426084,0.666439,0.863094,0.109252,0.076477
300.0,0.054626,0.382383,0.786617,0.043701,0.415159,0.68829,0.884944,0.109252,0.076477
301.0,0.054626,0.382383,0.786617,0.043701,0.415159,0.68829,0.884944,0.109252,0.076477
302.0,0.043701,0.371458,0.753841,0.043701,0.404234,0.699215,0.852168,0.098327,0.076477
303.0,0.043701,0.371458,0.753841,0.043701,0.404234,0.699215,0.852168,0.098327,0.076477
304.0,0.043701,0.371458,0.753841,0.043701,0.393309,0.71014,0.863094,0.087402,0.065551
305.0,0.043701,0.371458,0.753841,0.043701,0.393309,0.71014,0.863094,0.087402,0.065551
306.0,0.043701,0.360533,0.753841,0.043701,0.382383,0.71014,0.874019,0.087402,0.065551
307.0,0.043701,0.360533,0.753841,0.043701,0.382383,0.71014,0.874019,0.087402,0.065551
308.0,0.043701,0.349608,0.753841,0.043701,0.371458,0.68829,0.874019,0.087402,0.076477
309.0,0.043701,0.349608,0.753841,0.043701,0.371458,0.68829,0.874019,0.087402,0.076477
310.0,0.043701,0.338682,0.764767,0.043701,0.360533,0.721066,0.874019,0.087402,0.065551
311.0,0.043701,0.338682,0.764767,0.043701,0.360533,0.721066,0.874019,0.087402,0.065551
312.0,0.043701,0.327757,0.764767,0.043701,0.349608,0.721066,0.852168,0.087402,0.065551
313.0,0.043701,0.327757,0.764767,0.043701,0.349608,0.721066,0.852168,0.087402,0.065551
314.0,0.043701,0.316832,0.764767,0.043701,0.338682,0.731991,0.863094,0.076477,0.054626
315.0,0.043701,0.316832,0.764767,0.043701,0.338682,0.731991,0.863094,0.076477,0.054626
316.0,0.043701,0.316832,0.764767,0.043701,0.327757,0.742916,0.841243,0.076477,0.054626
317.0,0.043701,0.316832,0.764767,0.043701,0.327757,0.742916,0.841243,0.076477,0.054626
318.0,0.043701,0.316832,0.786617,0.043701,0.316832,0.731991,0.830318,0.076477,0.043701
319.0,0.043701,0.316832,0.786617,0.043701,0.316832,0.731991,0.830318,0.076477,0.043701
320.0,0.043701,0.305907,0.786617,0.032776,0.316832,0.742916,0.852168,0.076477,0.043701
321.0,0.043701,0.305907,0.786617,0.032776,0.316832,0.742916,0.852168,0.076477,0.043701
322.0,0.043701,0.294981,0.786617,0.032776,0.305907,0.731991,0.884944,0.076477,0.043701
323.0,0.043701,0.294981,0.786617,0.032776,0.305907,0.731991,0.884944,0.076477,0.043701
324.0,0.043701,0.284056,0.786617,0.032776,0.294981,0.742916,0.895869,0.076477,0.043701
325.0,0.043701,0.284056,0.786617,0.032776,0.294981,0.742916,0.895869,0.076477,0.043701
326.0,0.032776,0.284056,0.786617,0.032776,0.284056,0.742916,0.884944,0.087402,0.043701
327.0,0.032776,0.284056,0.786617,0.032776,0.284056,0.742916,0.884944,0.087402,0.043701
328.0,0.032776,0.273131,0.786617,0.032776,0.284056,0.764767,0.852168,0.087402,0.043701
329.0,0.032776,0.273131,0.786617,0.032776,0.284056,0.764767,0.852168,0.087402,0.043701
330.0,0.032776,0.262206,0.786617,0.02185,0.273131,0.753841,0.808468,0.076477,0.043701
331.0,0.032776,0.262206,0.786617,0.02185,0.273131,0.753841,0.808468,0.076477,0.043701
332.0,0.032776,0.25128,0.797542,0.02185,0.262206,0.753841,0.863094,0.076477,0.043701
333.0,0.032776,0.25128,0.797542,0.02185,0.262206,0.753841,0.863094,0.076477,0.043701
334.0,0.032776,0.25128,0.786617,0.010925,0.25128,0.753841,0.928645,0.076477,0.043701
335.0,0.032776,0.25128,0.786617,0.010925,0.25128,0.753841,0.928645,0.076477,0.043701
336.0,0.02185,0.25128,0.797542,0.010925,0.25128,0.753841,0.895869,0.076477,0.043701
337.0,0.02185,0.25128,0.797542,0.010925,0.25128,0.753841,0.895869,0.076477,0.043701
338.0,0.010925,0.240355,0.819393,0.010925,0.240355,0.764767,0.884944,0.076477,0.043701
339.0,0.010925,0.240355,0.819393,0.010925,0.240355,0.764767,0.884944,0.076477,0.043701
340.0,0.010925,0.22943,0.797542,0.010925,0.22943,0.753841,0.852168,0.076477,0.043701
341.0,0.010925,0.22943,0.797542,0.010925,0.22943,0.753841,0.852168,0.076477,0.043701
342.0,0.010925,0.22943,0.797542,0.010925,0.22943,0.753841,0.863094,0.076477,0.043701
343.0,0.010925,0.22943,0.797542,0.010925,0.22943,0.753841,0.863094,0.076477,0.043701
344.0,0.010925,0.218505,0.786617,0.010925,0.218505,0.731991,0.841243,0.076477,0.043701
345.0,0.010925,0.218505,0.786617,0.010925,0.218505,0.731991,0.841243,0.076477,0.043701
346.0,0.010925,0.218505,0.786617,0.010925,0.218505,0.742916,0.863094,0.076477,0.043701
347.0,0.010925,0.218505,0.786617,0.010925,0.218505,0.742916,0.863094,0.076477,0.043701
348.0,0.010925,0.218505,0.764767,0.010925,0.207579,0.764767,0.884944,0.076477,0.043701
349.0,0.010925,0.218505,0.764767,0.010925,0.207579,0.764767,0.884944,0.076477,0.043701
350.0,0.010925,0.218505,0.753841,0.010925,0.196654,0.764767,0.895869,0.076477,0.043701
351.0,0.010925,0.218505,0.753841,0.010925,0.196654,0.764767,0.895869,0.076477,0.043701
352.0,0.010925,0.218505,0.742916,0.010925,0.196654,0.764767,0.906795,0.076477,0.043701
353.0,0.010925,0.218505,0.742916,0.010925,0.196654,0.764767,0.906795,0.076477,0.043701
354.0,0.010925,0.218505,0.742916,0.010925,0.196654,0.764767,0.906795,0.076477,0.043701
355.0,0.010925,0.218505,0.742916,0.010925,0.196654,0.764767,0.906795,0.076477,0.043701
356.0,0.010925,0.218505,0.742916,0.010925,0.196654,0.764767,0.906795,0.076477,0.043701
357.0,0.010925,0.218505,0.742916,0.010925,0.196654,0.764767,0.906795,0.076477,0.043701
358.0,0.010925,0.218505,0.742916,0.010925,0.196654,0.764767,0.906795,0.076477,0.043701
359.0,0.010925,0.218505,0.742916,0.010925,0.196654,0.764767,0.906795,0.076477,0.043701
360.0,0.010925,0.218505,0.742916,0.010925,0.196654,0.764767,0.906795,0.076477,0.043701
361.0,0.010925,0.218505,0.742916,0.010925,0.196654,0.764767,0.906795,0.076477,0.043701
362.0,0.010925,0.218505,0.742916,0.010925,0.196654,0.764767,0.906795,0.076477,0.043701
363.0,0.010925,0.218505,0.742916,0.010925,0.196654,0.764767,0.906795,0.076477,0.043701
364.0,0.010925,0.218505,0.742916,0.010925,0.196654,0.764767,0.906795,0.076477,0.043701
365.0,0.010925,0.218505,0.742916,0.010925,0.196654,0.764767,0.906795,0.076477,0.043701
366.0,0.010925,0.218505,0.742916,0.010925,0.196654,0.764767,0.906795,0.076477,0.043701
367.0,0.010925,0.218505,0.742916,0.010925,0.196654,0.764767,0.906795,0.076477,0.043701
368.0,0.010925,0.218505,0.742916,0.010925,0.196654,0.764767,0.906795,0.076477,0.043701
369.0,0.010925,0.218505,0.742916,0.010925,0.196654,0.764767,0.906795,0.076477,0.043701
370.0,0.010925,0.218505,0.742916,0.010925,0.196654,0.764767,0.906795,0.076477,0.043701
371.0,0.010925,0.218505,0.742916,0.010925,0.196654,0.764767,0.906795,0.076477,0.043701
372.0,0.010925,0.218505,0.742916,0.010925,0.196654,0.764767,0.906795,0.076477,0.043701
373.0,0.010925,0.218505,0.742916,0.010925,0.196654,0.764767,0.906795,0.076477,0.043701
374.0,0.010925,0.218505,0.742916,0.010925,0.196654,0.764767,0.906795,0.076477,0.043701
375.0,0.010925,0.218505,0.742916,0.010925,0.196654,0.764767,0.906795,0.076477,0.043701
376.0,0.010925,0.218505,0.742916,0.010925,0.196654,0.764767,0.906795,0.076477,0.043701
377.0,0.010925,0.218505,0.742916,0.010925,0.196654,0.764767,0.906795,0.076477,0.043701
378.0,0.010925,0.218505,0.742916,0.010925,0.196654,0.764767,0.906795,0.076477,0.043701
379.0,0.010925,0.218505,0.742916,0.010925,0.196654,0.764767,0.906795,0.076477,0.043701
380.0,0.010925,0.218505,0.742916,0.010925,0.196654,0.764767,0.906795,0.076477,0.043701
381.0,0.010925,0.218505,0.742916,0.010925,0.196654,0.764767,0.906795,0.076477,0.043701
382.0,0.010925,0.218505,0.742916,0.010925,0.196654,0.764767,0.906795,0.076477,0.043701
383.0,0.010925,0.218505,0.742916,0.010925,0.196654,0.764767,0.906795,0.076477,0.043701
384.0,0.010925,0.218505,0.742916,0.010925,0.196654,0.764767,0.906795,0.076477,0.043701
385.0,0.010925,0.218505,0.742916,0.010925,0.196654,0.764767,0.906795,0.076477,0.043701
386.0,0.010925,0.218505,0.742916,0.010925,0.196654,0.764767,0.906795,0.076477,0.043701
387.0,0.010925,0.218505,0.742916,0.010925,0.196654,0.764767,0.906795,0.076477,0.043701
388.0,0.010925,0.218505,0.742916,0.010925,0.196654,0.764767,0.906795,0.076477,0.043701
389.0,0.010925,0.218505,0.742916,0.010925,0.196654,0.764767,0.906795,0.076477,0.043701
390.0,0.010925,0.218505,0.742916,0.010925,0.196654,0.764767,0.906795,0.076477,0.043701
391.0,0.010925,0.218505,0.742916,0.010925,0.196654,0.764767,0.906795,0.076477,0.043701
392.0,0.010925,0.218505,0.742916,0.010925,0.196654,0.764767,0.906795,0.076477,0.043701
393.0,0.010925,0.218505,0.742916,0.010925,0.196654,0.764767,0.906795,0.076477,0.043701
394.0,0.010925,0.218505,0.742916,0.010925,0.196654,0.764767,0.906795,0.076477,0.043701
395.0,0.010925,0.218505,0.742916,0.010925,0.196654,0.764767,0.906795,0.076477,0.043701
396.0,0.010925,0.218505,0.742916,0.010925,0.196654,0.764767,0.906795,0.076477,0.043701
397.0,0.010925,0.218505,0.742916,0.010925,0.196654,0.764767,0.906795,0.076477,0.043701
398.0,0.010925,0.218505,0.742916,0.010925,0.196654,0.764767,0.906795,0.076477,0.043701
399.0,0.010925,0.218505,0.742916,0.010925,0.196654,0.764767,0.906795,0.076477,0.043701
400.0,0.010925,0.218505,0.742916,0.010925,0.196654,0.764767,0.906795,0.076477,0.043701
401.0,0.010925,0.218505,0.742916,0.010925,0.196654,0.764767,0.906795,0.076477,0.043701
402.0,0.010925,0.218505,0.742916,0.010925,0.196654,0.764767,0.906795,0.076477,0.043701
403.0,0.010925,0.218505,0.742916,0.010925,0.196654,0.764767,0.906795,0.076477,0.043701
404.0,0.010925,0.218505,0.742916,0.010925,0.196654,0.764767,0.906795,0.076477,0.043701
405.0,0.010925,0.218505,0.742916,0.010925,0.196654,0.764767,0.906795,0.076477,0.043701
406.0,0.010925,0.218505,0.742916,0.010925,0.196654,0.764767,0.906795,0.076477,0.043701
407.0,0.010925,0.218505,0.742916,0.010925,0.196654,0.764767,0.906795,0.076477,0.043701
408.0,0.010925,0.218505,0.742916,0.010925,0.196654,0.764767,0.906795,0.076477,0.043701
409.0,0.010925,0.218505,0.742916,0.010925,0.196654,0.764767,0.906795,0.076477,0.043701
410.0,0.010925,0.218505,0.742916,0.010925,0.196654,0.764767,0.906795,0.076477,0.043701
411.0,0.010925,0.218505,0.742916,0.010925,0.196654,0.764767,0.906795,0.076477,0.043701
412.0,0.010925,0.218505,0.742916,0.010925,0.196654,0.764767,0.906795,0.076477,0.043701
413.0,0.010925,0.218505,0.742916,0.010925,0.196654,0.764767,0.906795,0.076477,0.043701
414.0,0.010925,0.218505,0.742916,0.010925,0.196654,0.764767,0.906795,0.076477,0.043701
415.0,0.010925,0.218505,0.742916,0.010925,0.196654,0.764767,0.906795,0.076477,0.043701
416.0,0.010925,0.218505,0.742916,0.010925,0.196654,0.764767,0.906795,0.076477,0.043701
417.0,0.010925,0.218505,0.742916,0.010925,0.196654,0.764767,0.906795,0.076477,0.043701
418.0,0.010925,0.218505,0.742916,0.010925,0.196654,0.764767,0.906795,0.076477,0.043701
419.0,0.010925,0.218505,0.742916,0.010925,0.196654,0.764767,0.906795,0.076477,0.043701
420.0,0.010925,0.218505,0.742916,0.010925,0.196654,0.764767,0.906795,0.076477,0.043701
421.0,0.010925,0.218505,0.742916,0.010925,0.196654,0.764767,0.906795,0.076477,0.043701
422.0,0.010925,0.218505,0.742916,0.010925,0.196654,0.764767,0.906795,0.076477,0.043701
423.0,0.010925,0.218505,0.742916,0.010925,0.196654,0.764767,0.906795,0.076477,0.043701
424.0,0.010925,0.218505,0.742916,0.010925,0.196654,0.764767,0.906795,0.076477,0.043701
425.0,0.010925,0.218505,0.742916,0.010925,0.196654,0.764767,0.906795,0.076477,0.043701
426.0,0.010925,0.218505,0.742916,0.010925,0.196654,0.764767,0.906795,0.076477,0.043701
427.0,0.010925,0.218505,0.742916,0.010925,0.196654,0.764767,0.906795,0.076477,0.043701
428.0,0.010925,0.218505,0.742916,0.010925,0.196654,0.764767,0.906795,0.076477,0.043701
429.0,0.010925,0.218505,0.742916,0.010925,0.196654,0.764767,0.906795,0.076477,0.043701
430.0,0.010925,0.218505,0.742916,0.010925,0.196654,0.764767,0.906795,0.076477,0.043701
431.0,0.010925,0.218505,0.742916,0.010925,0.196654,0.764767,0.906795,0.076477,0.043701
432.0,0.010925,0.218505,0.742916,0.010925,0.196654,0.764767,0.906795,0.076477,0.043701
433.0,0.010925,0.218505,0.742916,0.010925,0.196654,0.764767,0.906795,0.076477,0.043701
434.0,0.010925,0.218505,0.742916,0.010925,0.196654,0.764767,0.906795,0.076477,0.043701
435.0,0.010925,0.218505,0.742916,0.010925,0.196654,0.764767,0.906795,0.076477,0.043701
436.0,0.010925,0.218505,0.742916,0.010925,0.196654,0.764767,0.906795,0.076477,0.043701
437.0,0.010925,0.218505,0.742916,0.010925,0.196654,0.764767,0.906795,0.076477,0.043701
438.0,0.010925,0.218505,0.742916,0.010925,0.196654,0.764767,0.906795,0.076477,0.043701
439.0,0.010925,0.218505,0.742916,0.010925,0.196654,0.764767,0.906795,0.076477,0.043701
440.0,0.010925,0.218505,0.742916,0.010925,0.196654,0.764767,0.906795,0.076477,0.043701
441.0,0.010925,0.218505,0.742916,0.010925,0.196654,0.764767,0.906795,0.076477,0.043701
442.0,0.010925,0.218505,0.742916,0.010925,0.196654,0.764767,0.906795,0.076477,0.043701
443.0,0.010925,0.218505,0.742916,0.010925,0.196654,0.764767,0.906795,0.076477,0.043701
444.0,0.010925,0.218505,0.742916,0.010925,0.196654,0.764767,0.906795,0.076477,0.043701
445.0,0.010925,0.218505,0.742916,0.010925,0.196654,0.764767,0.906795,0.076477,0.043701
446.0,0.010925,0.218505,0.742916,0.010925,0.196654,0.764767,0.906795,0.076477,0.043701
447.0,0.010925,0.218505,0.742916,0.010925,0.196654,0.764767,0.906795,0.076477,0.043701
448.0,0.010925,0.218505,0.742916,0.010925,0.196654,0.764767,0.906795,0.076477,0.043701
449.0,0.010925,0.218505,0.742916,0.010925,0.196654,0.764767,0.906795,0.076477,0.043701
450.0,0.010925,0.218505,0.742916,0.010925,0.196654,0.764767,0.906795,0.076477,0.043701
451.0,0.010925,0.218505,0.742916,0.010925,0.196654,0.764767,0.906795,0.076477,0.043701
452.0,0.010925,0.218505,0.742916,0.010925,0.196654,0.764767,0.906795,0.076477,0.043701
453.0,0.010925,0.218505,0.742916,0.010925,0.196654,0.764767,0.906795,0.076477,0.043701
454.0,0.010925,0.218505,0.742916,0.010925,0.196654,0.764767,0.906795,0.076477,0.043701
455.0,0.010925,0.218505,0.742916,0.010925,0.196654,0.764767,0.906795,0.076477,0.043701
456.0,0.010925,0.218505,0.742916,0.010925,0.196654,0.764767,0.906795,0.076477,0.043701
457.0,0.010925,0.218505,0.742916,0.010925,0.196654,0.764767,0.906795,0.076477,0.043701
458.0,0.010925,0.218505,0.742916,0.010925,0.196654,0.764767,0.906795,0.076477,0.043701
459.0,0.010925,0.218505,0.742916,0.010925,0.196654,0.764767,0.906795,0.076477,0.043701
460.0,0.010925,0.218505,0.742916,0.010925,0.196654,0.764767,0.906795,0.076477,0.043701
461.0,0.010925,0.218505,0.742916,0.010925,0.196654,0.764767,0.906795,0.076477,0.043701
462.0,0.010925,0.218505,0.742916,0.010925,0.196654,0.764767,0.906795,0.076477,0.043701
463.0,0.010925,0.218505,0.742916,0.010925,0.196654,0.764767,0.906795,0.076477,0.043701
464.0,0.010925,0.218505,0.742916,0.010925,0.196654,0.764767,0.906795,0.076477,0.043701
465.0,0.010925,0.218505,0.742916,0.010925,0.196654,0.764767,0.906795,0.076477,0.043701
466.0,0.010925,0.218505,0.742916,0.010925,0.196654,0.764767,0.906795,0.076477,0.043701
467.0,0.010925,0.218505,0.742916,0.010925,0.196654,0.764767,0.906795,0.076477,0.043701
468.0,0.010925,0.218505,0.742916,0.010925,0.196654,0.764767,0.906795,0.076477,0.043701
469.0,0.010925,0.218505,0.742916,0.010925,0.196654,0.764767,0.906795,0.076477,0.043701
470.0,0.010925,0.218505,0.742916,0.010925,0.196654,0.764767,0.906795,0.076477,0.043701
471.0,0.010925,0.218505,0.742916,0.010925,0.196654,0.764767,0.906795,0.076477,0.043701
472.0,0.010925,0.218505,0.742916,0.010925,0.196654,0.764767,0.906795,0.076477,0.043701
473.0,0.010925,0.218505,0.742916,0.010925,0.196654,0.764767,0.906795,0.076477,0.043701
474.0,0.010925,0.218505,0.742916,0.010925,0.196654,0.764767,0.906795,0.076477,0.043701
475.0,0.010925,0.218505,0.742916,0.010925,0.196654,0.764767,0.906795,0.076477,0.043701
476.0,0.010925,0.218505,0.742916,0.010925,0.196654,0.764767,0.906795,0.076477,0.043701
477.0,0.010925,0.218505,0.742916,0.010925,0.196654,0.764767,0.906795,0.076477,0.043701
478.0,0.010925,0.218505,0.742916,0.010925,0.196654,0.764767,0.906795,0.076477,0.043701
479.0,0.010925,0.218505,0.742916,0.010925,0.196654,0.764767,0.906795,0.076477,0.043701
480.0,0.010925,0.218505,0.742916,0.010925,0.196654,0.764767,0.906795,0.076477,0.043701
481.0,0.010925,0.218505,0.742916,0.010925,0.196654,0.764767,0.906795,0.076477,0.043701
482.0,0.010925,0.218505,0.742916,0.010925,0.196654,0.764767,0.906795,0.076477,0.043701
483.0,0.010925,0.218505,0.742916,0.010925,0.196654,0.764767,0.906795,0.076477,0.043701
484.0,0.010925,0.218505,0.742916,0.010925,0.196654,0.764767,0.906795,0.076477,0.043701
485.0,0.010925,0.218505,0.742916,0.010925,0.196654,0.764767,0.906795,0.076477,0.043701
486.0,0.010925,0.218505,0.742916,0.010925,0.196654,0.764767,0.906795,0.076477,0.043701
487.0,0.010925,0.218505,0.742916,0.010925,0.196654,0.764767,0.906795,0.076477,0.043701
488.0,0.010925,0.218505,0.742916,0.010925,0.196654,0.764767,0.906795,0.076477,0.043701
489.0,0.010925,0.218505,0.742916,0.010925,0.196654,0.764767,0.906795,0.076477,0.043701
490.0,0.010925,0.218505,0.742916,0.010925,0.196654,0.764767,0.906795,0.076477,0.043701
491.0,0.010925,0.218505,0.742916,0.010925,0.196654,0.764767,0.906795,0.076477,0.043701
492.0,0.010925,0.218505,0.742916,0.010925,0.196654,0.764767,0.906795,0.076477,0.043701
493.0,0.010925,0.218505,0.742916,0.010925,0.196654,0.764767,0.906795,0.076477,0.043701
494.0,0.010925,0.218505,0.742916,0.010925,0.196654,0.764767,0.906795,0.076477,0.043701
495.0,0.010925,0.218505,0.742916,0.010925,0.196654,0.764767,0.906795,0.076477,0.043701
496.0,0.010925,0.218505,0.742916,0.010925,0.196654,0.764767,0.906795,0.076477,0.043701
497.0,0.010925,0.218505,0.742916,0.010925,0.196654,0.764767,0.906795,0.076477,0.043701
498.0,0.010925,0.218505,0.742916,0.010925,0.196654,0.764767,0.906795,0.076477,0.043701
499.0,0.010925,0.218505,0.742916,0.010925,0.196654,0.764767,0.906795,0.076477,0.043701
500.0,0.010925,0.218505,0.742916,0.010925,0.196654,0.764767,0.906795,0.076477,0.043701
501.0,0.010925,0.218505,0.742916,0.010925,0.196654,0.764767,0.906795,0.076477,0.043701
502.0,0.010925,0.218505,0.742916,0.010925,0.196654,0.764767,0.906795,0.076477,0.043701
503.0,0.010925,0.218505,0.742916,0.010925,0.196654,0.764767,0.906795,0.076477,0.043701
504.0,0.010925,0.218505,0.742916,0.010925,0.196654,0.764767,0.906795,0.076477,0.043701
505.0,0.010925,0.218505,0.742916,0.010925,0.196654,0.764767,0.906795,0.076477,0.043701
506.0,0.010925,0.218505,0.742916,0.010925,0.196654,0.764767,0.906795,0.076477,0.043701
507.0,0.010925,0.218505,0.742916,0.010925,0.196654,0.764767,0.906795,0.076477,0.043701
508.0,0.010925,0.218505,0.742916,0.010925,0.196654,0.764767,0.906795,0.076477,0.043701
509.0,0.010925,0.218505,0.742916,0.010925,0.196654,0.764767,0.906795,0.076477,0.043701
510.0,0.010925,0.218505,0.742916,0.010925,0.196654,0.764767,0.906795,0.076477,0.043701
511.0,0.010925,0.218505,0.742916,0.010925,0.196654,0.764767,0.906795,0.076477,0.043701
