0.0,0.111037,-0.007467,0.550207,0.076004,0.032054,0.088383,0.443005,0.038971,0.014955
1.0,0.072722,0.051081,0.528123,0.124333,0.001229,0.037276,0.445388,0.072615,0.033081
2.0,0.116477,-0.038637,0.534203,0.118621,0.010701,0.082817,0.42874,0.007498,0.043436
3.0,0.106983,-0.006164,0.514699,0.13188,-0.021018,0.079781,0.465292,0.014376,0.073032
4.0,0.113958,-0.019409,0.582542,0.129977,0.01967,0.078267,0.444407,0.012616,0.065149
5.0,0.144752,-0.012604,0.554408,0.069675,0.038723,0.081841,0.432047,0.053764,-0.018118
6.0,0.111141,0.057702,0.512741,0.120295,0.025172,0.059429,0.461668,0.036663,0.068594
7.0,0.102103,0.006552,0.524207,0.112272,0.023247,0.066964,0.442292,0.042138,0.007768
8.0,0.108729,0.041378,0.537085,0.122657,-0.029079,0.072928,0.385517,0.079212,-0.004246
9.0,0.063356,-0.025153,0.558454,0.1181,0.005169,0.057789,0.416786,0.052356,0.007047
10.0,0.072803,-0.006425,0.500999,0.098741,-0.005567,0.074412,0.486904,0.047468,0.015759
11.0,0.099566,0.034807,0.507352,0.119844,0.005348,0.046742,0.47163,0.04812,0.001219
12.0,0.075677,0.007744,0.524874,0.10879,0.005007,0.062379,0.457014,0.04447,-0.013818
13.0,0.088303,0.029244,0.520802,0.065184,0.007833,0.093541,0.458475,0.049989,0.000751
14.0,0.067685,0.027489,0.495526,0.098665,-0.005152,0.030837,0.454533,0.042355,0.019746
15.0,0.074839,0.01612,0.499886,0.071892,0.000219,0.047786,0.448548,0.009278,-0.008322
16.0,0.047555,-0.000678,0.43388,0.090091,-0.013503,0.061201,0.41705,-0.009397,0.012081
17.0,0.03034,0.005266,0.414371,0.091334,-0.013461,0.03643,0.466784,0.039641,0.036157
18.0,0.023298,0.021154,0.415207,0.077652,0.007616,0.051047,0.420932,-0.021878,0.055682
19.0,0.047318,0.006177,0.424212,0.071607,0.024242,0.053411,0.421304,0.010417,-0.004906
20.0,0.011657,0.032231,0.398715,0.046638,0.008156,0.044967,0.438206,-0.01569,0.005235
21.0,0.023736,-0.008471,0.393029,0.056205,-0.020333,0.00637,0.47963,0.002232,0.012919
22.0,0.042416,0.019161,0.400342,0.012488,0.000258,-0.007595,0.449333,0.013877,0.024283
23.0,0.002372,0.040831,0.425765,0.045823,-0.010909,0.042759,0.430753,0.001206,0.007238
24.0,-0.022205,0.021624,0.44787,0.030089,0.013799,0.009684,0.428542,0.027682,0.027939
25.0,0.007579,0.048682,0.412954,0.030028,0.004918,0.00507,0.431335,0.01807,-0.003095
26.0,0.002895,0.016074,0.360449,0.012065,0.043735,0.054376,0.447139,0.00687,-0.017804
27.0,0.020895,0.01118,0.416822,-0.016087,0.00248,0.018623,0.385336,-0.02988,0.01346
28.0,0.006582,0.021622,0.32691,-0.000225,-0.007163,-0.027619,0.359741,-5.3e-05,0.004806
29.0,0.008129,0.051916,0.385401,0.038391,0.045001,-0.005497,0.401754,-0.030246,0.022146
30.0,-0.004483,0.065644,0.356283,0.022356,0.02748,0.017931,0.352993,0.000878,0.032158
31.0,0.008138,0.069247,0.405174,0.027407,0.00775,0.01377,0.390245,0.005551,0.003919
32.0,0.014363,0.084687,0.359406,0.037362,0.020466,0.058005,0.348505,0.018878,0.03902
33.0,0.001701,0.041023,0.31167,0.020221,0.038656,0.035879,0.345281,0.002976,0.011482
34.0,-0.01149,0.103571,0.345338,-0.000765,0.055648,0.009534,0.322658,-0.011746,0.019868
35.0,0.018503,0.071455,0.336997,-0.001144,0.058652,-0.027635,0.384966,0.029523,0.032641
36.0,0.025233,0.064174,0.327512,0.038213,0.047053,0.045498,0.348286,0.043061,0.029324
37.0,-0.001399,0.069333,0.288313,-0.014684,0.060871,0.03561,0.34528,0.045974,0.025385
38.0,0.040154,0.069371,0.293631,0.024124,0.087507,-0.006817,0.361224,0.021976,0.010957
39.0,0.015304,0.091179,0.308323,0.015969,0.056037,0.060794,0.332105,0.065707,0.029542
40.0,0.035451,0.094125,0.270269,0.029027,0.063124,0.051353,0.378907,0.083695,0.033854
41.0,0.09615,0.113639,0.239043,0.022079,0.055529,0.044148,0.341233,0.026246,0.026108
42.0,0.071347,0.113355,0.229027,0.031235,0.067009,0.076659,0.341154,0.040458,0.043268
43.0,0.048575,0.089791,0.281181,-0.000684,0.065719,0.092751,0.320667,0.097171,0.064482
44.0,0.060617,0.117209,0.211866,0.028847,0.081027,0.058571,0.308682,0.009259,0.052831
45.0,0.073411,0.129766,0.209839,0.03941,0.068087,0.070792,0.285173,0.070666,0.053144
46.0,0.102235,0.12488,0.209554,-0.018044,0.044504,0.07623,0.285526,0.056433,0.102114
47.0,0.058071,0.061354,0.225183,0.021727,0.063906,0.12875,0.336655,0.073897,0.061364
48.0,0.067082,0.142678,0.21405,-0.002631,0.086969,0.079022,0.295833,0.099772,0.115556
49.0,0.090253,0.140656,0.221195,0.04158,0.111501,0.088708,0.321103,0.110275,0.094312
50.0,0.074263,0.102713,0.213095,0.013925,0.128995,0.105393,0.283392,0.117504,0.11234
51.0,0.084061,0.138696,0.206344,0.033128,0.116865,0.06208,0.283137,0.137521,0.088464
52.0,0.08474,0.140224,0.219285,0.069219,0.102004,0.077512,0.275827,0.11642,0.137414
53.0,0.059474,0.180269,0.184135,0.041977,0.100984,0.066224,0.264581,0.164939,0.100947
54.0,0.03672,0.159868,0.177592,0.022001,0.11042,0.070933,0.205024,0.134207,0.154468
55.0,0.090994,0.16113,0.203621,0.015495,0.102953,0.066026,0.258461,0.120563,0.160456
56.0,0.068008,0.192399,0.197576,0.026357,0.128781,0.067532,0.260065,0.118026,0.214143
57.0,0.115752,0.210582,0.214502,0.056172,0.095642,0.054861,0.239371,0.060916,0.154013
58.0,0.074819,0.205796,0.172735,0.021136,0.165187,0.02864,0.228599,0.142044,0.142916
59.0,0.116027,0.176985,0.171395,0.057307,0.136917,0.0776,0.236199,0.150345,0.180048
60.0,0.120973,0.204123,0.158463,0.007486,0.146334,0.0809,0.219473,0.129085,0.172123
61.0,0.100119,0.208808,0.207075,0.064755,0.148759,0.066441,0.255877,0.176641,0.187854
62.0,0.110472,0.232897,0.16505,0.003718,0.148342,0.080226,0.181893,0.148622,0.191274
63.0,0.112085,0.20775,0.147844,0.04565,0.10947,0.120736,0.16629,0.154368,0.193808
64.0,0.106889,0.243941,0.130054,0.053842,0.168106,0.05245,0.195572,0.177674,0.182535
65.0,0.112417,0.216768,0.118062,0.081293,0.19479,0.098686,0.198271,0.15804,0.212605
66.0,0.132929,0.249581,0.108964,0.085406,0.170751,0.070687,0.179067,0.190351,0.228312
67.0,0.12204,0.233746,0.150178,0.096989,0.180029,0.095437,0.150598,0.197566,0.200795
68.0,0.155425,0.238025,0.102664,0.056038,0.23319,0.105771,0.175688,0.24439,0.191949
69.0,0.091212,0.215282,0.118402,0.0487,0.175164,0.089846,0.135878,0.212267,0.232222
70.0,0.12155,0.218597,0.146824,0.056192,0.220344,0.127479,0.1546,0.238159,0.243366
71.0,0.170709,0.239461,0.08613,0.011023,0.215664,0.1059,0.163485,0.27083,0.189953
72.0,0.1239,0.284338,0.124874,0.024475,0.193474,0.127447,0.175415,0.240995,0.277578
73.0,0.143214,0.247349,0.115388,0.065555,0.233166,0.079319,0.154876,0.277206,0.255672
74.0,0.169743,0.277076,0.143993,0.110598,0.229218,0.092871,0.15461,0.280842,0.233492
75.0,0.157034,0.272443,0.090915,0.09851,0.249011,0.080559,0.155274,0.299911,0.302691
76.0,0.186716,0.258636,0.093998,0.088968,0.229842,0.077772,0.129864,0.314714,0.288948
77.0,0.201325,0.267578,0.092946,0.08787,0.21049,0.073038,0.170765,0.290936,0.310323
78.0,0.163143,0.278213,0.118779,0.088405,0.26147,0.082284,0.095704,0.370915,0.284402
79.0,0.179601,0.288592,0.134692,0.10623,0.231003,0.098453,0.087327,0.287529,0.260466
80.0,0.206454,0.288168,0.051522,0.118992,0.255758,0.096412,0.140983,0.342496,0.300568
81.0,0.178663,0.295242,0.055496,0.134146,0.254363,0.106632,0.122479,0.327649,0.296776
82.0,0.203394,0.348015,0.10165,0.127872,0.267347,0.110934,0.113138,0.318471,0.341195
83.0,0.22183,0.311887,0.082167,0.105357,0.270631,0.091705,0.143778,0.328871,0.315991
84.0,0.208154,0.320006,0.09602,0.118492,0.239876,0.109804,0.104399,0.34727,0.330681
85.0,0.197119,0.325748,0.114919,0.094935,0.299587,0.085246,0.149542,0.34073,0.34175
86.0,0.22083,0.343744,0.0612,0.146041,0.310991,0.073107,0.112383,0.376558,0.328219
87.0,0.228571,0.355785,0.054877,0.107123,0.297787,0.074469,0.080971,0.412804,0.328501
88.0,0.182334,0.376038,0.114041,0.133379,0.299127,0.045125,0.109943,0.394607,0.360615
89.0,0.191955,0.340005,0.07608,0.116926,0.314477,0.066438,0.108862,0.406195,0.353762
90.0,0.231837,0.366078,0.031098,0.104149,0.318022,0.080599,0.127926,0.424998,0.369534
91.0,0.240482,0.37628,0.090388,0.146542,0.33121,0.05002,0.159862,0.407637,0.336353
92.0,0.247263,0.415209,0.064503,0.101641,0.351372,0.082204,0.142321,0.433053,0.402623
93.0,0.214703,0.388812,0.038595,0.105749,0.319544,0.038955,0.101236,0.438228,0.395346
94.0,0.251696,0.380842,0.05889,0.165726,0.326657,0.107071,0.047412,0.457756,0.413987
95.0,0.243542,0.363225,0.035217,0.162627,0.320092,0.075656,0.103257,0.433258,0.392775
96.0,0.212563,0.408228,0.034113,0.109831,0.343055,0.121565,0.16813,0.460899,0.412943
97.0,0.247205,0.421702,0.031017,0.177354,0.323213,0.086443,0.116143,0.396894,0.386593
98.0,0.265669,0.408037,0.024444,0.168598,0.365327,0.09655,0.14549,0.442244,0.419188
99.0,0.253823,0.470158,0.027146,0.187817,0.384645,0.083805,0.131284,0.445864,0.440583
100.0,0.27984,0.422137,0.104295,0.165799,0.36537,0.071643,0.129211,0.463219,0.441421
101.0,0.248396,0.42264,0.051525,0.15656,0.381499,0.101715,0.100861,0.484423,0.440594
102.0,0.310162,0.448615,0.103076,0.185889,0.397121,0.077198,0.122014,0.457803,0.43082
103.0,0.315905,0.431911,0.050151,0.185939,0.402886,0.127283,0.123027,0.464827,0.431261
104.0,0.31061,0.46021,0.069069,0.203112,0.440321,0.085699,0.100906,0.444885,0.468158
105.0,0.284931,0.416886,0.08116,0.157754,0.41079,0.057391,0.059945,0.46273,0.45816
106.0,0.308286,0.5138,0.055328,0.20078,0.416429,0.096327,0.09319,0.46078,0.451071
107.0,0.321111,0.457721,0.096387,0.185529,0.400096,0.089693,0.126966,0.482405,0.484312
108.0,0.30462,0.469941,0.032848,0.191125,0.461005,0.109271,0.078058,0.469696,0.475873
109.0,0.312987,0.465476,0.096211,0.224367,0.447811,0.127329,0.054167,0.50233,0.505073
110.0,0.331399,0.441436,0.107061,0.18424,0.459217,0.113716,0.114481,0.485193,0.44815
111.0,0.329673,0.507926,0.075191,0.223583,0.440152,0.127743,0.11894,0.544665,0.487745
112.0,0.327253,0.488294,0.047028,0.191301,0.41569,0.111264,0.110232,0.521524,0.490641
113.0,0.330643,0.521835,0.067379,0.216025,0.486101,0.088402,0.147702,0.553713,0.479181
114.0,0.303687,0.498797,0.041324,0.231538,0.44759,0.138977,0.102406,0.535983,0.527695
115.0,0.330458,0.482366,0.076861,0.187829,0.469563,0.126193,0.081943,0.539477,0.53051
116.0,0.329091,0.510563,0.07175,0.245838,0.475114,0.101599,0.173632,0.590769,0.52758
117.0,0.293729,0.548254,0.058435,0.240982,0.480918,0.126527,0.173826,0.577491,0.554566
118.0,0.323881,0.504579,0.079697,0.253711,0.502589,0.086289,0.165146,0.581943,0.528469
119.0,0.360181,0.531059,0.045107,0.242873,0.530603,0.119603,0.184872,0.550663,0.522175
120.0,0.364735,0.56442,0.055035,0.230434,0.528319,0.122152,0.086983,0.572623,0.566228
121.0,0.354598,0.542067,0.096305,0.260184,0.50907,0.09784,0.143418,0.600623,0.563881
122.0,0.32373,0.557558,0.073375,0.24724,0.535133,0.096091,0.099682,0.598757,0.536469
123.0,0.367921,0.554809,0.078347,0.251669,0.528258,0.128422,0.087007,0.581768,0.570164
124.0,0.383636,0.584745,0.081976,0.300008,0.540835,0.191664,0.145672,0.603959,0.607945
125.0,0.398431,0.542347,0.070529,0.297334,0.555646,0.14617,0.13677,0.576918,0.553809
126.0,0.36897,0.586754,0.088069,0.270769,0.55003,0.162947,0.11397,0.635685,0.575593
127.0,0.389223,0.572019,0.103338,0.286106,0.579363,0.182886,0.149877,0.635112,0.568166
128.0,0.36815,0.566098,0.107215,0.322942,0.547104,0.180739,0.146702,0.6064,0.564745
129.0,0.414171,0.593194,0.085879,0.340109,0.577513,0.164563,0.161177,0.604301,0.579862
130.0,0.383512,0.586535,0.08162,0.298983,0.563424,0.189478,0.163324,0.667239,0.607509
131.0,0.395089,0.628994,0.11689,0.283727,0.554037,0.18543,0.168832,0.650499,0.59828
132.0,0.409932,0.670825,0.102157,0.293727,0.575479,0.203815,0.153831,0.662572,0.584145
133.0,0.440446,0.5873,0.095704,0.29599,0.567901,0.182687,0.159617,0.638223,0.613933
134.0,0.370291,0.632148,0.141624,0.317387,0.560881,0.193634,0.150607,0.65005,0.610522
135.0,0.377942,0.617484,0.144324,0.326744,0.632131,0.168294,0.145975,0.66438,0.588312
136.0,0.414785,0.634889,0.115777,0.301386,0.567155,0.189261,0.180644,0.657197,0.624137
137.0,0.399028,0.662983,0.089731,0.30351,0.614481,0.171157,0.184413,0.664641,0.639701
138.0,0.430857,0.625123,0.163237,0.351419,0.669659,0.2197,0.184108,0.691549,0.653616
139.0,0.443464,0.660064,0.144682,0.29998,0.631362,0.202248,0.172084,0.702829,0.641947
140.0,0.475699,0.669481,0.133596,0.331626,0.639883,0.199959,0.204701,0.715516,0.659692
141.0,0.442685,0.700514,0.189588,0.326082,0.620556,0.187846,0.163197,0.663462,0.670435
142.0,0.452807,0.679222,0.174505,0.35337,0.674228,0.200285,0.171113,0.659686,0.68241
143.0,0.436094,0.672922,0.147864,0.345989,0.665343,0.23379,0.223931,0.695224,0.687446
144.0,0.445888,0.684428,0.137522,0.382942,0.651958,0.240805,0.246114,0.738223,0.67548
145.0,0.436342,0.668286,0.161524,0.373012,0.675423,0.266945,0.22913,0.713521,0.691207
146.0,0.484606,0.678896,0.13998,0.380133,0.656902,0.222012,0.29471,0.712233,0.688526
147.0,0.460342,0.725853,0.178805,0.38289,0.703821,0.212902,0.261374,0.738005,0.673353
148.0,0.468002,0.708166,0.152516,0.360251,0.694929,0.253454,0.309867,0.693204,0.73004
149.0,0.501339,0.692084,0.152171,0.365739,0.703374,0.231258,0.206731,0.717768,0.691269
150.0,0.457348,0.750884,0.138954,0.355933,0.664185,0.266417,0.334538,0.713897,0.745248
151.0,0.506307,0.687144,0.174908,0.384856,0.696768,0.292339,0.291742,0.759821,0.715007
152.0,0.445533,0.766392,0.184203,0.416076,0.751656,0.304525,0.337133,0.748014,0.739027
153.0,0.479756,0.722975,0.149268,0.400854,0.684752,0.30737,0.312622,0.736294,0.714163
154.0,0.519292,0.770389,0.195136,0.421992,0.719643,0.255821,0.34839,0.749627,0.74335
155.0,0.486436,0.73745,0.169723,0.41333,0.699488,0.302239,0.339909,0.761331,0.756621
156.0,0.497711,0.771659,0.207655,0.435889,0.714488,0.282764,0.306826,0.754665,0.735399
157.0,0.508502,0.73906,0.174765,0.41665,0.75997,0.259487,0.355356,0.769916,0.762928
158.0,0.525828,0.739876,0.197315,0.435231,0.699011,0.342082,0.310811,0.766614,0.725125
159.0,0.518795,0.737454,0.196684,0.397591,0.738604,0.289155,0.333546,0.752167,0.741288
160.0,0.523637,0.777569,0.219657,0.40302,0.702467,0.306416,0.365491,0.783387,0.79426
161.0,0.530131,0.766978,0.202958,0.414743,0.759238,0.308423,0.356708,0.795146,0.771028
162.0,0.520635,0.788872,0.179103,0.415352,0.755399,0.366691,0.306468,0.826797,0.765414
163.0,0.564312,0.793899,0.250095,0.43781,0.74875,0.339361,0.341544,0.809582,0.798463
164.0,0.570707,0.78572,0.208252,0.436337,0.740538,0.372601,0.353775,0.834749,0.78658
165.0,0.575359,0.793791,0.204685,0.455619,0.755643,0.379774,0.375621,0.814789,0.773049
166.0,0.569016,0.800035,0.193182,0.424612,0.800156,0.367248,0.399852,0.817413,0.741125
167.0,0.59189,0.791953,0.214906,0.453804,0.790007,0.314945,0.394735,0.816035,0.824149
168.0,0.570088,0.819205,0.243724,0.475492,0.846337,0.406988,0.420102,0.829487,0.756466
169.0,0.562886,0.805684,0.263561,0.475331,0.806834,0.448375,0.402277,0.838067,0.791163
170.0,0.592225,0.833342,0.235761,0.478953,0.803147,0.368504,0.399131,0.840205,0.836423
171.0,0.572182,0.832676,0.24478,0.447032,0.791171,0.460843,0.354799,0.868784,0.79539
172.0,0.615217,0.835972,0.233798,0.473369,0.832847,0.474764,0.383294,0.853485,0.799305
173.0,0.619817,0.852324,0.227337,0.506634,0.808581,0.427464,0.37474,0.858276,0.820616
174.0,0.580409,0.836887,0.264949,0.525933,0.83265,0.415735,0.459295,0.842227,0.840916
175.0,0.577229,0.848537,0.283228,0.525479,0.829392,0.399041,0.43031,0.862163,0.795484
176.0,0.590404,0.873552,0.268522,0.480458,0.865961,0.414522,0.44426,0.861764,0.83914
177.0,0.611946,0.850326,0.285344,0.519525,0.840308,0.413999,0.416457,0.88783,0.845848
178.0,0.648254,0.887677,0.27065,0.490088,0.904754,0.479034,0.445519,0.891535,0.902981
179.0,0.628041,0.90179,0.29658,0.551977,0.868284,0.453046,0.486049,0.875025,0.845108
180.0,0.632611,0.926125,0.297701,0.500935,0.844592,0.451098,0.452545,0.869887,0.831145
181.0,0.627934,0.916245,0.323005,0.539748,0.820854,0.475106,0.453519,0.899346,0.88269
182.0,0.612464,0.921933,0.333609,0.520744,0.896502,0.504021,0.464779,0.864635,0.803693
183.0,0.625385,0.899093,0.321522,0.582905,0.91927,0.489557,0.478394,0.905817,0.864634
184.0,0.646835,0.901798,0.341628,0.532377,0.867964,0.477573,0.477245,0.888918,0.864103
185.0,0.684718,0.903839,0.316563,0.562218,0.883077,0.479386,0.500372,0.892464,0.842187
186.0,0.608889,0.888541,0.348439,0.555153,0.923001,0.506199,0.492223,0.882917,0.898604
187.0,0.644378,0.959792,0.315466,0.584109,0.9308,0.487386,0.48475,0.89856,0.809822
188.0,0.658861,0.935457,0.355505,0.581575,0.920721,0.511096,0.498505,0.920647,0.884698
189.0,0.626193,0.919969,0.365592,0.585056,0.89524,0.481347,0.517874,0.935778,0.910141
190.0,0.655128,0.963546,0.374597,0.568841,0.940991,0.596007,0.552941,0.955319,0.936777
191.0,0.670736,0.949212,0.397253,0.607316,0.907541,0.572239,0.559543,0.948202,0.917592
192.0,0.683043,0.946811,0.42958,0.590824,0.921638,0.562688,0.596898,0.933854,0.907905
193.0,0.656602,0.956108,0.429232,0.542517,0.963002,0.51819,0.558255,0.97241,0.918715
194.0,0.705944,0.920635,0.437089,0.592275,0.97089,0.550842,0.610135,0.964218,0.922676
195.0,0.673982,0.967239,0.44928,0.58506,0.938835,0.565467,0.634054,0.927824,0.931932
196.0,0.73639,0.94405,0.390073,0.613489,0.974637,0.600965,0.591816,0.957736,0.937198
197.0,0.700082,0.97743,0.39866,0.635191,0.967809,0.567139,0.630873,0.939291,0.921253
198.0,0.679041,0.96363,0.43359,0.609395,0.961276,0.575656,0.610003,0.946116,0.915285
199.0,0.697826,1.002618,0.436567,0.608433,1.001003,0.611665,0.658873,0.951048,0.954248
200.0,0.723911,0.984831,0.408859,0.632979,1.019908,0.622809,0.696521,0.976746,0.969176
201.0,0.729106,0.965957,0.418443,0.678223,0.929567,0.627618,0.66018,0.974316,0.950743
202.0,0.762375,0.956543,0.455602,0.690705,0.99149,0.67739,0.662645,0.950677,0.953921
203.0,0.768211,0.981814,0.471354,0.678056,0.965053,0.659724,0.668401,0.955434,0.988399
204.0,0.852019,0.943343,0.564929,0.78326,1.007688,0.736768,0.756503,1.009089,0.973979
205.0,0.871518,0.926807,0.558144,0.790534,0.976028,0.723179,0.713531,0.975358,0.989122
206.0,0.932065,0.900803,0.625028,0.792162,0.967558,0.768963,0.771765,0.977286,0.950654
207.0,0.94488,0.856422,0.634175,0.858303,0.940623,0.797514,0.823659,0.989584,0.951425
208.0,0.932173,0.827652,0.703037,0.929921,0.911499,0.870995,0.805069,0.918445,0.921519
209.0,0.966276,0.804461,0.710608,0.946219,0.924505,0.866378,0.860924,0.925339,0.891058
210.0,0.930329,0.730691,0.73354,0.936474,0.900822,0.929504,0.792819,0.859122,0.86172
211.0,0.933427,0.737942,0.741164,0.990597,0.917415,0.921743,0.811748,0.87176,0.833046
212.0,0.965437,0.761473,0.721419,0.970228,0.817611,0.926295,0.875747,0.812288,0.749591
213.0,0.908669,0.750262,0.745912,0.956042,0.831355,0.966607,0.844536,0.840814,0.823306
214.0,0.88139,0.704172,0.814802,0.943216,0.758134,0.948176,0.915831,0.741921,0.754459
215.0,0.923805,0.682696,0.834454,0.953232,0.799948,0.945771,0.887461,0.752404,0.7409
216.0,0.841823,0.677718,0.846561,0.920346,0.76323,0.913217,0.906905,0.696214,0.688276
217.0,0.870975,0.665658,0.853195,0.912392,0.764498,0.969582,0.871776,0.717664,0.680446
218.0,0.82661,0.663669,0.873904,0.869999,0.761793,0.983926,0.912693,0.69665,0.624587
219.0,0.804269,0.68286,0.88007,0.866811,0.715465,0.968985,0.947524,0.644865,0.637707
220.0,0.767835,0.680286,0.888051,0.846698,0.718759,0.932799,0.898722,0.617328,0.603603
221.0,0.780134,0.676926,0.856174,0.849978,0.717201,0.914533,0.930084,0.594287,0.617871
222.0,0.720818,0.643921,0.886603,0.803408,0.687115,0.93374,0.967807,0.598771,0.56787
223.0,0.740221,0.637461,0.928442,0.793995,0.650774,0.938892,0.967466,0.636777,0.560089
224.0,0.700621,0.590794,0.940202,0.744809,0.634414,0.863481,0.93098,0.568081,0.544501
225.0,0.68215,0.601379,0.923946,0.760711,0.69646,0.91134,0.94247,0.558202,0.532362
226.0,0.638865,0.579044,1.003083,0.706547,0.636602,0.813536,0.902098,0.536874,0.498889
227.0,0.652544,0.602976,0.98185,0.755877,0.651486,0.856423,0.928598,0.528573,0.498383
228.0,0.608472,0.524835,0.937571,0.639502,0.641903,0.800916,0.936793,0.490703,0.494614
229.0,0.625983,0.522615,0.978508,0.668189,0.636336,0.849953,0.925869,0.534097,0.47919
230.0,0.610673,0.567325,0.898003,0.645893,0.62255,0.793836,0.924055,0.475102,0.454899
231.0,0.602507,0.545896,0.918196,0.648534,0.62321,0.830397,0.91045,0.48318,0.509317
232.0,0.539584,0.530656,0.898006,0.632335,0.581712,0.841277,0.96094,0.465284,0.438367
233.0,0.564721,0.52833,0.929118,0.634156,0.585708,0.810738,0.890186,0.4515,0.449296
234.0,0.530858,0.490924,0.946418,0.554959,0.545032,0.752192,0.941814,0.454492,0.434484
235.0,0.514668,0.498907,0.874118,0.60691,0.570435,0.744546,0.934523,0.453906,0.400309
236.0,0.51074,0.512785,0.912361,0.531494,0.568488,0.693892,0.931654,0.412062,0.389766
237.0,0.523991,0.492456,0.933761,0.550284,0.571934,0.734057,0.948474,0.418832,0.412489
238.0,0.480553,0.452593,0.959355,0.548164,0.539743,0.759087,0.937162,0.433702,0.376816
239.0,0.484479,0.515756,0.92188,0.571385,0.528962,0.687774,0.912077,0.390144,0.359037
240.0,0.495486,0.46487,0.925902,0.47169,0.534119,0.701521,0.912341,0.395384,0.344333
241.0,0.453866,0.482245,0.9485,0.504526,0.52396,0.700673,0.92048,0.398031,0.313642
242.0,0.448262,0.452135,0.899202,0.481541,0.544026,0.680016,0.888452,0.399965,0.325016
243.0,0.426974,0.460181,0.912022,0.509683,0.525731,0.634787,0.874763,0.363304,0.349874
244.0,0.415176,0.41086,0.904022,0.459117,0.491146,0.661532,0.905561,0.364555,0.344924
245.0,0.431463,0.425898,0.894455,0.474356,0.495753,0.665752,0.906331,0.325768,0.310382
246.0,0.404499,0.445295,0.868225,0.433113,0.436224,0.615955,0.877911,0.32104,0.326675
247.0,0.41964,0.410766,0.856168,0.469713,0.471399,0.637116,0.847065,0.320059,0.336455
248.0,0.381075,0.380578,0.916397,0.405459,0.468119,0.581234,0.857243,0.324257,0.304937
249.0,0.352559,0.389942,0.88333,0.408833,0.44304,0.585343,0.862554,0.33367,0.280394
250.0,0.403257,0.392405,0.855274,0.421538,0.444599,0.619223,0.879595,0.325793,0.314347
251.0,0.38542,0.366961,0.866925,0.382228,0.486141,0.603924,0.876909,0.362823,0.308665
252.0,0.348817,0.369776,0.855178,0.406599,0.448784,0.571662,0.85512,0.344459,0.328617
253.0,0.381074,0.419031,0.89881,0.409638,0.446854,0.578378,0.872177,0.245414,0.267033
254.0,0.354192,0.400322,0.838088,0.352619,0.45073,0.599553,0.880032,0.31979,0.294661
255.0,0.317722,0.371776,0.842848,0.379512,0.418804,0.543236,0.837437,0.29445,0.31337
256.0,0.334076,0.346783,0.822905,0.373481,0.440147,0.572441,0.881415,0.32118,0.312592
257.0,0.349662,0.351124,0.86928,0.360631,0.416734,0.523177,0.862549,0.315018,0.269238
258.0,0.333576,0.365722,0.871794,0.360669,0.40326,0.535303,0.816072,0.264341,0.264016
259.0,0.306467,0.361832,0.844342,0.334149,0.405718,0.514339,0.83274,0.274064,0.267449
260.0,0.363426,0.356141,0.866941,0.34731,0.379742,0.494031,0.823897,0.258194,0.248437
261.0,0.352169,0.40683,0.877161,0.336764,0.38858,0.473354,0.835311,0.263057,0.240724
262.0,0.305725,0.317688,0.841403,0.30411,0.380595,0.489055,0.84034,0.25919,0.273048
263.0,0.339825,0.32497,0.860493,0.335886,0.369565,0.518113,0.845659,0.292416,0.260451
264.0,0.272561,0.281717,0.82202,0.33672,0.357394,0.483913,0.851994,0.269423,0.250189
265.0,0.247879,0.314548,0.805612,0.336866,0.376051,0.490977,0.841806,0.269691,0.212225
266.0,0.318224,0.297334,0.792873,0.314583,0.326614,0.433802,0.840978,0.214827,0.228283
267.0,0.292172,0.305463,0.840858,0.336082,0.372593,0.472037,0.895344,0.273188,0.236763
268.0,0.299265,0.294869,0.812182,0.311018,0.340782,0.452626,0.811374,0.293797,0.220153
269.0,0.282448,0.293531,0.793877,0.304333,0.329958,0.491027,0.792943,0.271012,0.22648
270.0,0.288302,0.332825,0.789671,0.30601,0.323338,0.46444,0.797772,0.22518,0.200209
271.0,0.286727,0.301124,0.807279,0.305065,0.323205,0.436659,0.816841,0.249944,0.209017
272.0,0.310444,0.265652,0.788566,0.266801,0.291614,0.412373,0.818244,0.237945,0.224222
273.0,0.276235,0.25613,0.784858,0.311299,0.31339,0.393799,0.822441,0.241966,0.156515
274.0,0.266799,0.243453,0.831592,0.314331,0.304993,0.393553,0.781672,0.217854,0.203359
275.0,0.282764,0.284633,0.785832,0.291488,0.27553,0.373751,0.812689,0.165498,0.204788
276.0,0.256617,0.247571,0.756433,0.268499,0.308545,0.45527,0.829137,0.236432,0.171377
277.0,0.263998,0.285845,0.801762,0.254735,0.286031,0.448663,0.859695,0.212373,0.177452
278.0,0.2803,0.232923,0.784809,0.278425,0.314013,0.432319,0.856242,0.217496,0.176974
279.0,0.253401,0.268509,0.78742,0.286993,0.293924,0.414124,0.813858,0.213711,0.182392
280.0,0.257968,0.234208,0.789708,0.248203,0.27638,0.351524,0.782286,0.203125,0.143829
281.0,0.267805,0.271985,0.773649,0.291408,0.274301,0.356332,0.838706,0.224593,0.20182
282.0,0.262408,0.217545,0.766638,0.264019,0.262239,0.35314,0.801625,0.212163,0.168708
283.0,0.300867,0.26341,0.776577,0.288202,0.244723,0.381805,0.748866,0.197988,0.148886
284.0,0.268564,0.219184,0.760317,0.249404,0.254137,0.390283,0.719978,0.212151,0.189435
285.0,0.279609,0.213615,0.789955,0.253792,0.246152,0.360956,0.724395,0.196441,0.19834
286.0,0.215112,0.196308,0.745666,0.272893,0.284795,0.310378,0.775088,0.206698,0.166058
287.0,0.251708,0.198749,0.766095,0.250802,0.21729,0.382133,0.765184,0.184469,0.153226
288.0,0.237924,0.220592,0.748146,0.239448,0.205595,0.364256,0.74677,0.171016,0.158701
289.0,0.247645,0.19912,0.745737,0.260784,0.241925,0.324242,0.736755,0.174545,0.16857
290.0,0.213822,0.161394,0.669281,0.242995,0.239197,0.318137,0.713133,0.178061,0.147684
291.0,0.218422,0.199328,0.71396,0.240877,0.197533,0.342502,0.703967,0.164877,0.137126
292.0,0.211459,0.186215,0.684563,0.234726,0.218761,0.303886,0.682204,0.206224,0.145598
293.0,0.224749,0.162178,0.730741,0.214053,0.214074,0.300386,0.702782,0.207927,0.140008
294.0,0.210721,0.140523,0.685163,0.2265,0.207115,0.312515,0.70575,0.1466,0.132757
295.0,0.201661,0.153342,0.700052,0.171755,0.237739,0.329905,0.724946,0.157822,0.084745
296.0,0.207016,0.165018,0.716545,0.211403,0.19594,0.28762,0.698659,0.165901,0.110698
297.0,0.207842,0.18734,0.706612,0.231075,0.163432,0.262805,0.707842,0.156592,0.114839
298.0,0.19294,0.160003,0.686123,0.253453,0.173143,0.295113,0.637281,0.10967,0.086056
299.0,0.194413,0.138873,0.691018,0.221361,0.15645,0.275132,0.667887,0.110305,0.12021
300.0,0.198096,0.141352,0.695565,0.220519,0.120907,0.276381,0.648807,0.107595,0.129847
301.0,0.169538,0.163439,0.73513,0.210538,0.140994,0.282835,0.67309,0.131207,0.135002
302.0,0.229489,0.158258,0.697931,0.239078,0.153678,0.237812,0.720375,0.078642,0.12991
303.0,0.226448,0.145774,0.609398,0.238425,0.167177,0.243114,0.678981,0.148448,0.092178
304.0,0.212296,0.148711,0.695556,0.247866,0.129859,0.271745,0.644772,0.146458,0.121831
305.0,0.165784,0.169537,0.680961,0.246855,0.185853,0.276851,0.672865,0.14132,0.063801
306.0,0.165897,0.118773,0.659366,0.191292,0.15485,0.22565,0.681527,0.087582,0.103009
307.0,0.227631,0.150044,0.699655,0.228038,0.130164,0.25074,0.64734,0.125121,0.106876
308.0,0.213554,0.115923,0.664215,0.23279,0.182476,0.222863,0.671404,0.082323,0.092733
309.0,0.161877,0.110144,0.677614,0.230918,0.173412,0.250764,0.638612,0.074741,0.111338
310.0,0.186385,0.158124,0.667086,0.229543,0.131953,0.239785,0.638491,0.125413,0.093522
311.0,0.17179,0.097866,0.695321,0.208845,0.173658,0.249153,0.63076,0.104999,0.116465
312.0,0.227254,0.095078,0.653273,0.223574,0.117932,0.189155,0.599995,0.09739,0.105829
313.0,0.204008,0.120162,0.696013,0.238682,0.151859,0.218644,0.601254,0.096386,0.109519
314.0,0.176344,0.082372,0.687972,0.208935,0.119773,0.235493,0.609984,0.089591,0.107731
315.0,0.234727,0.098671,0.662578,0.198796,0.113074,0.254985,0.59948,0.087295,0.116239
316.0,0.198259,0.081572,0.668628,0.210977,0.126191,0.243568,0.610287,0.122441,0.090696
317.0,0.147766,0.139468,0.625122,0.158925,0.117045,0.204445,0.637655,0.111908,0.11629
318.0,0.154018,0.093529,0.650457,0.21964,0.136139,0.211662,0.588267,0.105421,0.101215
319.0,0.198067,0.086486,0.644826,0.191873,0.123152,0.232804,0.612306,0.076464,0.143641
320.0,0.173404,0.132377,0.647769,0.158176,0.115492,0.1968,0.578309,0.105185,0.073728
321.0,0.17892,0.101992,0.651707,0.221165,0.173041,0.198236,0.605102,0.100175,0.130207
322.0,0.130236,0.066001,0.626947,0.199065,0.113454,0.206372,0.5943,0.057092,0.132468
323.0,0.096987,0.099757,0.630511,0.221192,0.102735,0.181197,0.604042,0.084119,0.079041
324.0,0.161643,0.059093,0.586512,0.204899,0.116234,0.20823,0.586339,0.056949,0.069959
325.0,0.176452,0.081999,0.602784,0.160146,0.087192,0.210144,0.592285,0.08798,0.093096
326.0,0.13431,0.105955,0.590196,0.188116,0.068255,0.179771,0.58438,0.090577,0.092611
327.0,0.165273,0.029786,0.615641,0.168643,0.097042,0.190683,0.606988,0.055331,0.106203
328.0,0.154513,0.066833,0.603,0.169192,0.066914,0.206607,0.566655,0.075433,0.062733
329.0,0.177204,0.123293,0.568985,0.192031,0.070219,0.211852,0.565026,0.091176,0.083537
330.0,0.158547,0.078954,0.607894,0.199729,0.0847,0.160775,0.56268,0.088569,0.081763
331.0,0.175945,0.079391,0.634504,0.196591,0.054754,0.157848,0.559428,0.08593,0.046658
332.0,0.182542,0.081344,0.627533,0.188688,0.041671,0.189645,0.564914,0.083404,0.05169
333.0,0.162765,0.08814,0.627137,0.158029,0.095984,0.155851,0.519137,0.096731,0.092923
334.0,0.162517,0.054743,0.624723,0.166055,0.102173,0.174398,0.532933,0.065479,0.049489
335.0,0.185052,0.065851,0.640299,0.15513,0.092314,0.168186,0.570993,0.088948,0.056326
336.0,0.150639,0.039869,0.600578,0.178167,0.066737,0.13178,0.584548,0.086567,0.047695
337.0,0.159212,0.052321,0.592366,0.173451,0.093964,0.133793,0.591728,0.090756,0.006406
338.0,0.135671,0.000404,0.583334,0.179664,0.087597,0.170895,0.556309,0.064033,0.053516
339.0,0.143697,0.055357,0.574474,0.144924,0.025275,0.148962,0.577001,0.074703,0.086954
340.0,0.124309,0.041361,0.557301,0.179523,0.064136,0.130803,0.508322,0.095988,0.054389
341.0,0.117749,0.062672,0.561932,0.154966,0.091451,0.151995,0.544172,0.075598,0.074157
342.0,0.145405,0.075656,0.578464,0.187304,0.056134,0.174728,0.569486,0.080676,0.064956
343.0,0.185205,0.028038,0.563059,0.186537,0.086902,0.146343,0.587445,0.068874,0.088634
344.0,0.142611,0.031781,0.548604,0.164766,-0.001977,0.159648,0.530069,0.013744,0.062761
345.0,0.114308,0.049725,0.555663,0.145864,0.024231,0.126305,0.500499,0.084871,0.04093
346.0,0.115059,0.034559,0.57105,0.175428,0.074591,0.15219,0.528691,0.075627,0.032714
347.0,0.093499,0.036916,0.605551,0.177091,0.04477,0.177806,0.534612,0.082005,0.103253
348.0,0.105015,-0.016326,0.610615,0.13251,0.057024,0.147264,0.525853,0.097629,0.044641
349.0,0.134284,-0.001038,0.598692,0.176826,0.030752,0.133395,0.499934,0.110987,0.054662
350.0,0.152176,0.020665,0.5774,0.171035,0.023233,0.112885,0.513458,0.056521,0.016596
351.0,0.154644,-0.00893,0.579038,0.159984,0.068942,0.133464,0.509012,0.055699,0.087151
352.0,0.127407,0.03501,0.575517,0.140265,0.062161,0.126513,0.526715,0.092181,0.057348
353.0,0.129948,0.047277,0.578086,0.156009,0.052241,0.147773,0.500914,0.051908,0.042663
354.0,0.12515,0.001636,0.586413,0.146153,0.028391,0.132892,0.573422,0.10755,0.081986
355.0,0.137955,0.009043,0.593887,0.144046,0.017531,0.158644,0.533857,0.089625,0.018721
356.0,0.104099,0.041259,0.614915,0.141048,-0.000135,0.150619,0.538495,0.073655,0.037988
357.0,0.123283,0.026109,0.602755,0.154346,0.027415,0.172348,0.501762,0.045034,0.05874
358.0,0.194227,0.031475,0.612253,0.173868,0.021543,0.160548,0.524731,0.049605,0.013605
359.0,0.140438,0.031093,0.626445,0.187037,-0.000318,0.161525,0.512472,0.113386,0.052232
360.0,0.123391,0.00808,0.628857,0.144506,0.055875,0.159699,0.529645,0.061408,0.06644
361.0,0.160446,0.070103,0.600935,0.145143,0.007578,0.150837,0.496895,0.064418,0.029639
362.0,0.144153,0.056112,0.613081,0.164051,0.038537,0.156865,0.503217,0.081559,0.06372
363.0,0.136959,0.018162,0.610065,0.149268,0.033051,0.145432,0.526207,0.063855,0.063505
364.0,0.176824,0.03783,0.59626,0.125897,0.022921,0.141873,0.517657,0.100741,0.04721
365.0,0.135397,0.041766,0.629996,0.15014,0.041568,0.129857,0.506451,0.074013,0.076408
366.0,0.13495,0.03075,0.569147,0.156809,0.030163,0.128974,0.521948,0.05148,0.011999
367.0,0.124896,-0.007688,0.580236,0.150555,0.040882,0.16327,0.535582,0.084819,0.034757
368.0,0.164381,0.002768,0.628528,0.161991,0.023771,0.188004,0.457983,0.052803,0.087628
369.0,0.146704,0.008397,0.57237,0.166534,0.017493,0.16009,0.514871,0.059764,0.069994
370.0,0.103537,0.051933,0.589452,0.163592,0.032505,0.140617,0.535052,0.084047,0.060098
371.0,0.147626,0.041636,0.59616,0.159268,0.050936,0.177342,0.549191,0.060665,0.034957
372.0,0.135581,0.026658,0.644226,0.144028,0.024855,0.12352,0.502468,0.102379,0.028566
373.0,0.181584,0.042003,0.5622,0.148742,0.044272,0.141121,0.479161,0.061748,0.032679
374.0,0.12461,0.024199,0.594424,0.1532,0.035497,0.177629,0.548947,0.085364,0.067428
375.0,0.171144,0.036603,0.602098,0.157573,0.026801,0.17043,0.502382,0.076709,0.099418
376.0,0.129375,0.053569,0.617939,0.142769,0.057295,0.14799,0.521088,0.076427,0.041533
377.0,0.150541,0.019654,0.589044,0.116415,0.032275,0.159069,0.529176,0.061647,0.037951
378.0,0.134525,0.007012,0.597887,0.168882,0.050216,0.146721,0.489929,0.094934,0.048857
379.0,0.15183,0.070066,0.625167,0.144205,0.04126,0.102901,0.513885,0.090999,0.076938
380.0,0.15655,0.013574,0.594445,0.176734,0.030748,0.138036,0.524089,0.083167,0.035544
381.0,0.128302,0.049992,0.580263,0.167169,0.027553,0.174817,0.506714,0.076118,0.082226
382.0,0.141429,0.02757,0.591451,0.136101,0.06253,0.183016,0.513765,0.085583,0.08197
383.0,0.142515,0.063409,0.62109,0.159126,0.076646,0.115765,0.496003,0.092367,0.046891
384.0,0.190584,-0.026455,0.565215,0.149363,0.021089,0.156038,0.521046,0.08628,0.054739
385.0,0.161325,0.055079,0.617414,0.158298,0.056103,0.150805,0.53912,0.05072,0.055489
386.0,0.146098,0.014918,0.646114,0.144275,0.070421,0.131845,0.505282,0.092924,0.081227
387.0,0.167255,0.019028,0.592399,0.165154,0.03297,0.109937,0.548144,0.094245,0.057721
388.0,0.178692,0.027307,0.57547,0.165535,0.041507,0.144731,0.494198,0.069819,0.078188
389.0,0.133887,0.024069,0.56827,0.147062,0.010224,0.128244,0.537016,0.082132,0.035854
390.0,0.186857,0.015891,0.601919,0.125699,0.025103,0.129174,0.502978,0.091714,0.044281
391.0,0.136483,0.008779,0.603814,0.187032,0.014448,0.155578,0.515035,0.044584,0.024809
392.0,0.138498,0.007832,0.616984,0.174076,0.049349,0.121653,0.536412,0.083357,0.089932
393.0,0.134415,0.037159,0.611969,0.184182,0.050827,0.146269,0.526167,0.08584,0.058807
394.0,0.126828,0.024747,0.547317,0.152903,0.026248,0.149272,0.512903,0.096847,0.044099
395.0,0.117207,0.002146,0.604094,0.146507,0.058832,0.148195,0.497525,0.071476,0.025496
396.0,0.144491,0.041247,0.599897,0.176553,0.039565,0.139928,0.52431,0.049313,0.052118
397.0,0.12267,0.023217,0.605306,0.176615,0.055814,0.145189,0.502036,0.053332,0.066045
398.0,0.148242,0.012581,0.616056,0.184451,0.048445,0.144247,0.556611,0.071293,0.035764
399.0,0.15964,0.050147,0.605698,0.159618,0.020573,0.181081,0.516724,0.104049,0.048573
400.0,0.125509,-0.002376,0.594951,0.131616,0.026226,0.128359,0.515257,0.081704,0.065571
401.0,0.140393,0.001845,0.586,0.162994,0.026859,0.16936,0.532217,0.09504,0.096531
402.0,0.153253,0.049653,0.59057,0.16288,0.039888,0.157858,0.526584,0.098409,0.098543
403.0,0.150604,-0.009008,0.601866,0.161508,0.03004,0.17121,0.48929,0.080368,0.07157
404.0,0.16983,0.010529,0.614195,0.086927,0.050918,0.163215,0.470354,0.116435,0.071852
405.0,0.154172,0.037709,0.605272,0.148003,0.018469,0.174924,0.53318,0.061015,0.058873
406.0,0.14724,0.032698,0.628807,0.159872,0.06552,0.1938,0.483506,0.045668,0.041993
407.0,0.143835,0.051697,0.606618,0.15308,0.036778,0.104406,0.486421,0.048489,0.069574
408.0,0.138967,0.045792,0.61114,0.151419,0.034098,0.123952,0.517925,0.096371,0.030556
409.0,0.151081,0.047077,0.610351,0.153452,0.064017,0.131416,0.514526,0.08806,0.079742
410.0,0.170051,0.022749,0.606264,0.135302,0.017674,0.163277,0.525724,0.101281,0.023428
411.0,0.11534,0.05798,0.574692,0.169066,0.037839,0.187744,0.5108,0.072352,0.079686
412.0,0.111078,0.035077,0.630935,0.145204,0.06133,0.122456,0.508254,0.097518,0.050928
413.0,0.156494,0.029071,0.662164,0.135206,0.032573,0.161441,0.518373,0.080912,0.058962
414.0,0.151377,0.021582,0.574838,0.124769,0.013299,0.134921,0.492567,0.037244,0.055317
415.0,0.140188,0.005379,0.589336,0.178008,0.067531,0.160806,0.536966,0.088568,0.069444
416.0,0.129172,0.004248,0.6331,0.153525,0.037496,0.156048,0.539138,0.067946,0.061554
417.0,0.168732,0.024902,0.602971,0.160776,0.049969,0.152408,0.513859,0.070549,0.057294
418.0,0.125498,0.027144,0.592547,0.134425,0.032576,0.143819,0.55711,0.063757,0.032931
419.0,0.121569,0.052402,0.593438,0.174472,0.015211,0.153424,0.496635,0.107593,0.064392
420.0,0.128169,0.020854,0.596777,0.125925,0.055271,0.132748,0.541901,0.08183,0.066297
421.0,0.139917,0.023959,0.596152,0.142942,0.030209,0.160899,0.502496,0.104422,0.052253
422.0,0.119001,0.035228,0.586501,0.163833,0.01998,0.163197,0.530722,0.064343,0.045941
423.0,0.127818,0.025091,0.58341,0.126846,0.025103,0.16089,0.531409,0.122482,0.061811
424.0,0.139786,0.032551,0.601503,0.176131,0.074255,0.156988,0.515423,0.102635,0.054206
425.0,0.159516,0.031468,0.625427,0.133587,-0.024615,0.16016,0.528919,0.02795,0.050178
426.0,0.120683,0.016967,0.56521,0.136195,0.068922,0.153577,0.508222,0.05485,0.099724
427.0,0.104124,0.006615,0.628735,0.154783,0.04393,0.164001,0.563328,0.071951,0.107584
428.0,0.155314,0.005265,0.609472,0.127396,0.056522,0.136957,0.532673,0.037789,0.016355
429.0,0.160512,0.021292,0.585072,0.155663,0.040778,0.141723,0.513604,0.099666,0.060568
430.0,0.135943,0.017534,0.606153,0.192669,0.041359,0.159149,0.553326,0.076835,0.021809
431.0,0.124651,0.0209,0.585446,0.115863,0.061094,0.138618,0.477537,0.113733,0.063052
432.0,0.151213,0.003989,0.603179,0.151922,0.020594,0.179911,0.527141,0.064199,0.053313
433.0,0.155398,0.038746,0.605487,0.112484,0.025211,0.156192,0.463595,0.115145,0.037186
434.0,0.152525,0.044593,0.599562,0.201348,0.027394,0.139674,0.529751,0.061186,0.083317
435.0,0.143715,0.06665,0.610053,0.169335,0.055679,0.164899,0.548358,0.071493,0.039192
436.0,0.159715,0.01902,0.577628,0.163902,0.037345,0.138854,0.541319,0.088733,0.040579
437.0,0.145133,0.071734,0.589106,0.174181,0.065802,0.188799,0.523,0.074082,0.043848
438.0,0.12237,0.04019,0.612167,0.138069,0.039605,0.172996,0.535086,0.062481,0.078735
439.0,0.129438,0.018814,0.627911,0.146019,0.043622,0.154115,0.515386,0.067835,0.071046
440.0,0.155406,0.00726,0.58773,0.132962,0.061155,0.160398,0.509372,0.078539,0.033304
441.0,0.159013,0.033031,0.618854,0.131919,0.028129,0.117356,0.512364,0.073745,0.061382
442.0,0.113822,0.005036,0.59305,0.178903,0.052381,0.184297,0.51993,0.07938,0.075087
443.0,0.128195,0.097995,0.60329,0.140115,0.045451,0.173398,0.520946,0.035379,0.042321
444.0,0.151708,0.044427,0.57433,0.150499,0.046153,0.181351,0.508052,0.091731,0.088312
445.0,0.136983,0.01269,0.58666,0.16874,0.024009,0.150941,0.535567,0.049378,0.066316
446.0,0.153651,0.048769,0.609412,0.119211,0.031927,0.154599,0.504013,0.116343,0.040345
447.0,0.154968,0.045467,0.594726,0.153633,0.05462,0.122299,0.528821,0.062136,0.076913
448.0,0.155496,0.049358,0.616393,0.163119,0.03185,0.142941,0.535298,0.104445,0.065519
449.0,0.146974,0.014153,0.579998,0.164765,0.055953,0.16518,0.541822,0.05994,0.08031
450.0,0.137535,0.051883,0.570756,0.132502,0.04996,0.149579,0.502878,0.071982,0.080528
451.0,0.171259,0.038352,0.597775,0.176798,0.059897,0.152945,0.559282,0.075606,0.039615
452.0,0.083567,0.011377,0.587412,0.13213,0.018316,0.160737,0.539349,0.069638,0.090687
453.0,0.113195,0.023568,0.593218,0.166247,0.033443,0.148994,0.529447,0.082529,0.051114
454.0,0.190856,0.039093,0.596972,0.144569,0.036921,0.16982,0.553712,0.080193,0.09168
455.0,0.132817,0.011736,0.607862,0.117016,0.030998,0.178395,0.536082,0.099767,0.094948
456.0,0.155993,0.00498,0.563334,0.162237,0.026888,0.132245,0.508064,0.05674,0.061606
457.0,0.141615,0.052677,0.544512,0.165851,0.040742,0.167201,0.529117,0.093163,0.048156
458.0,0.136758,0.044031,0.565548,0.136714,0.030482,0.146057,0.520574,0.121696,0.06185
459.0,0.156915,0.025592,0.600067,0.159664,0.000346,0.106168,0.524477,0.049043,0.049683
460.0,0.136386,0.045443,0.60143,0.136748,0.063829,0.168145,0.560953,0.090106,0.050989
461.0,0.135039,0.012963,0.579779,0.147245,0.061974,0.166184,0.514555,0.089768,0.059472
462.0,0.149854,0.00315,0.606114,0.12955,0.069825,0.114772,0.483157,0.081187,0.056306
463.0,0.138314,0.047499,0.621845,0.121773,0.050414,0.115137,0.508431,0.064028,0.051911
464.0,0.144636,0.01912,0.622265,0.119267,0.024103,0.16482,0.496335,0.105546,0.05371
465.0,0.157337,0.002888,0.593715,0.168716,0.048939,0.143294,0.497363,0.080686,0.055098
466.0,0.137716,0.042034,0.604326,0.142682,0.05445,0.165292,0.496746,0.045332,0.10986
467.0,0.12361,0.038606,0.59043,0.157006,0.014707,0.154962,0.518123,0.069741,0.058938
468.0,0.165499,0.057152,0.592138,0.168148,0.046211,0.16566,0.511576,0.095155,0.090759
469.0,0.125884,0.021743,0.595999,0.17253,0.043894,0.170159,0.524847,0.09347,0.063714
470.0,0.142369,0.058849,0.587345,0.142012,0.002675,0.103946,0.509068,0.133712,0.039213
471.0,0.123446,0.004189,0.592729,0.140865,0.031659,0.114934,0.509747,0.043731,0.063248
472.0,0.171026,0.015122,0.576223,0.10575,0.047912,0.155395,0.52841,0.060491,0.054183
473.0,0.116756,0.022692,0.640232,0.185934,0.081174,0.097189,0.525659,0.079577,0.047233
474.0,0.132799,0.035442,0.631858,0.153576,0.018319,0.173477,0.505316,0.09495,0.049705
475.0,0.129657,-0.009496,0.601442,0.157741,-0.00198,0.15905,0.514266,0.077613,0.05929
476.0,0.147323,0.060526,0.599619,0.181184,0.003822,0.148499,0.519947,0.069202,0.025492
477.0,0.145807,0.044652,0.602884,0.161955,0.035234,0.137784,0.525218,0.10166,0.036872
478.0,0.135263,0.036313,0.597609,0.171916,0.043393,0.126263,0.567506,0.11417,0.053288
479.0,0.168711,0.028915,0.561877,0.178911,0.046878,0.155258,0.516716,0.065494,0.078931
480.0,0.147246,0.047113,0.591308,0.126576,0.033951,0.161382,0.543896,0.080048,0.070862
481.0,0.114167,0.033997,0.606004,0.13552,0.030481,0.157631,0.51538,0.075857,0.083703
482.0,0.162831,0.038964,0.622185,0.141094,0.023438,0.129432,0.512255,0.11931,0.072397
483.0,0.135176,0.004239,0.580914,0.194396,0.052539,0.144688,0.508342,0.093903,0.045519
484.0,0.141474,0.060886,0.588044,0.156405,-0.006302,0.115753,0.552078,0.100715,0.032865
485.0,0.110883,0.033882,0.54713,0.133497,0.032942,0.136451,0.506259,0.088992,0.056732
486.0,0.153358,0.032979,0.591102,0.132264,0.034844,0.137446,0.529524,0.071271,0.022336
487.0,0.154474,0.030918,0.598482,0.163602,0.022907,0.17918,0.525254,0.103861,0.04245
488.0,0.135846,-0.019659,0.63217,0.139702,0.001422,0.127674,0.483637,0.105027,0.092285
489.0,0.140326,0.003816,0.584791,0.162354,0.042458,0.139596,0.506745,0.068791,0.054538
490.0,0.157309,0.029304,0.593132,0.151201,0.061525,0.131468,0.512086,0.060645,0.046539
491.0,0.119824,0.012305,0.578099,0.147004,0.012762,0.114832,0.468357,0.086378,0.056895
492.0,0.14102,0.047097,0.585497,0.092895,0.025127,0.197572,0.574043,0.062125,0.040941
493.0,0.182059,0.0396,0.566854,0.161429,0.044487,0.183345,0.516096,0.037181,0.040807
494.0,0.132639,0.026184,0.618585,0.168944,0.055203,0.147121,0.489034,0.076468,0.052227
495.0,0.124974,0.019881,0.604413,0.191856,0.086205,0.154342,0.515972,0.068511,0.030472
496.0,0.145726,0.04961,0.612076,0.144726,0.068119,0.162817,0.490337,0.049524,0.064494
497.0,0.150815,0.043693,0.618835,0.165649,0.020716,0.141366,0.534827,0.055701,0.095693
498.0,0.160876,0.018142,0.585438,0.175981,0.067433,0.134344,0.516076,0.060287,0.081322
499.0,0.149126,0.08031,0.575947,0.14236,0.062561,0.129202,0.53073,0.092334,0.068917
500.0,0.138763,-0.005694,0.597676,0.140542,0.03827,0.17892,0.50992,0.099927,0.058979
501.0,0.161981,-0.019541,0.587612,0.12901,0.010963,0.138077,0.524258,0.099398,0.077667
502.0,0.152054,0.053411,0.599333,0.202679,0.042111,0.15696,0.530391,0.10228,0.075296
503.0,0.132813,0.031793,0.594869,0.156073,0.035447,0.181382,0.513915,0.082225,0.074049
504.0,0.157501,0.030475,0.550607,0.142549,0.008787,0.153557,0.507269,0.060629,0.079231
505.0,0.137822,0.017668,0.601328,0.111077,-0.005911,0.110135,0.504407,0.097416,0.043399
506.0,0.156387,0.020637,0.609423,0.127977,0.030965,0.13218,0.523519,0.067039,0.068914
507.0,0.084921,0.00085,0.591404,0.130209,0.060747,0.134083,0.539457,0.110972,0.079477
508.0,0.130658,0.020124,0.598678,0.142518,0.045054,0.146814,0.536135,0.083913,0.077978
509.0,0.106706,0.012487,0.608673,0.116774,0.027476,0.159328,0.513148,0.080399,0.033532
510.0,0.116903,0.01502,0.613115,0.148581,0.016515,0.151681,0.548356,0.055167,0.035895
511.0,0.145798,0.036983,0.585654,0.144027,0.079276,0.164491,0.501176,0.063111,0.050711
