0.0,0.21,0.03,0.97,0.26,0.04,0.81,0.97,0.03,0.04
1.0,0.21,0.03,0.97,0.26,0.04,0.81,0.97,0.03,0.04
2.0,0.2,0.03,0.96,0.27,0.04,0.81,0.97,0.03,0.04
3.0,0.2,0.03,0.96,0.27,0.04,0.81,0.97,0.03,0.04
4.0,0.18,0.03,0.96,0.27,0.04,0.81,0.97,0.03,0.04
5.0,0.18,0.03,0.96,0.27,0.04,0.81,0.97,0.03,0.04
6.0,0.16,0.04,0.95,0.26,0.04,0.91,0.97,0.02,0.04
7.0,0.16,0.04,0.95,0.26,0.04,0.91,0.97,0.02,0.04
8.0,0.15,0.04,0.94,0.23,0.04,0.83,0.91,0.02,0.04
9.0,0.15,0.04,0.94,0.23,0.04,0.83,0.91,0.02,0.04
10.0,0.13,0.04,0.94,0.23,0.04,0.85,0.94,0.01,0.04
11.0,0.13,0.04,0.94,0.23,0.04,0.85,0.94,0.01,0.04
12.0,0.12,0.04,0.95,0.22,0.04,0.83,0.95,0.01,0.04
13.0,0.12,0.04,0.95,0.22,0.04,0.83,0.95,0.01,0.04
14.0,0.12,0.05,0.93,0.2,0.04,0.79,0.88,0.01,0.03
15.0,0.12,0.05,0.93,0.2,0.04,0.79,0.88,0.01,0.03
16.0,0.11,0.07,0.92,0.18,0.05,0.77,0.91,0.01,0.03
17.0,0.11,0.07,0.92,0.18,0.05,0.77,0.91,0.01,0.03
18.0,0.11,0.08,0.9,0.16,0.06,0.76,0.92,0.01,0.04
19.0,0.11,0.08,0.9,0.16,0.06,0.76,0.92,0.01,0.04
20.0,0.11,0.09,0.9,0.15,0.07,0.76,0.93,0.01,0.04
21.0,0.11,0.09,0.9,0.15,0.07,0.76,0.93,0.01,0.04
22.0,0.11,0.1,0.9,0.15,0.08,0.76,0.93,0.01,0.04
23.0,0.11,0.1,0.9,0.15,0.08,0.76,0.93,0.01,0.04
24.0,0.11,0.11,0.88,0.15,0.1,0.76,0.95,0.01,0.05
25.0,0.11,0.11,0.88,0.15,0.1,0.76,0.95,0.01,0.05
26.0,0.12,0.12,0.86,0.15,0.11,0.79,0.93,0.02,0.08
27.0,0.12,0.12,0.86,0.15,0.11,0.79,0.93,0.02,0.08
28.0,0.12,0.13,0.84,0.14,0.11,0.8,0.89,0.03,0.08
29.0,0.12,0.13,0.84,0.14,0.11,0.8,0.89,0.03,0.08
30.0,0.12,0.14,0.82,0.14,0.12,0.78,0.88,0.04,0.09
31.0,0.12,0.14,0.82,0.14,0.12,0.78,0.88,0.04,0.09
32.0,0.12,0.15,0.81,0.14,0.13,0.8,0.86,0.06,0.1
33.0,0.12,0.15,0.81,0.14,0.13,0.8,0.86,0.06,0.1
34.0,0.12,0.16,0.8,0.13,0.14,0.81,0.86,0.07,0.11
35.0,0.12,0.16,0.8,0.13,0.14,0.81,0.86,0.07,0.11
36.0,0.13,0.17,0.79,0.12,0.15,0.84,0.85,0.08,0.12
37.0,0.13,0.17,0.79,0.12,0.15,0.84,0.85,0.08,0.12
38.0,0.14,0.18,0.8,0.13,0.16,0.85,0.84,0.09,0.13
39.0,0.14,0.18,0.8,0.13,0.16,0.85,0.84,0.09,0.13
40.0,0.15,0.2,0.78,0.12,0.17,0.83,0.87,0.1,0.14
41.0,0.15,0.2,0.78,0.12,0.17,0.83,0.87,0.1,0.14
42.0,0.15,0.21,0.77,0.14,0.18,0.85,0.85,0.12,0.16
43.0,0.15,0.21,0.77,0.14,0.18,0.85,0.85,0.12,0.16
44.0,0.15,0.21,0.76,0.13,0.19,0.83,0.86,0.13,0.17
45.0,0.15,0.21,0.76,0.13,0.19,0.83,0.86,0.13,0.17
46.0,0.15,0.22,0.74,0.14,0.21,0.82,0.81,0.15,0.18
47.0,0.15,0.22,0.74,0.14,0.21,0.82,0.81,0.15,0.18
48.0,0.15,0.23,0.72,0.14,0.22,0.84,0.82,0.16,0.2
49.0,0.15,0.23,0.72,0.14,0.22,0.84,0.82,0.16,0.2
50.0,0.15,0.24,0.71,0.14,0.23,0.82,0.81,0.17,0.21
51.0,0.15,0.24,0.71,0.14,0.23,0.82,0.81,0.17,0.21
52.0,0.16,0.26,0.71,0.14,0.23,0.88,0.79,0.2,0.22
53.0,0.16,0.26,0.71,0.14,0.23,0.88,0.79,0.2,0.22
54.0,0.15,0.27,0.7,0.14,0.24,0.84,0.8,0.22,0.23
55.0,0.15,0.27,0.7,0.14,0.24,0.84,0.8,0.22,0.23
56.0,0.17,0.29,0.7,0.14,0.26,0.85,0.79,0.24,0.25
57.0,0.17,0.29,0.7,0.14,0.26,0.85,0.79,0.24,0.25
58.0,0.17,0.29,0.68,0.14,0.27,0.83,0.74,0.25,0.27
59.0,0.17,0.29,0.68,0.14,0.27,0.83,0.74,0.25,0.27
60.0,0.17,0.3,0.67,0.13,0.28,0.82,0.77,0.26,0.29
61.0,0.17,0.3,0.67,0.13,0.28,0.82,0.77,0.26,0.29
62.0,0.18,0.32,0.65,0.14,0.29,0.84,0.73,0.28,0.3
63.0,0.18,0.32,0.65,0.14,0.29,0.84,0.73,0.28,0.3
64.0,0.18,0.33,0.64,0.14,0.3,0.85,0.7,0.3,0.32
65.0,0.18,0.33,0.64,0.14,0.3,0.85,0.7,0.3,0.32
66.0,0.19,0.34,0.63,0.14,0.3,0.9,0.69,0.32,0.33
67.0,0.19,0.34,0.63,0.14,0.3,0.9,0.69,0.32,0.33
68.0,0.19,0.35,0.61,0.14,0.32,0.85,0.71,0.33,0.34
69.0,0.19,0.35,0.61,0.14,0.32,0.85,0.71,0.33,0.34
70.0,0.2,0.36,0.6,0.14,0.33,0.86,0.68,0.34,0.36
71.0,0.2,0.36,0.6,0.14,0.33,0.86,0.68,0.34,0.36
72.0,0.2,0.37,0.58,0.14,0.34,0.83,0.73,0.35,0.38
73.0,0.2,0.37,0.58,0.14,0.34,0.83,0.73,0.35,0.38
74.0,0.2,0.38,0.57,0.13,0.35,0.82,0.67,0.37,0.39
75.0,0.2,0.38,0.57,0.13,0.35,0.82,0.67,0.37,0.39
76.0,0.2,0.39,0.56,0.14,0.36,0.81,0.62,0.38,0.4
77.0,0.2,0.39,0.56,0.14,0.36,0.81,0.62,0.38,0.4
78.0,0.22,0.41,0.55,0.14,0.38,0.81,0.61,0.4,0.42
79.0,0.22,0.41,0.55,0.14,0.38,0.81,0.61,0.4,0.42
80.0,0.22,0.42,0.55,0.15,0.39,0.78,0.59,0.42,0.44
81.0,0.22,0.42,0.55,0.15,0.39,0.78,0.59,0.42,0.44
82.0,0.23,0.42,0.53,0.15,0.4,0.8,0.58,0.43,0.45
83.0,0.23,0.42,0.53,0.15,0.4,0.8,0.58,0.43,0.45
84.0,0.23,0.43,0.51,0.15,0.41,0.75,0.57,0.44,0.46
85.0,0.23,0.43,0.51,0.15,0.41,0.75,0.57,0.44,0.46
86.0,0.23,0.45,0.5,0.16,0.42,0.75,0.62,0.45,0.47
87.0,0.23,0.45,0.5,0.16,0.42,0.75,0.62,0.45,0.47
88.0,0.23,0.46,0.48,0.15,0.43,0.72,0.58,0.46,0.48
89.0,0.23,0.46,0.48,0.15,0.43,0.72,0.58,0.46,0.48
90.0,0.24,0.47,0.48,0.15,0.44,0.71,0.56,0.47,0.49
91.0,0.24,0.47,0.48,0.15,0.44,0.71,0.56,0.47,0.49
92.0,0.22,0.48,0.47,0.15,0.45,0.7,0.55,0.48,0.5
93.0,0.22,0.48,0.47,0.15,0.45,0.7,0.55,0.48,0.5
94.0,0.24,0.48,0.46,0.16,0.46,0.7,0.53,0.5,0.51
95.0,0.24,0.48,0.46,0.16,0.46,0.7,0.53,0.5,0.51
96.0,0.25,0.5,0.45,0.15,0.47,0.7,0.52,0.52,0.53
97.0,0.25,0.5,0.45,0.15,0.47,0.7,0.52,0.52,0.53
98.0,0.26,0.51,0.45,0.15,0.48,0.72,0.49,0.54,0.54
99.0,0.26,0.51,0.45,0.15,0.48,0.72,0.49,0.54,0.54
100.0,0.27,0.53,0.43,0.15,0.49,0.71,0.5,0.54,0.55
101.0,0.27,0.53,0.43,0.15,0.49,0.71,0.5,0.54,0.55
102.0,0.27,0.55,0.42,0.16,0.51,0.73,0.46,0.55,0.56
103.0,0.27,0.55,0.42,0.16,0.51,0.73,0.46,0.55,0.56
104.0,0.28,0.56,0.4,0.17,0.52,0.71,0.46,0.56,0.57
105.0,0.28,0.56,0.4,0.17,0.52,0.71,0.46,0.56,0.57
106.0,0.29,0.56,0.39,0.17,0.53,0.64,0.43,0.57,0.58
107.0,0.29,0.56,0.39,0.17,0.53,0.64,0.43,0.57,0.58
108.0,0.29,0.57,0.39,0.17,0.55,0.64,0.45,0.59,0.58
109.0,0.29,0.57,0.39,0.17,0.55,0.64,0.45,0.59,0.58
110.0,0.29,0.58,0.4,0.17,0.56,0.6,0.41,0.6,0.6
111.0,0.29,0.58,0.4,0.17,0.56,0.6,0.41,0.6,0.6
112.0,0.29,0.59,0.36,0.17,0.57,0.61,0.43,0.61,0.61
113.0,0.29,0.59,0.36,0.17,0.57,0.61,0.43,0.61,0.61
114.0,0.29,0.59,0.35,0.17,0.57,0.62,0.4,0.62,0.63
115.0,0.29,0.59,0.35,0.17,0.57,0.62,0.4,0.62,0.63
116.0,0.31,0.6,0.34,0.19,0.58,0.56,0.42,0.63,0.64
117.0,0.31,0.6,0.34,0.19,0.58,0.56,0.42,0.63,0.64
118.0,0.3,0.61,0.33,0.2,0.59,0.56,0.38,0.65,0.66
119.0,0.3,0.61,0.33,0.2,0.59,0.56,0.38,0.65,0.66
120.0,0.3,0.63,0.33,0.2,0.6,0.54,0.39,0.66,0.68
121.0,0.3,0.63,0.33,0.2,0.6,0.54,0.39,0.66,0.68
122.0,0.32,0.64,0.32,0.2,0.61,0.55,0.38,0.68,0.68
123.0,0.32,0.64,0.32,0.2,0.61,0.55,0.38,0.68,0.68
124.0,0.33,0.65,0.3,0.22,0.62,0.47,0.34,0.69,0.69
125.0,0.33,0.65,0.3,0.22,0.62,0.47,0.34,0.69,0.69
126.0,0.34,0.66,0.29,0.23,0.63,0.49,0.32,0.69,0.69
127.0,0.34,0.66,0.29,0.23,0.63,0.49,0.32,0.69,0.69
128.0,0.34,0.67,0.28,0.22,0.65,0.53,0.33,0.7,0.7
129.0,0.34,0.67,0.28,0.22,0.65,0.53,0.33,0.7,0.7
130.0,0.34,0.69,0.27,0.23,0.66,0.48,0.32,0.72,0.71
131.0,0.34,0.69,0.27,0.23,0.66,0.48,0.32,0.72,0.71
132.0,0.35,0.69,0.25,0.23,0.68,0.46,0.29,0.72,0.72
133.0,0.35,0.69,0.25,0.23,0.68,0.46,0.29,0.72,0.72
134.0,0.34,0.7,0.22,0.23,0.69,0.42,0.28,0.72,0.73
135.0,0.34,0.7,0.22,0.23,0.69,0.42,0.28,0.72,0.73
136.0,0.35,0.71,0.21,0.23,0.69,0.43,0.29,0.73,0.74
137.0,0.35,0.71,0.21,0.23,0.69,0.43,0.29,0.73,0.74
138.0,0.36,0.72,0.2,0.23,0.7,0.47,0.29,0.74,0.74
139.0,0.36,0.72,0.2,0.23,0.7,0.47,0.29,0.74,0.74
140.0,0.36,0.73,0.21,0.24,0.71,0.42,0.32,0.76,0.76
141.0,0.36,0.73,0.21,0.24,0.71,0.42,0.32,0.76,0.76
142.0,0.37,0.74,0.2,0.24,0.72,0.43,0.28,0.77,0.77
143.0,0.37,0.74,0.2,0.24,0.72,0.43,0.28,0.77,0.77
144.0,0.37,0.76,0.21,0.25,0.73,0.43,0.27,0.78,0.78
145.0,0.37,0.76,0.21,0.25,0.73,0.43,0.27,0.78,0.78
146.0,0.39,0.77,0.2,0.24,0.73,0.41,0.27,0.78,0.8
147.0,0.39,0.77,0.2,0.24,0.73,0.41,0.27,0.78,0.8
148.0,0.4,0.78,0.19,0.25,0.74,0.4,0.25,0.8,0.81
149.0,0.4,0.78,0.19,0.25,0.74,0.4,0.25,0.8,0.81
150.0,0.41,0.79,0.18,0.26,0.76,0.42,0.23,0.81,0.81
151.0,0.41,0.79,0.18,0.26,0.76,0.42,0.23,0.81,0.81
152.0,0.41,0.8,0.18,0.27,0.78,0.4,0.22,0.81,0.81
153.0,0.41,0.8,0.18,0.27,0.78,0.4,0.22,0.81,0.81
154.0,0.42,0.81,0.17,0.28,0.8,0.36,0.23,0.82,0.82
155.0,0.42,0.81,0.17,0.28,0.8,0.36,0.23,0.82,0.82
156.0,0.42,0.82,0.15,0.29,0.81,0.4,0.2,0.83,0.83
157.0,0.42,0.82,0.15,0.29,0.81,0.4,0.2,0.83,0.83
158.0,0.42,0.82,0.14,0.29,0.81,0.33,0.2,0.83,0.84
159.0,0.42,0.82,0.14,0.29,0.81,0.33,0.2,0.83,0.84
160.0,0.42,0.83,0.14,0.29,0.82,0.33,0.15,0.83,0.85
161.0,0.42,0.83,0.14,0.29,0.82,0.33,0.15,0.83,0.85
162.0,0.43,0.84,0.13,0.29,0.83,0.48,0.15,0.85,0.86
163.0,0.43,0.84,0.13,0.29,0.83,0.48,0.15,0.85,0.86
164.0,0.43,0.85,0.15,0.29,0.83,0.33,0.14,0.86,0.88
165.0,0.43,0.85,0.15,0.29,0.83,0.33,0.14,0.86,0.88
166.0,0.44,0.86,0.12,0.3,0.84,0.29,0.18,0.87,0.89
167.0,0.44,0.86,0.12,0.3,0.84,0.29,0.18,0.87,0.89
168.0,0.45,0.87,0.1,0.31,0.85,0.24,0.19,0.88,0.9
169.0,0.45,0.87,0.1,0.31,0.85,0.24,0.19,0.88,0.9
170.0,0.46,0.88,0.1,0.32,0.86,0.24,0.16,0.89,0.9
171.0,0.46,0.88,0.1,0.32,0.86,0.24,0.16,0.89,0.9
172.0,0.47,0.9,0.1,0.32,0.88,0.24,0.15,0.9,0.9
173.0,0.47,0.9,0.1,0.32,0.88,0.24,0.15,0.9,0.9
174.0,0.48,0.91,0.09,0.33,0.89,0.24,0.14,0.91,0.92
175.0,0.48,0.91,0.09,0.33,0.89,0.24,0.14,0.91,0.92
176.0,0.48,0.92,0.07,0.33,0.9,0.21,0.14,0.92,0.93
177.0,0.48,0.92,0.07,0.33,0.9,0.21,0.14,0.92,0.93
178.0,0.5,0.93,0.05,0.33,0.91,0.2,0.14,0.93,0.93
179.0,0.5,0.93,0.05,0.33,0.91,0.2,0.14,0.93,0.93
180.0,0.5,0.94,0.04,0.34,0.92,0.23,0.12,0.93,0.94
181.0,0.5,0.94,0.04,0.34,0.92,0.23,0.12,0.93,0.94
182.0,0.51,0.94,0.04,0.35,0.93,0.18,0.11,0.94,0.94
183.0,0.51,0.94,0.04,0.35,0.93,0.18,0.11,0.94,0.94
184.0,0.51,0.95,0.04,0.35,0.95,0.18,0.08,0.94,0.94
185.0,0.51,0.95,0.04,0.35,0.95,0.18,0.08,0.94,0.94
186.0,0.51,0.96,0.03,0.36,0.96,0.15,0.06,0.94,0.94
187.0,0.51,0.96,0.03,0.36,0.96,0.15,0.06,0.94,0.94
188.0,0.52,0.97,0.03,0.37,0.96,0.17,0.03,0.94,0.95
189.0,0.52,0.97,0.03,0.37,0.96,0.17,0.03,0.94,0.95
190.0,0.52,0.98,0.03,0.38,0.97,0.18,0.07,0.95,0.96
191.0,0.52,0.98,0.03,0.38,0.97,0.18,0.07,0.95,0.96
192.0,0.53,0.99,0.03,0.38,0.98,0.15,0.05,0.95,0.97
193.0,0.53,0.99,0.03,0.38,0.98,0.15,0.05,0.95,0.97
194.0,0.61,0.96,0.06,0.42,0.98,0.1,0.04,0.97,0.98
195.0,0.61,0.96,0.06,0.42,0.98,0.1,0.04,0.97,0.98
196.0,0.75,0.86,0.09,0.56,0.94,0.27,0.07,0.96,0.96
197.0,0.75,0.86,0.09,0.56,0.94,0.27,0.07,0.96,0.96
198.0,0.86,0.78,0.14,0.72,0.86,0.42,0.14,0.94,0.93
199.0,0.86,0.78,0.14,0.72,0.86,0.42,0.14,0.94,0.93
200.0,0.93,0.68,0.18,0.83,0.78,0.49,0.17,0.9,0.88
201.0,0.93,0.68,0.18,0.83,0.78,0.49,0.17,0.9,0.88
202.0,0.96,0.58,0.22,0.91,0.71,0.62,0.17,0.83,0.82
203.0,0.96,0.58,0.22,0.91,0.71,0.62,0.17,0.83,0.82
204.0,0.95,0.52,0.26,0.92,0.65,0.66,0.22,0.77,0.76
205.0,0.95,0.52,0.26,0.92,0.65,0.66,0.22,0.77,0.76
206.0,0.92,0.46,0.3,0.93,0.6,0.65,0.24,0.72,0.71
207.0,0.92,0.46,0.3,0.93,0.6,0.65,0.24,0.72,0.71
208.0,0.89,0.42,0.32,0.94,0.55,0.68,0.25,0.66,0.66
209.0,0.89,0.42,0.32,0.94,0.55,0.68,0.25,0.66,0.66
210.0,0.84,0.4,0.36,0.89,0.51,0.62,0.33,0.61,0.6
211.0,0.84,0.4,0.36,0.89,0.51,0.62,0.33,0.61,0.6
212.0,0.79,0.38,0.4,0.84,0.48,0.62,0.34,0.57,0.55
213.0,0.79,0.38,0.4,0.84,0.48,0.62,0.34,0.57,0.55
214.0,0.74,0.35,0.43,0.79,0.45,0.56,0.35,0.53,0.51
215.0,0.74,0.35,0.43,0.79,0.45,0.56,0.35,0.53,0.51
216.0,0.69,0.33,0.46,0.73,0.42,0.54,0.35,0.49,0.48
217.0,0.69,0.33,0.46,0.73,0.42,0.54,0.35,0.49,0.48
218.0,0.65,0.32,0.48,0.68,0.41,0.46,0.38,0.45,0.45
219.0,0.65,0.32,0.48,0.68,0.41,0.46,0.38,0.45,0.45
220.0,0.61,0.3,0.5,0.64,0.39,0.42,0.41,0.43,0.43
221.0,0.61,0.3,0.5,0.64,0.39,0.42,0.41,0.43,0.43
222.0,0.54,0.29,0.53,0.61,0.38,0.4,0.42,0.41,0.4
223.0,0.54,0.29,0.53,0.61,0.38,0.4,0.42,0.41,0.4
224.0,0.53,0.29,0.54,0.56,0.36,0.36,0.46,0.39,0.38
225.0,0.53,0.29,0.54,0.56,0.36,0.36,0.46,0.39,0.38
226.0,0.51,0.29,0.56,0.51,0.35,0.34,0.46,0.36,0.35
227.0,0.51,0.29,0.56,0.51,0.35,0.34,0.46,0.36,0.35
228.0,0.47,0.28,0.58,0.49,0.34,0.3,0.46,0.34,0.33
229.0,0.47,0.28,0.58,0.49,0.34,0.3,0.46,0.34,0.33
230.0,0.45,0.27,0.58,0.47,0.33,0.28,0.48,0.33,0.32
231.0,0.45,0.27,0.58,0.47,0.33,0.28,0.48,0.33,0.32
232.0,0.43,0.26,0.6,0.45,0.32,0.3,0.47,0.33,0.3
233.0,0.43,0.26,0.6,0.45,0.32,0.3,0.47,0.33,0.3
234.0,0.41,0.24,0.61,0.42,0.31,0.31,0.52,0.31,0.28
235.0,0.41,0.24,0.61,0.42,0.31,0.31,0.52,0.31,0.28
236.0,0.39,0.23,0.62,0.4,0.3,0.25,0.52,0.29,0.27
237.0,0.39,0.23,0.62,0.4,0.3,0.25,0.52,0.29,0.27
238.0,0.37,0.23,0.64,0.38,0.28,0.25,0.53,0.27,0.26
239.0,0.37,0.23,0.64,0.38,0.28,0.25,0.53,0.27,0.26
240.0,0.35,0.23,0.66,0.35,0.28,0.29,0.54,0.25,0.25
241.0,0.35,0.23,0.66,0.35,0.28,0.29,0.54,0.25,0.25
242.0,0.34,0.22,0.68,0.33,0.27,0.27,0.55,0.23,0.23
243.0,0.34,0.22,0.68,0.33,0.27,0.27,0.55,0.23,0.23
244.0,0.32,0.21,0.72,0.31,0.26,0.2,0.57,0.22,0.22
245.0,0.32,0.21,0.72,0.31,0.26,0.2,0.57,0.22,0.22
246.0,0.31,0.21,0.7,0.3,0.25,0.2,0.57,0.21,0.21
247.0,0.31,0.21,0.7,0.3,0.25,0.2,0.57,0.21,0.21
248.0,0.29,0.2,0.69,0.3,0.24,0.17,0.58,0.2,0.2
249.0,0.29,0.2,0.69,0.3,0.24,0.17,0.58,0.2,0.2
250.0,0.28,0.19,0.69,0.29,0.23,0.15,0.57,0.19,0.19
251.0,0.28,0.19,0.69,0.29,0.23,0.15,0.57,0.19,0.19
252.0,0.27,0.18,0.7,0.28,0.23,0.17,0.58,0.18,0.18
253.0,0.27,0.18,0.7,0.28,0.23,0.17,0.58,0.18,0.18
254.0,0.27,0.17,0.71,0.27,0.23,0.15,0.57,0.17,0.17
255.0,0.27,0.17,0.71,0.27,0.23,0.15,0.57,0.17,0.17
256.0,0.26,0.17,0.72,0.26,0.22,0.1,0.6,0.16,0.16
257.0,0.26,0.17,0.72,0.26,0.22,0.1,0.6,0.16,0.16
258.0,0.24,0.17,0.72,0.24,0.21,0.08,0.64,0.17,0.15
259.0,0.24,0.17,0.72,0.24,0.21,0.08,0.64,0.17,0.15
260.0,0.22,0.16,0.72,0.23,0.21,0.11,0.62,0.16,0.15
261.0,0.22,0.16,0.72,0.23,0.21,0.11,0.62,0.16,0.15
262.0,0.22,0.15,0.72,0.22,0.2,0.08,0.63,0.15,0.15
263.0,0.22,0.15,0.72,0.22,0.2,0.08,0.63,0.15,0.15
264.0,0.22,0.15,0.72,0.21,0.19,0.11,0.65,0.15,0.15
265.0,0.22,0.15,0.72,0.21,0.19,0.11,0.65,0.15,0.15
266.0,0.21,0.15,0.72,0.22,0.18,0.12,0.65,0.14,0.15
267.0,0.21,0.15,0.72,0.22,0.18,0.12,0.65,0.14,0.15
268.0,0.21,0.15,0.74,0.21,0.17,0.12,0.65,0.14,0.14
269.0,0.21,0.15,0.74,0.21,0.17,0.12,0.65,0.14,0.14
270.0,0.21,0.14,0.74,0.21,0.16,0.09,0.65,0.12,0.13
271.0,0.21,0.14,0.74,0.21,0.16,0.09,0.65,0.12,0.13
272.0,0.2,0.14,0.75,0.2,0.15,0.11,0.65,0.11,0.12
273.0,0.2,0.14,0.75,0.2,0.15,0.11,0.65,0.11,0.12
274.0,0.19,0.13,0.76,0.19,0.15,0.08,0.65,0.11,0.11
275.0,0.19,0.13,0.76,0.19,0.15,0.08,0.65,0.11,0.11
276.0,0.18,0.12,0.76,0.18,0.15,0.11,0.65,0.1,0.11
277.0,0.18,0.12,0.76,0.18,0.15,0.11,0.65,0.1,0.11
278.0,0.18,0.11,0.76,0.17,0.15,0.12,0.66,0.1,0.11
279.0,0.18,0.11,0.76,0.17,0.15,0.12,0.66,0.1,0.11
280.0,0.18,0.11,0.74,0.17,0.15,0.12,0.68,0.1,0.11
281.0,0.18,0.11,0.74,0.17,0.15,0.12,0.68,0.1,0.11
282.0,0.17,0.11,0.76,0.17,0.14,0.15,0.71,0.1,0.1
283.0,0.17,0.11,0.76,0.17,0.14,0.15,0.71,0.1,0.1
284.0,0.16,0.11,0.77,0.16,0.14,0.14,0.7,0.09,0.09
285.0,0.16,0.11,0.77,0.16,0.14,0.14,0.7,0.09,0.09
286.0,0.15,0.11,0.78,0.15,0.14,0.14,0.69,0.08,0.08
287.0,0.15,0.11,0.78,0.15,0.14,0.14,0.69,0.08,0.08
288.0,0.15,0.11,0.77,0.16,0.13,0.17,0.69,0.08,0.08
289.0,0.15,0.11,0.77,0.16,0.13,0.17,0.69,0.08,0.08
290.0,0.14,0.11,0.77,0.17,0.12,0.18,0.68,0.06,0.08
291.0,0.14,0.11,0.77,0.17,0.12,0.18,0.68,0.06,0.08
292.0,0.14,0.1,0.78,0.15,0.12,0.18,0.68,0.05,0.07
293.0,0.14,0.1,0.78,0.15,0.12,0.18,0.68,0.05,0.07
294.0,0.14,0.1,0.78,0.14,0.11,0.18,0.69,0.05,0.07
295.0,0.14,0.1,0.78,0.14,0.11,0.18,0.69,0.05,0.07
296.0,0.12,0.09,0.78,0.13,0.11,0.15,0.71,0.06,0.06
297.0,0.12,0.09,0.78,0.13,0.11,0.15,0.71,0.06,0.06
298.0,0.12,0.08,0.79,0.12,0.1,0.17,0.74,0.05,0.06
299.0,0.12,0.08,0.79,0.12,0.1,0.17,0.74,0.05,0.06
300.0,0.12,0.08,0.8,0.12,0.1,0.15,0.71,0.05,0.06
301.0,0.12,0.08,0.8,0.12,0.1,0.15,0.71,0.05,0.06
302.0,0.12,0.07,0.79,0.12,0.1,0.29,0.72,0.06,0.06
303.0,0.12,0.07,0.79,0.12,0.1,0.29,0.72,0.06,0.06
304.0,0.11,0.07,0.8,0.11,0.09,0.21,0.71,0.04,0.05
305.0,0.11,0.07,0.8,0.11,0.09,0.21,0.71,0.04,0.05
306.0,0.11,0.07,0.8,0.11,0.09,0.2,0.7,0.04,0.04
307.0,0.11,0.07,0.8,0.11,0.09,0.2,0.7,0.04,0.04
308.0,0.11,0.07,0.8,0.11,0.08,0.13,0.72,0.04,0.04
309.0,0.11,0.07,0.8,0.11,0.08,0.13,0.72,0.04,0.04
310.0,0.11,0.07,0.81,0.11,0.08,0.16,0.73,0.04,0.04
311.0,0.11,0.07,0.81,0.11,0.08,0.16,0.73,0.04,0.04
312.0,0.11,0.07,0.81,0.1,0.08,0.15,0.75,0.04,0.04
313.0,0.11,0.07,0.81,0.1,0.08,0.15,0.75,0.04,0.04
314.0,0.1,0.06,0.81,0.1,0.07,0.17,0.74,0.04,0.04
315.0,0.1,0.06,0.81,0.1,0.07,0.17,0.74,0.04,0.04
316.0,0.1,0.06,0.81,0.11,0.06,0.18,0.74,0.04,0.04
317.0,0.1,0.06,0.81,0.11,0.06,0.18,0.74,0.04,0.04
318.0,0.11,0.06,0.81,0.1,0.06,0.15,0.72,0.04,0.04
319.0,0.11,0.06,0.81,0.1,0.06,0.15,0.72,0.04,0.04
320.0,0.1,0.05,0.82,0.09,0.06,0.1,0.73,0.04,0.03
321.0,0.1,0.05,0.82,0.09,0.06,0.1,0.73,0.04,0.03
322.0,0.1,0.04,0.81,0.08,0.06,0.15,0.71,0.04,0.03
323.0,0.1,0.04,0.81,0.08,0.06,0.15,0.71,0.04,0.03
324.0,0.09,0.04,0.81,0.08,0.06,0.17,0.72,0.03,0.03
325.0,0.09,0.04,0.81,0.08,0.06,0.17,0.72,0.03,0.03
326.0,0.08,0.04,0.81,0.08,0.06,0.21,0.74,0.03,0.03
327.0,0.08,0.04,0.81,0.08,0.06,0.21,0.74,0.03,0.03
328.0,0.07,0.04,0.82,0.08,0.06,0.29,0.74,0.03,0.03
329.0,0.07,0.04,0.82,0.08,0.06,0.29,0.74,0.03,0.03
330.0,0.07,0.04,0.82,0.07,0.06,0.27,0.76,0.02,0.03
331.0,0.07,0.04,0.82,0.07,0.06,0.27,0.76,0.02,0.03
332.0,0.06,0.04,0.81,0.07,0.04,0.3,0.75,0.01,0.03
333.0,0.06,0.04,0.81,0.07,0.04,0.3,0.75,0.01,0.03
334.0,0.07,0.03,0.82,0.06,0.03,0.28,0.76,0.01,0.03
335.0,0.07,0.03,0.82,0.06,0.03,0.28,0.76,0.01,0.03
336.0,0.06,0.03,0.82,0.06,0.03,0.27,0.78,0.02,0.03
337.0,0.06,0.03,0.82,0.06,0.03,0.27,0.78,0.02,0.03
338.0,0.04,0.03,0.81,0.06,0.03,0.26,0.78,0.01,0.03
339.0,0.04,0.03,0.81,0.06,0.03,0.26,0.78,0.01,0.03
340.0,0.03,0.03,0.82,0.06,0.03,0.29,0.78,0.01,0.03
341.0,0.03,0.03,0.82,0.06,0.03,0.29,0.78,0.01,0.03
342.0,0.03,0.03,0.82,0.04,0.02,0.3,0.78,0.01,0.01
343.0,0.03,0.03,0.82,0.04,0.02,0.3,0.78,0.01,0.01
344.0,0.02,0.02,0.81,0.04,0.02,0.31,0.78,0.01,0.02
345.0,0.02,0.02,0.81,0.04,0.02,0.31,0.78,0.01,0.02
346.0,0.01,0.02,0.81,0.03,0.01,0.28,0.79,0.01,0.01
347.0,0.01,0.02,0.81,0.03,0.01,0.28,0.79,0.01,0.01
348.0,0.01,0.01,0.81,0.03,0.01,0.3,0.8,0.01,0.01
349.0,0.01,0.01,0.81,0.03,0.01,0.3,0.8,0.01,0.01
350.0,0.01,0.01,0.82,0.01,0.01,0.31,0.83,0.01,0.01
351.0,0.01,0.01,0.82,0.01,0.01,0.31,0.83,0.01,0.01
352.0,0.01,0.01,0.82,0.01,0.01,0.32,0.85,0.01,0.01
353.0,0.01,0.01,0.82,0.01,0.01,0.32,0.85,0.01,0.01
354.0,0.01,0.01,0.82,0.01,0.01,0.32,0.86,0.01,0.01
355.0,0.01,0.01,0.82,0.01,0.01,0.32,0.86,0.01,0.01
356.0,0.01,0.01,0.82,0.01,0.01,0.32,0.86,0.01,0.01
357.0,0.01,0.01,0.82,0.01,0.01,0.32,0.86,0.01,0.01
358.0,0.01,0.01,0.82,0.01,0.01,0.32,0.86,0.01,0.01
359.0,0.01,0.01,0.82,0.01,0.01,0.32,0.86,0.01,0.01
360.0,0.01,0.01,0.82,0.01,0.01,0.32,0.86,0.01,0.01
361.0,0.01,0.01,0.82,0.01,0.01,0.32,0.86,0.01,0.01
362.0,0.01,0.01,0.82,0.01,0.01,0.32,0.86,0.01,0.01
363.0,0.01,0.01,0.82,0.01,0.01,0.32,0.86,0.01,0.01
364.0,0.01,0.01,0.82,0.01,0.01,0.32,0.86,0.01,0.01
365.0,0.01,0.01,0.82,0.01,0.01,0.32,0.86,0.01,0.01
366.0,0.01,0.01,0.82,0.01,0.01,0.32,0.86,0.01,0.01
367.0,0.01,0.01,0.82,0.01,0.01,0.32,0.86,0.01,0.01
368.0,0.01,0.01,0.82,0.01,0.01,0.32,0.86,0.01,0.01
369.0,0.01,0.01,0.82,0.01,0.01,0.32,0.86,0.01,0.01
370.0,0.01,0.01,0.82,0.01,0.01,0.32,0.86,0.01,0.01
371.0,0.01,0.01,0.82,0.01,0.01,0.32,0.86,0.01,0.01
372.0,0.01,0.01,0.82,0.01,0.01,0.32,0.86,0.01,0.01
373.0,0.01,0.01,0.82,0.01,0.01,0.32,0.86,0.01,0.01
374.0,0.01,0.01,0.82,0.01,0.01,0.32,0.86,0.01,0.01
375.0,0.01,0.01,0.82,0.01,0.01,0.32,0.86,0.01,0.01
376.0,0.01,0.01,0.82,0.01,0.01,0.32,0.86,0.01,0.01
377.0,0.01,0.01,0.82,0.01,0.01,0.32,0.86,0.01,0.01
378.0,0.01,0.01,0.82,0.01,0.01,0.32,0.86,0.01,0.01
379.0,0.01,0.01,0.82,0.01,0.01,0.32,0.86,0.01,0.01
380.0,0.01,0.01,0.82,0.01,0.01,0.32,0.86,0.01,0.01
381.0,0.01,0.01,0.82,0.01,0.01,0.32,0.86,0.01,0.01
382.0,0.01,0.01,0.82,0.01,0.01,0.32,0.86,0.01,0.01
383.0,0.01,0.01,0.82,0.01,0.01,0.32,0.86,0.01,0.01
384.0,0.01,0.01,0.82,0.01,0.01,0.32,0.86,0.01,0.01
385.0,0.01,0.01,0.82,0.01,0.01,0.32,0.86,0.01,0.01
386.0,0.01,0.01,0.82,0.01,0.01,0.32,0.86,0.01,0.01
387.0,0.01,0.01,0.82,0.01,0.01,0.32,0.86,0.01,0.01
388.0,0.01,0.01,0.82,0.01,0.01,0.32,0.86,0.01,0.01
389.0,0.01,0.01,0.82,0.01,0.01,0.32,0.86,0.01,0.01
390.0,0.01,0.01,0.82,0.01,0.01,0.32,0.86,0.01,0.01
391.0,0.01,0.01,0.82,0.01,0.01,0.32,0.86,0.01,0.01
392.0,0.01,0.01,0.82,0.01,0.01,0.32,0.86,0.01,0.01
393.0,0.01,0.01,0.82,0.01,0.01,0.32,0.86,0.01,0.01
394.0,0.01,0.01,0.82,0.01,0.01,0.32,0.86,0.01,0.01
395.0,0.01,0.01,0.82,0.01,0.01,0.32,0.86,0.01,0.01
396.0,0.01,0.01,0.82,0.01,0.01,0.32,0.86,0.01,0.01
397.0,0.01,0.01,0.82,0.01,0.01,0.32,0.86,0.01,0.01
398.0,0.01,0.01,0.82,0.01,0.01,0.32,0.86,0.01,0.01
399.0,0.01,0.01,0.82,0.01,0.01,0.32,0.86,0.01,0.01
400.0,0.01,0.01,0.82,0.01,0.01,0.32,0.86,0.01,0.01
401.0,0.01,0.01,0.82,0.01,0.01,0.32,0.86,0.01,0.01
402.0,0.01,0.01,0.82,0.01,0.01,0.32,0.86,0.01,0.01
403.0,0.01,0.01,0.82,0.01,0.01,0.32,0.86,0.01,0.01
404.0,0.01,0.01,0.82,0.01,0.01,0.32,0.86,0.01,0.01
405.0,0.01,0.01,0.82,0.01,0.01,0.32,0.86,0.01,0.01
406.0,0.01,0.01,0.82,0.01,0.01,0.32,0.86,0.01,0.01
407.0,0.01,0.01,0.82,0.01,0.01,0.32,0.86,0.01,0.01
408.0,0.01,0.01,0.82,0.01,0.01,0.32,0.86,0.01,0.01
409.0,0.01,0.01,0.82,0.01,0.01,0.32,0.86,0.01,0.01
410.0,0.01,0.01,0.82,0.01,0.01,0.32,0.86,0.01,0.01
411.0,0.01,0.01,0.82,0.01,0.01,0.32,0.86,0.01,0.01
412.0,0.01,0.01,0.82,0.01,0.01,0.32,0.86,0.01,0.01
413.0,0.01,0.01,0.82,0.01,0.01,0.32,0.86,0.01,0.01
414.0,0.01,0.01,0.82,0.01,0.01,0.32,0.86,0.01,0.01
415.0,0.01,0.01,0.82,0.01,0.01,0.32,0.86,0.01,0.01
416.0,0.01,0.01,0.82,0.01,0.01,0.32,0.86,0.01,0.01
417.0,0.01,0.01,0.82,0.01,0.01,0.32,0.86,0.01,0.01
418.0,0.01,0.01,0.82,0.01,0.01,0.32,0.86,0.01,0.01
419.0,0.01,0.01,0.82,0.01,0.01,0.32,0.86,0.01,0.01
420.0,0.01,0.01,0.82,0.01,0.01,0.32,0.86,0.01,0.01
421.0,0.01,0.01,0.82,0.01,0.01,0.32,0.86,0.01,0.01
422.0,0.01,0.01,0.82,0.01,0.01,0.32,0.86,0.01,0.01
423.0,0.01,0.01,0.82,0.01,0.01,0.32,0.86,0.01,0.01
424.0,0.01,0.01,0.82,0.01,0.01,0.32,0.86,0.01,0.01
425.0,0.01,0.01,0.82,0.01,0.01,0.32,0.86,0.01,0.01
426.0,0.01,0.01,0.82,0.01,0.01,0.32,0.86,0.01,0.01
427.0,0.01,0.01,0.82,0.01,0.01,0.32,0.86,0.01,0.01
428.0,0.01,0.01,0.82,0.01,0.01,0.32,0.86,0.01,0.01
429.0,0.01,0.01,0.82,0.01,0.01,0.32,0.86,0.01,0.01
430.0,0.01,0.01,0.82,0.01,0.01,0.32,0.86,0.01,0.01
431.0,0.01,0.01,0.82,0.01,0.01,0.32,0.86,0.01,0.01
432.0,0.01,0.01,0.82,0.01,0.01,0.32,0.86,0.01,0.01
433.0,0.01,0.01,0.82,0.01,0.01,0.32,0.86,0.01,0.01
434.0,0.01,0.01,0.82,0.01,0.01,0.32,0.86,0.01,0.01
435.0,0.01,0.01,0.82,0.01,0.01,0.32,0.86,0.01,0.01
436.0,0.01,0.01,0.82,0.01,0.01,0.32,0.86,0.01,0.01
437.0,0.01,0.01,0.82,0.01,0.01,0.32,0.86,0.01,0.01
438.0,0.01,0.01,0.82,0.01,0.01,0.32,0.86,0.01,0.01
439.0,0.01,0.01,0.82,0.01,0.01,0.32,0.86,0.01,0.01
440.0,0.01,0.01,0.82,0.01,0.01,0.32,0.86,0.01,0.01
441.0,0.01,0.01,0.82,0.01,0.01,0.32,0.86,0.01,0.01
442.0,0.01,0.01,0.82,0.01,0.01,0.32,0.86,0.01,0.01
443.0,0.01,0.01,0.82,0.01,0.01,0.32,0.86,0.01,0.01
444.0,0.01,0.01,0.82,0.01,0.01,0.32,0.86,0.01,0.01
445.0,0.01,0.01,0.82,0.01,0.01,0.32,0.86,0.01,0.01
446.0,0.01,0.01,0.82,0.01,0.01,0.32,0.86,0.01,0.01
447.0,0.01,0.01,0.82,0.01,0.01,0.32,0.86,0.01,0.01
448.0,0.01,0.01,0.82,0.01,0.01,0.32,0.86,0.01,0.01
449.0,0.01,0.01,0.82,0.01,0.01,0.32,0.86,0.01,0.01
450.0,0.01,0.01,0.82,0.01,0.01,0.32,0.86,0.01,0.01
451.0,0.01,0.01,0.82,0.01,0.01,0.32,0.86,0.01,0.01
452.0,0.01,0.01,0.82,0.01,0.01,0.32,0.86,0.01,0.01
453.0,0.01,0.01,0.82,0.01,0.01,0.32,0.86,0.01,0.01
454.0,0.01,0.01,0.82,0.01,0.01,0.32,0.86,0.01,0.01
455.0,0.01,0.01,0.82,0.01,0.01,0.32,0.86,0.01,0.01
456.0,0.01,0.01,0.82,0.01,0.01,0.32,0.86,0.01,0.01
457.0,0.01,0.01,0.82,0.01,0.01,0.32,0.86,0.01,0.01
458.0,0.01,0.01,0.82,0.01,0.01,0.32,0.86,0.01,0.01
459.0,0.01,0.01,0.82,0.01,0.01,0.32,0.86,0.01,0.01
460.0,0.01,0.01,0.82,0.01,0.01,0.32,0.86,0.01,0.01
461.0,0.01,0.01,0.82,0.01,0.01,0.32,0.86,0.01,0.01
462.0,0.01,0.01,0.82,0.01,0.01,0.32,0.86,0.01,0.01
463.0,0.01,0.01,0.82,0.01,0.01,0.32,0.86,0.01,0.01
464.0,0.01,0.01,0.82,0.01,0.01,0.32,0.86,0.01,0.01
465.0,0.01,0.01,0.82,0.01,0.01,0.32,0.86,0.01,0.01
466.0,0.01,0.01,0.82,0.01,0.01,0.32,0.86,0.01,0.01
467.0,0.01,0.01,0.82,0.01,0.01,0.32,0.86,0.01,0.01
468.0,0.01,0.01,0.82,0.01,0.01,0.32,0.86,0.01,0.01
469.0,0.01,0.01,0.82,0.01,0.01,0.32,0.86,0.01,0.01
470.0,0.01,0.01,0.82,0.01,0.01,0.32,0.86,0.01,0.01
471.0,0.01,0.01,0.82,0.01,0.01,0.32,0.86,0.01,0.01
472.0,0.01,0.01,0.82,0.01,0.01,0.32,0.86,0.01,0.01
473.0,0.01,0.01,0.82,0.01,0.01,0.32,0.86,0.01,0.01
474.0,0.01,0.01,0.82,0.01,0.01,0.32,0.86,0.01,0.01
475.0,0.01,0.01,0.82,0.01,0.01,0.32,0.86,0.01,0.01
476.0,0.01,0.01,0.82,0.01,0.01,0.32,0.86,0.01,0.01
477.0,0.01,0.01,0.82,0.01,0.01,0.32,0.86,0.01,0.01
478.0,0.01,0.01,0.82,0.01,0.01,0.32,0.86,0.01,0.01
479.0,0.01,0.01,0.82,0.01,0.01,0.32,0.86,0.01,0.01
480.0,0.01,0.01,0.82,0.01,0.01,0.32,0.86,0.01,0.01
481.0,0.01,0.01,0.82,0.01,0.01,0.32,0.86,0.01,0.01
482.0,0.01,0.01,0.82,0.01,0.01,0.32,0.86,0.01,0.01
483.0,0.01,0.01,0.82,0.01,0.01,0.32,0.86,0.01,0.01
484.0,0.01,0.01,0.82,0.01,0.01,0.32,0.86,0.01,0.01
485.0,0.01,0.01,0.82,0.01,0.01,0.32,0.86,0.01,0.01
486.0,0.01,0.01,0.82,0.01,0.01,0.32,0.86,0.01,0.01
487.0,0.01,0.01,0.82,0.01,0.01,0.32,0.86,0.01,0.01
488.0,0.01,0.01,0.82,0.01,0.01,0.32,0.86,0.01,0.01
489.0,0.01,0.01,0.82,0.01,0.01,0.32,0.86,0.01,0.01
490.0,0.01,0.01,0.82,0.01,0.01,0.32,0.86,0.01,0.01
491.0,0.01,0.01,0.82,0.01,0.01,0.32,0.86,0.01,0.01
492.0,0.01,0.01,0.82,0.01,0.01,0.32,0.86,0.01,0.01
493.0,0.01,0.01,0.82,0.01,0.01,0.32,0.86,0.01,0.01
494.0,0.01,0.01,0.82,0.01,0.01,0.32,0.86,0.01,0.01
495.0,0.01,0.01,0.82,0.01,0.01,0.32,0.86,0.01,0.01
496.0,0.01,0.01,0.82,0.01,0.01,0.32,0.86,0.01,0.01
497.0,0.01,0.01,0.82,0.01,0.01,0.32,0.86,0.01,0.01
498.0,0.01,0.01,0.82,0.01,0.01,0.32,0.86,0.01,0.01
499.0,0.01,0.01,0.82,0.01,0.01,0.32,0.86,0.01,0.01
500.0,0.01,0.01,0.82,0.01,0.01,0.32,0.86,0.01,0.01
501.0,0.01,0.01,0.82,0.01,0.01,0.32,0.86,0.01,0.01
502.0,0.01,0.01,0.82,0.01,0.01,0.32,0.86,0.01,0.01
503.0,0.01,0.01,0.82,0.01,0.01,0.32,0.86,0.01,0.01
504.0,0.01,0.01,0.82,0.01,0.01,0.32,0.86,0.01,0.01
505.0,0.01,0.01,0.82,0.01,0.01,0.32,0.86,0.01,0.01
506.0,0.01,0.01,0.82,0.01,0.01,0.32,0.86,0.01,0.01
507.0,0.01,0.01,0.82,0.01,0.01,0.32,0.86,0.01,0.01
508.0,0.01,0.01,0.82,0.01,0.01,0.32,0.86,0.01,0.01
509.0,0.01,0.01,0.82,0.01,0.01,0.32,0.86,0.01,0.01
510.0,0.01,0.01,0.82,0.01,0.01,0.32,0.86,0.01,0.01
511.0,0.01,0.01,0.82,0.01,0.01,0.32,0.86,0.01,0.01
