0.0,0.07064,0.211921,0.454116,0.07064,0.191738,0.161463,0.635762,0.040366,0.040366
1.0,0.07064,0.211921,0.454116,0.07064,0.191738,0.161463,0.635762,0.040366,0.040366
2.0,0.07064,0.211921,0.433933,0.07064,0.181646,0.151372,0.605488,0.040366,0.030274
3.0,0.07064,0.211921,0.433933,0.07064,0.181646,0.151372,0.605488,0.040366,0.030274
4.0,0.07064,0.211921,0.433933,0.07064,0.171555,0.151372,0.585305,0.040366,0.040366
5.0,0.07064,0.211921,0.433933,0.07064,0.171555,0.151372,0.585305,0.040366,0.040366
6.0,0.07064,0.211921,0.433933,0.07064,0.171555,0.151372,0.605488,0.040366,0.040366
7.0,0.07064,0.211921,0.433933,0.07064,0.171555,0.151372,0.605488,0.040366,0.040366
8.0,0.07064,0.201829,0.423842,0.07064,0.171555,0.151372,0.615579,0.040366,0.040366
9.0,0.07064,0.201829,0.423842,0.07064,0.171555,0.151372,0.615579,0.040366,0.040366
10.0,0.07064,0.201829,0.464207,0.07064,0.171555,0.151372,0.655945,0.040366,0.040366
11.0,0.07064,0.201829,0.464207,0.07064,0.171555,0.151372,0.655945,0.040366,0.040366
12.0,0.080732,0.201829,0.464207,0.07064,0.171555,0.151372,0.645854,0.040366,0.040366
13.0,0.080732,0.201829,0.464207,0.07064,0.171555,0.151372,0.645854,0.040366,0.040366
14.0,0.100915,0.201829,0.454116,0.07064,0.171555,0.151372,0.605488,0.040366,0.040366
15.0,0.100915,0.201829,0.454116,0.07064,0.171555,0.151372,0.605488,0.040366,0.040366
16.0,0.131189,0.201829,0.464207,0.080732,0.171555,0.151372,0.615579,0.040366,0.040366
17.0,0.131189,0.201829,0.464207,0.080732,0.171555,0.151372,0.615579,0.040366,0.040366
18.0,0.161463,0.211921,0.464207,0.080732,0.171555,0.151372,0.534848,0.040366,0.040366
19.0,0.161463,0.211921,0.464207,0.080732,0.171555,0.151372,0.534848,0.040366,0.040366
20.0,0.191738,0.211921,0.48439,0.100915,0.171555,0.151372,0.585305,0.040366,0.040366
21.0,0.191738,0.211921,0.48439,0.100915,0.171555,0.151372,0.585305,0.040366,0.040366
22.0,0.222012,0.211921,0.494482,0.111006,0.171555,0.151372,0.575213,0.040366,0.050457
23.0,0.222012,0.211921,0.494482,0.111006,0.171555,0.151372,0.575213,0.040366,0.050457
24.0,0.252287,0.211921,0.494482,0.121098,0.181646,0.161463,0.534848,0.040366,0.060549
25.0,0.252287,0.211921,0.494482,0.121098,0.181646,0.161463,0.534848,0.040366,0.060549
26.0,0.282561,0.222012,0.514665,0.151372,0.201829,0.171555,0.48439,0.050457,0.07064
27.0,0.282561,0.222012,0.514665,0.151372,0.201829,0.171555,0.48439,0.050457,0.07064
28.0,0.312835,0.232104,0.514665,0.171555,0.211921,0.171555,0.524756,0.060549,0.090823
29.0,0.312835,0.232104,0.514665,0.171555,0.211921,0.171555,0.524756,0.060549,0.090823
30.0,0.34311,0.242195,0.544939,0.201829,0.222012,0.181646,0.48439,0.07064,0.100915
31.0,0.34311,0.242195,0.544939,0.201829,0.222012,0.181646,0.48439,0.07064,0.100915
32.0,0.363293,0.262378,0.544939,0.232104,0.232104,0.211921,0.514665,0.100915,0.121098
33.0,0.363293,0.262378,0.544939,0.232104,0.232104,0.211921,0.514665,0.100915,0.121098
34.0,0.393567,0.27247,0.555031,0.252287,0.242195,0.222012,0.524756,0.121098,0.141281
35.0,0.393567,0.27247,0.555031,0.252287,0.242195,0.222012,0.524756,0.121098,0.141281
36.0,0.423842,0.282561,0.565122,0.282561,0.262378,0.242195,0.534848,0.141281,0.161463
37.0,0.423842,0.282561,0.565122,0.282561,0.262378,0.242195,0.534848,0.141281,0.161463
38.0,0.433933,0.292652,0.555031,0.302744,0.282561,0.262378,0.514665,0.161463,0.171555
39.0,0.433933,0.292652,0.555031,0.302744,0.282561,0.262378,0.514665,0.161463,0.171555
40.0,0.454116,0.292652,0.575213,0.322927,0.302744,0.252287,0.524756,0.171555,0.181646
41.0,0.454116,0.292652,0.575213,0.322927,0.302744,0.252287,0.524756,0.171555,0.181646
42.0,0.474299,0.302744,0.575213,0.34311,0.312835,0.27247,0.514665,0.191738,0.211921
43.0,0.474299,0.302744,0.575213,0.34311,0.312835,0.27247,0.514665,0.191738,0.211921
44.0,0.48439,0.322927,0.575213,0.363293,0.333018,0.282561,0.544939,0.211921,0.232104
45.0,0.48439,0.322927,0.575213,0.363293,0.333018,0.282561,0.544939,0.211921,0.232104
46.0,0.494482,0.333018,0.575213,0.383476,0.34311,0.292652,0.524756,0.232104,0.252287
47.0,0.494482,0.333018,0.575213,0.383476,0.34311,0.292652,0.524756,0.232104,0.252287
48.0,0.514665,0.34311,0.575213,0.403659,0.353201,0.302744,0.48439,0.262378,0.27247
49.0,0.514665,0.34311,0.575213,0.403659,0.353201,0.302744,0.48439,0.262378,0.27247
50.0,0.534848,0.353201,0.585305,0.423842,0.363293,0.312835,0.48439,0.282561,0.292652
51.0,0.534848,0.353201,0.585305,0.423842,0.363293,0.312835,0.48439,0.282561,0.292652
52.0,0.555031,0.363293,0.575213,0.433933,0.383476,0.322927,0.48439,0.302744,0.312835
53.0,0.555031,0.363293,0.575213,0.433933,0.383476,0.322927,0.48439,0.302744,0.312835
54.0,0.565122,0.383476,0.615579,0.454116,0.403659,0.333018,0.48439,0.322927,0.333018
55.0,0.565122,0.383476,0.615579,0.454116,0.403659,0.333018,0.48439,0.322927,0.333018
56.0,0.575213,0.393567,0.605488,0.464207,0.423842,0.34311,0.464207,0.333018,0.34311
57.0,0.575213,0.393567,0.605488,0.464207,0.423842,0.34311,0.464207,0.333018,0.34311
58.0,0.585305,0.403659,0.595396,0.474299,0.433933,0.353201,0.474299,0.353201,0.353201
59.0,0.585305,0.403659,0.595396,0.474299,0.433933,0.353201,0.474299,0.353201,0.353201
60.0,0.595396,0.423842,0.585305,0.494482,0.444024,0.353201,0.504573,0.373384,0.373384
61.0,0.595396,0.423842,0.585305,0.494482,0.444024,0.353201,0.504573,0.373384,0.373384
62.0,0.605488,0.433933,0.585305,0.514665,0.454116,0.373384,0.494482,0.393567,0.393567
63.0,0.605488,0.433933,0.585305,0.514665,0.454116,0.373384,0.494482,0.393567,0.393567
64.0,0.615579,0.444024,0.585305,0.534848,0.464207,0.383476,0.464207,0.41375,0.41375
65.0,0.615579,0.444024,0.585305,0.534848,0.464207,0.383476,0.464207,0.41375,0.41375
66.0,0.625671,0.454116,0.585305,0.544939,0.474299,0.403659,0.454116,0.423842,0.433933
67.0,0.625671,0.454116,0.585305,0.544939,0.474299,0.403659,0.454116,0.423842,0.433933
68.0,0.645854,0.474299,0.575213,0.555031,0.494482,0.41375,0.454116,0.433933,0.454116
69.0,0.645854,0.474299,0.575213,0.555031,0.494482,0.41375,0.454116,0.433933,0.454116
70.0,0.655945,0.48439,0.575213,0.565122,0.504573,0.423842,0.494482,0.454116,0.464207
71.0,0.655945,0.48439,0.575213,0.565122,0.504573,0.423842,0.494482,0.454116,0.464207
72.0,0.666037,0.494482,0.605488,0.575213,0.524756,0.433933,0.514665,0.474299,0.474299
73.0,0.666037,0.494482,0.605488,0.575213,0.524756,0.433933,0.514665,0.474299,0.474299
74.0,0.676128,0.514665,0.615579,0.585305,0.534848,0.444024,0.474299,0.48439,0.494482
75.0,0.676128,0.514665,0.615579,0.585305,0.534848,0.444024,0.474299,0.48439,0.494482
76.0,0.68622,0.534848,0.625671,0.595396,0.544939,0.454116,0.48439,0.494482,0.504573
77.0,0.68622,0.534848,0.625671,0.595396,0.544939,0.454116,0.48439,0.494482,0.504573
78.0,0.696311,0.544939,0.645854,0.605488,0.555031,0.464207,0.464207,0.514665,0.514665
79.0,0.696311,0.544939,0.645854,0.605488,0.555031,0.464207,0.464207,0.514665,0.514665
80.0,0.706403,0.555031,0.655945,0.625671,0.565122,0.464207,0.454116,0.534848,0.534848
81.0,0.706403,0.555031,0.655945,0.625671,0.565122,0.464207,0.454116,0.534848,0.534848
82.0,0.706403,0.575213,0.645854,0.645854,0.575213,0.48439,0.494482,0.544939,0.544939
83.0,0.706403,0.575213,0.645854,0.645854,0.575213,0.48439,0.494482,0.544939,0.544939
84.0,0.716494,0.585305,0.655945,0.655945,0.585305,0.494482,0.464207,0.555031,0.555031
85.0,0.716494,0.585305,0.655945,0.655945,0.585305,0.494482,0.464207,0.555031,0.555031
86.0,0.726585,0.595396,0.655945,0.666037,0.595396,0.494482,0.423842,0.565122,0.565122
87.0,0.726585,0.595396,0.655945,0.666037,0.595396,0.494482,0.423842,0.565122,0.565122
88.0,0.726585,0.615579,0.645854,0.676128,0.605488,0.514665,0.403659,0.575213,0.575213
89.0,0.726585,0.615579,0.645854,0.676128,0.605488,0.514665,0.403659,0.575213,0.575213
90.0,0.736677,0.625671,0.645854,0.68622,0.615579,0.524756,0.423842,0.585305,0.585305
91.0,0.736677,0.625671,0.645854,0.68622,0.615579,0.524756,0.423842,0.585305,0.585305
92.0,0.746768,0.645854,0.645854,0.696311,0.625671,0.544939,0.454116,0.605488,0.595396
93.0,0.746768,0.645854,0.645854,0.696311,0.625671,0.544939,0.454116,0.605488,0.595396
94.0,0.75686,0.655945,0.645854,0.696311,0.645854,0.544939,0.454116,0.615579,0.615579
95.0,0.75686,0.655945,0.645854,0.696311,0.645854,0.544939,0.454116,0.615579,0.615579
96.0,0.766951,0.666037,0.645854,0.706403,0.655945,0.544939,0.474299,0.625671,0.625671
97.0,0.766951,0.666037,0.645854,0.706403,0.655945,0.544939,0.474299,0.625671,0.625671
98.0,0.777043,0.676128,0.655945,0.716494,0.666037,0.555031,0.48439,0.635762,0.635762
99.0,0.777043,0.676128,0.655945,0.716494,0.666037,0.555031,0.48439,0.635762,0.635762
100.0,0.787134,0.696311,0.645854,0.726585,0.68622,0.565122,0.464207,0.645854,0.655945
101.0,0.787134,0.696311,0.645854,0.726585,0.68622,0.565122,0.464207,0.645854,0.655945
102.0,0.787134,0.706403,0.645854,0.736677,0.696311,0.565122,0.474299,0.655945,0.666037
103.0,0.787134,0.706403,0.645854,0.736677,0.696311,0.565122,0.474299,0.655945,0.666037
104.0,0.797226,0.716494,0.676128,0.736677,0.706403,0.575213,0.423842,0.666037,0.676128
105.0,0.797226,0.716494,0.676128,0.736677,0.706403,0.575213,0.423842,0.666037,0.676128
106.0,0.797226,0.726585,0.666037,0.746768,0.706403,0.585305,0.433933,0.676128,0.68622
107.0,0.797226,0.726585,0.666037,0.746768,0.706403,0.585305,0.433933,0.676128,0.68622
108.0,0.807317,0.736677,0.655945,0.75686,0.716494,0.605488,0.464207,0.696311,0.696311
109.0,0.807317,0.736677,0.655945,0.75686,0.716494,0.605488,0.464207,0.696311,0.696311
110.0,0.817409,0.746768,0.676128,0.766951,0.726585,0.605488,0.474299,0.706403,0.696311
111.0,0.817409,0.746768,0.676128,0.766951,0.726585,0.605488,0.474299,0.706403,0.696311
112.0,0.817409,0.75686,0.666037,0.777043,0.736677,0.615579,0.48439,0.706403,0.706403
113.0,0.817409,0.75686,0.666037,0.777043,0.736677,0.615579,0.48439,0.706403,0.706403
114.0,0.817409,0.766951,0.68622,0.787134,0.746768,0.625671,0.514665,0.716494,0.716494
115.0,0.817409,0.766951,0.68622,0.787134,0.746768,0.625671,0.514665,0.716494,0.716494
116.0,0.817409,0.777043,0.666037,0.797226,0.75686,0.645854,0.474299,0.716494,0.726585
117.0,0.817409,0.777043,0.666037,0.797226,0.75686,0.645854,0.474299,0.716494,0.726585
118.0,0.8275,0.787134,0.696311,0.797226,0.766951,0.655945,0.454116,0.736677,0.726585
119.0,0.8275,0.787134,0.696311,0.797226,0.766951,0.655945,0.454116,0.736677,0.726585
120.0,0.837592,0.797226,0.676128,0.807317,0.777043,0.666037,0.454116,0.746768,0.736677
121.0,0.837592,0.797226,0.676128,0.807317,0.777043,0.666037,0.454116,0.746768,0.736677
122.0,0.837592,0.807317,0.68622,0.817409,0.787134,0.666037,0.474299,0.75686,0.746768
123.0,0.837592,0.807317,0.68622,0.817409,0.787134,0.666037,0.474299,0.75686,0.746768
124.0,0.847683,0.817409,0.696311,0.817409,0.797226,0.666037,0.504573,0.766951,0.746768
125.0,0.847683,0.817409,0.696311,0.817409,0.797226,0.666037,0.504573,0.766951,0.746768
126.0,0.847683,0.8275,0.676128,0.8275,0.807317,0.68622,0.524756,0.777043,0.766951
127.0,0.847683,0.8275,0.676128,0.8275,0.807317,0.68622,0.524756,0.777043,0.766951
128.0,0.857774,0.8275,0.696311,0.8275,0.817409,0.68622,0.514665,0.787134,0.777043
129.0,0.857774,0.8275,0.696311,0.8275,0.817409,0.68622,0.514665,0.787134,0.777043
130.0,0.857774,0.837592,0.696311,0.8275,0.8275,0.696311,0.544939,0.797226,0.787134
131.0,0.857774,0.837592,0.696311,0.8275,0.8275,0.696311,0.544939,0.797226,0.787134
132.0,0.867866,0.847683,0.676128,0.837592,0.837592,0.696311,0.524756,0.807317,0.797226
133.0,0.867866,0.847683,0.676128,0.837592,0.837592,0.696311,0.524756,0.807317,0.797226
134.0,0.867866,0.847683,0.666037,0.847683,0.837592,0.706403,0.48439,0.807317,0.807317
135.0,0.867866,0.847683,0.666037,0.847683,0.837592,0.706403,0.48439,0.807317,0.807317
136.0,0.877957,0.857774,0.666037,0.847683,0.847683,0.716494,0.555031,0.817409,0.817409
137.0,0.877957,0.857774,0.666037,0.847683,0.847683,0.716494,0.555031,0.817409,0.817409
138.0,0.888049,0.867866,0.68622,0.857774,0.857774,0.716494,0.544939,0.817409,0.817409
139.0,0.888049,0.867866,0.68622,0.857774,0.857774,0.716494,0.544939,0.817409,0.817409
140.0,0.89814,0.867866,0.706403,0.857774,0.857774,0.726585,0.524756,0.8275,0.817409
141.0,0.89814,0.867866,0.706403,0.857774,0.857774,0.726585,0.524756,0.8275,0.817409
142.0,0.89814,0.877957,0.726585,0.867866,0.867866,0.746768,0.544939,0.8275,0.817409
143.0,0.89814,0.877957,0.726585,0.867866,0.867866,0.746768,0.544939,0.8275,0.817409
144.0,0.908232,0.888049,0.75686,0.867866,0.877957,0.736677,0.544939,0.837592,0.8275
145.0,0.908232,0.888049,0.75686,0.867866,0.877957,0.736677,0.544939,0.837592,0.8275
146.0,0.908232,0.89814,0.75686,0.877957,0.888049,0.746768,0.544939,0.837592,0.837592
147.0,0.908232,0.89814,0.75686,0.877957,0.888049,0.746768,0.544939,0.837592,0.837592
148.0,0.908232,0.908232,0.736677,0.888049,0.89814,0.75686,0.544939,0.847683,0.847683
149.0,0.908232,0.908232,0.736677,0.888049,0.89814,0.75686,0.544939,0.847683,0.847683
150.0,0.918323,0.908232,0.777043,0.89814,0.908232,0.777043,0.585305,0.857774,0.847683
151.0,0.918323,0.908232,0.777043,0.89814,0.908232,0.777043,0.585305,0.857774,0.847683
152.0,0.918323,0.918323,0.766951,0.89814,0.908232,0.787134,0.605488,0.867866,0.857774
153.0,0.918323,0.918323,0.766951,0.89814,0.908232,0.787134,0.605488,0.867866,0.857774
154.0,0.928415,0.918323,0.736677,0.908232,0.918323,0.787134,0.615579,0.867866,0.857774
155.0,0.928415,0.918323,0.736677,0.908232,0.918323,0.787134,0.615579,0.867866,0.857774
156.0,0.928415,0.928415,0.746768,0.918323,0.918323,0.797226,0.595396,0.877957,0.867866
157.0,0.928415,0.928415,0.746768,0.918323,0.918323,0.797226,0.595396,0.877957,0.867866
158.0,0.928415,0.928415,0.766951,0.918323,0.928415,0.807317,0.615579,0.888049,0.867866
159.0,0.928415,0.928415,0.766951,0.918323,0.928415,0.807317,0.615579,0.888049,0.867866
160.0,0.938506,0.938506,0.736677,0.918323,0.928415,0.817409,0.625671,0.89814,0.877957
161.0,0.938506,0.938506,0.736677,0.918323,0.928415,0.817409,0.625671,0.89814,0.877957
162.0,0.938506,0.938506,0.777043,0.928415,0.938506,0.817409,0.595396,0.908232,0.89814
163.0,0.938506,0.938506,0.777043,0.928415,0.938506,0.817409,0.595396,0.908232,0.89814
164.0,0.948598,0.948598,0.766951,0.928415,0.938506,0.817409,0.645854,0.908232,0.908232
165.0,0.948598,0.948598,0.766951,0.928415,0.938506,0.817409,0.645854,0.908232,0.908232
166.0,0.948598,0.948598,0.766951,0.928415,0.948598,0.8275,0.666037,0.918323,0.908232
167.0,0.948598,0.948598,0.766951,0.928415,0.948598,0.8275,0.666037,0.918323,0.908232
168.0,0.948598,0.948598,0.777043,0.938506,0.948598,0.837592,0.676128,0.918323,0.918323
169.0,0.948598,0.948598,0.777043,0.938506,0.948598,0.837592,0.676128,0.918323,0.918323
170.0,0.948598,0.948598,0.797226,0.948598,0.948598,0.857774,0.68622,0.928415,0.928415
171.0,0.948598,0.948598,0.797226,0.948598,0.948598,0.857774,0.68622,0.928415,0.928415
172.0,0.948598,0.948598,0.797226,0.948598,0.948598,0.857774,0.666037,0.938506,0.928415
173.0,0.948598,0.948598,0.797226,0.948598,0.948598,0.857774,0.666037,0.938506,0.928415
174.0,0.958689,0.958689,0.797226,0.948598,0.958689,0.888049,0.716494,0.938506,0.938506
175.0,0.958689,0.958689,0.797226,0.948598,0.958689,0.888049,0.716494,0.938506,0.938506
176.0,0.958689,0.958689,0.797226,0.948598,0.958689,0.888049,0.716494,0.948598,0.938506
177.0,0.958689,0.958689,0.797226,0.948598,0.958689,0.888049,0.716494,0.948598,0.938506
178.0,0.958689,0.968781,0.807317,0.948598,0.968781,0.888049,0.716494,0.948598,0.948598
179.0,0.958689,0.968781,0.807317,0.948598,0.968781,0.888049,0.716494,0.948598,0.948598
180.0,0.968781,0.968781,0.817409,0.958689,0.968781,0.89814,0.716494,0.948598,0.948598
181.0,0.968781,0.968781,0.817409,0.958689,0.968781,0.89814,0.716494,0.948598,0.948598
182.0,0.968781,0.968781,0.817409,0.958689,0.968781,0.908232,0.736677,0.958689,0.948598
183.0,0.968781,0.968781,0.817409,0.958689,0.968781,0.908232,0.736677,0.958689,0.948598
184.0,0.968781,0.978872,0.817409,0.968781,0.968781,0.908232,0.746768,0.958689,0.958689
185.0,0.968781,0.978872,0.817409,0.968781,0.968781,0.908232,0.746768,0.958689,0.958689
186.0,0.978872,0.978872,0.8275,0.968781,0.978872,0.908232,0.807317,0.968781,0.958689
187.0,0.978872,0.978872,0.8275,0.968781,0.978872,0.908232,0.807317,0.968781,0.958689
188.0,0.978872,0.978872,0.817409,0.968781,0.978872,0.918323,0.787134,0.968781,0.968781
189.0,0.978872,0.978872,0.817409,0.968781,0.978872,0.918323,0.787134,0.968781,0.968781
190.0,0.978872,0.988964,0.8275,0.978872,0.978872,0.918323,0.807317,0.968781,0.968781
191.0,0.978872,0.988964,0.8275,0.978872,0.978872,0.918323,0.807317,0.968781,0.968781
192.0,0.988964,0.988964,0.837592,0.978872,0.988964,0.928415,0.766951,0.978872,0.978872
193.0,0.988964,0.988964,0.837592,0.978872,0.988964,0.928415,0.766951,0.978872,0.978872
194.0,0.988964,0.988964,0.8275,0.988964,0.988964,0.938506,0.837592,0.978872,0.978872
195.0,0.988964,0.988964,0.8275,0.988964,0.988964,0.938506,0.837592,0.978872,0.978872
196.0,0.988964,0.988964,0.837592,0.988964,0.988964,0.938506,0.8275,0.988964,0.988964
197.0,0.988964,0.988964,0.837592,0.988964,0.988964,0.938506,0.8275,0.988964,0.988964
198.0,0.988964,0.999055,0.908232,0.988964,0.988964,0.948598,0.867866,0.988964,0.988964
199.0,0.988964,0.999055,0.908232,0.988964,0.988964,0.948598,0.867866,0.988964,0.988964
200.0,0.999055,0.999055,0.928415,0.988964,0.999055,0.978872,0.867866,0.999055,0.999055
201.0,0.999055,0.999055,0.928415,0.988964,0.999055,0.978872,0.867866,0.999055,0.999055
202.0,0.999055,0.999055,0.938506,0.999055,0.999055,0.968781,0.918323,0.999055,0.988964
203.0,0.999055,0.999055,0.938506,0.999055,0.999055,0.968781,0.918323,0.999055,0.988964
204.0,0.978872,0.999055,0.958689,0.988964,0.999055,0.988964,0.968781,0.978872,0.968781
205.0,0.978872,0.999055,0.958689,0.988964,0.999055,0.988964,0.968781,0.978872,0.968781
206.0,0.948598,0.988964,0.948598,0.968781,0.999055,0.978872,0.968781,0.938506,0.918323
207.0,0.948598,0.988964,0.948598,0.968781,0.999055,0.978872,0.968781,0.938506,0.918323
208.0,0.908232,0.978872,0.958689,0.938506,0.988964,0.978872,0.867866,0.877957,0.857774
209.0,0.908232,0.978872,0.958689,0.938506,0.988964,0.978872,0.867866,0.877957,0.857774
210.0,0.847683,0.968781,0.948598,0.89814,0.978872,0.958689,0.918323,0.817409,0.797226
211.0,0.847683,0.968781,0.948598,0.89814,0.978872,0.958689,0.918323,0.817409,0.797226
212.0,0.777043,0.958689,0.958689,0.837592,0.968781,0.938506,0.918323,0.75686,0.736677
213.0,0.777043,0.958689,0.958689,0.837592,0.968781,0.938506,0.918323,0.75686,0.736677
214.0,0.726585,0.938506,0.918323,0.777043,0.958689,0.928415,0.918323,0.696311,0.68622
215.0,0.726585,0.938506,0.918323,0.777043,0.958689,0.928415,0.918323,0.696311,0.68622
216.0,0.666037,0.928415,0.837592,0.726585,0.948598,0.867866,0.948598,0.645854,0.625671
217.0,0.666037,0.928415,0.837592,0.726585,0.948598,0.867866,0.948598,0.645854,0.625671
218.0,0.605488,0.908232,0.857774,0.666037,0.928415,0.807317,0.938506,0.585305,0.565122
219.0,0.605488,0.908232,0.857774,0.666037,0.928415,0.807317,0.938506,0.585305,0.565122
220.0,0.555031,0.89814,0.888049,0.605488,0.918323,0.777043,0.928415,0.534848,0.524756
221.0,0.555031,0.89814,0.888049,0.605488,0.918323,0.777043,0.928415,0.534848,0.524756
222.0,0.514665,0.867866,0.888049,0.555031,0.89814,0.736677,0.948598,0.494482,0.48439
223.0,0.514665,0.867866,0.888049,0.555031,0.89814,0.736677,0.948598,0.494482,0.48439
224.0,0.474299,0.847683,0.867866,0.514665,0.888049,0.706403,0.938506,0.454116,0.444024
225.0,0.474299,0.847683,0.867866,0.514665,0.888049,0.706403,0.938506,0.454116,0.444024
226.0,0.444024,0.837592,0.867866,0.474299,0.867866,0.655945,0.908232,0.423842,0.423842
227.0,0.444024,0.837592,0.867866,0.474299,0.867866,0.655945,0.908232,0.423842,0.423842
228.0,0.41375,0.8275,0.867866,0.444024,0.847683,0.625671,0.89814,0.403659,0.403659
229.0,0.41375,0.8275,0.867866,0.444024,0.847683,0.625671,0.89814,0.403659,0.403659
230.0,0.383476,0.807317,0.837592,0.41375,0.8275,0.595396,0.888049,0.373384,0.373384
231.0,0.383476,0.807317,0.837592,0.41375,0.8275,0.595396,0.888049,0.373384,0.373384
232.0,0.363293,0.797226,0.837592,0.393567,0.817409,0.565122,0.928415,0.353201,0.353201
233.0,0.363293,0.797226,0.837592,0.393567,0.817409,0.565122,0.928415,0.353201,0.353201
234.0,0.333018,0.787134,0.8275,0.363293,0.807317,0.544939,0.908232,0.333018,0.322927
235.0,0.333018,0.787134,0.8275,0.363293,0.807317,0.544939,0.908232,0.333018,0.322927
236.0,0.322927,0.777043,0.807317,0.34311,0.797226,0.534848,0.89814,0.322927,0.302744
237.0,0.322927,0.777043,0.807317,0.34311,0.797226,0.534848,0.89814,0.322927,0.302744
238.0,0.302744,0.75686,0.797226,0.322927,0.787134,0.524756,0.888049,0.302744,0.292652
239.0,0.302744,0.75686,0.797226,0.322927,0.787134,0.524756,0.888049,0.302744,0.292652
240.0,0.292652,0.736677,0.777043,0.302744,0.777043,0.48439,0.928415,0.292652,0.282561
241.0,0.292652,0.736677,0.777043,0.302744,0.777043,0.48439,0.928415,0.292652,0.282561
242.0,0.27247,0.726585,0.787134,0.292652,0.75686,0.464207,0.867866,0.27247,0.27247
243.0,0.27247,0.726585,0.787134,0.292652,0.75686,0.464207,0.867866,0.27247,0.27247
244.0,0.262378,0.706403,0.787134,0.27247,0.736677,0.433933,0.918323,0.262378,0.262378
245.0,0.262378,0.706403,0.787134,0.27247,0.736677,0.433933,0.918323,0.262378,0.262378
246.0,0.252287,0.696311,0.746768,0.262378,0.726585,0.423842,0.89814,0.242195,0.242195
247.0,0.252287,0.696311,0.746768,0.262378,0.726585,0.423842,0.89814,0.242195,0.242195
248.0,0.232104,0.68622,0.746768,0.242195,0.716494,0.41375,0.888049,0.232104,0.232104
249.0,0.232104,0.68622,0.746768,0.242195,0.716494,0.41375,0.888049,0.232104,0.232104
250.0,0.222012,0.676128,0.716494,0.232104,0.706403,0.403659,0.888049,0.222012,0.222012
251.0,0.222012,0.676128,0.716494,0.232104,0.706403,0.403659,0.888049,0.222012,0.222012
252.0,0.211921,0.666037,0.706403,0.222012,0.696311,0.383476,0.888049,0.211921,0.211921
253.0,0.211921,0.666037,0.706403,0.222012,0.696311,0.383476,0.888049,0.211921,0.211921
254.0,0.211921,0.655945,0.706403,0.211921,0.68622,0.363293,0.847683,0.201829,0.211921
255.0,0.211921,0.655945,0.706403,0.211921,0.68622,0.363293,0.847683,0.201829,0.211921
256.0,0.201829,0.645854,0.696311,0.211921,0.676128,0.363293,0.857774,0.201829,0.201829
257.0,0.201829,0.645854,0.696311,0.211921,0.676128,0.363293,0.857774,0.201829,0.201829
258.0,0.191738,0.625671,0.615579,0.201829,0.655945,0.34311,0.837592,0.191738,0.191738
259.0,0.191738,0.625671,0.615579,0.201829,0.655945,0.34311,0.837592,0.191738,0.191738
260.0,0.181646,0.615579,0.635762,0.191738,0.645854,0.333018,0.797226,0.181646,0.181646
261.0,0.181646,0.615579,0.635762,0.191738,0.645854,0.333018,0.797226,0.181646,0.181646
262.0,0.171555,0.605488,0.615579,0.181646,0.625671,0.333018,0.837592,0.171555,0.171555
263.0,0.171555,0.605488,0.615579,0.181646,0.625671,0.333018,0.837592,0.171555,0.171555
264.0,0.171555,0.595396,0.625671,0.171555,0.615579,0.302744,0.797226,0.171555,0.161463
265.0,0.171555,0.595396,0.625671,0.171555,0.615579,0.302744,0.797226,0.171555,0.161463
266.0,0.171555,0.575213,0.625671,0.171555,0.595396,0.292652,0.807317,0.161463,0.151372
267.0,0.171555,0.575213,0.625671,0.171555,0.595396,0.292652,0.807317,0.161463,0.151372
268.0,0.171555,0.565122,0.625671,0.171555,0.585305,0.292652,0.817409,0.151372,0.151372
269.0,0.171555,0.565122,0.625671,0.171555,0.585305,0.292652,0.817409,0.151372,0.151372
270.0,0.161463,0.565122,0.645854,0.161463,0.575213,0.282561,0.817409,0.151372,0.151372
271.0,0.161463,0.565122,0.645854,0.161463,0.575213,0.282561,0.817409,0.151372,0.151372
272.0,0.151372,0.555031,0.615579,0.151372,0.565122,0.27247,0.797226,0.141281,0.141281
273.0,0.151372,0.555031,0.615579,0.151372,0.565122,0.27247,0.797226,0.141281,0.141281
274.0,0.151372,0.544939,0.625671,0.151372,0.555031,0.27247,0.787134,0.141281,0.141281
275.0,0.151372,0.544939,0.625671,0.151372,0.555031,0.27247,0.787134,0.141281,0.141281
276.0,0.151372,0.534848,0.595396,0.151372,0.544939,0.262378,0.807317,0.141281,0.141281
277.0,0.151372,0.534848,0.595396,0.151372,0.544939,0.262378,0.807317,0.141281,0.141281
278.0,0.151372,0.524756,0.595396,0.151372,0.534848,0.252287,0.787134,0.131189,0.131189
279.0,0.151372,0.524756,0.595396,0.151372,0.534848,0.252287,0.787134,0.131189,0.131189
280.0,0.141281,0.514665,0.565122,0.141281,0.524756,0.242195,0.736677,0.121098,0.121098
281.0,0.141281,0.514665,0.565122,0.141281,0.524756,0.242195,0.736677,0.121098,0.121098
282.0,0.141281,0.494482,0.575213,0.141281,0.514665,0.262378,0.726585,0.111006,0.111006
283.0,0.141281,0.494482,0.575213,0.141281,0.514665,0.262378,0.726585,0.111006,0.111006
284.0,0.141281,0.48439,0.555031,0.131189,0.494482,0.242195,0.726585,0.111006,0.111006
285.0,0.141281,0.48439,0.555031,0.131189,0.494482,0.242195,0.726585,0.111006,0.111006
286.0,0.141281,0.474299,0.544939,0.121098,0.48439,0.222012,0.746768,0.111006,0.111006
287.0,0.141281,0.474299,0.544939,0.121098,0.48439,0.222012,0.746768,0.111006,0.111006
288.0,0.131189,0.464207,0.544939,0.121098,0.474299,0.211921,0.736677,0.111006,0.111006
289.0,0.131189,0.464207,0.544939,0.121098,0.474299,0.211921,0.736677,0.111006,0.111006
290.0,0.121098,0.454116,0.544939,0.121098,0.464207,0.201829,0.726585,0.111006,0.111006
291.0,0.121098,0.454116,0.544939,0.121098,0.464207,0.201829,0.726585,0.111006,0.111006
292.0,0.121098,0.444024,0.524756,0.121098,0.454116,0.201829,0.706403,0.111006,0.111006
293.0,0.121098,0.444024,0.524756,0.121098,0.454116,0.201829,0.706403,0.111006,0.111006
294.0,0.111006,0.433933,0.534848,0.111006,0.444024,0.191738,0.716494,0.111006,0.100915
295.0,0.111006,0.433933,0.534848,0.111006,0.444024,0.191738,0.716494,0.111006,0.100915
296.0,0.111006,0.423842,0.534848,0.111006,0.433933,0.181646,0.736677,0.111006,0.100915
297.0,0.111006,0.423842,0.534848,0.111006,0.433933,0.181646,0.736677,0.111006,0.100915
298.0,0.111006,0.41375,0.504573,0.111006,0.423842,0.181646,0.635762,0.100915,0.100915
299.0,0.111006,0.41375,0.504573,0.111006,0.423842,0.181646,0.635762,0.100915,0.100915
300.0,0.111006,0.41375,0.48439,0.111006,0.41375,0.181646,0.706403,0.090823,0.100915
301.0,0.111006,0.41375,0.48439,0.111006,0.41375,0.181646,0.706403,0.090823,0.100915
302.0,0.111006,0.403659,0.444024,0.111006,0.403659,0.181646,0.676128,0.080732,0.090823
303.0,0.111006,0.403659,0.444024,0.111006,0.403659,0.181646,0.676128,0.080732,0.090823
304.0,0.111006,0.393567,0.433933,0.111006,0.393567,0.181646,0.706403,0.080732,0.080732
305.0,0.111006,0.393567,0.433933,0.111006,0.393567,0.181646,0.706403,0.080732,0.080732
306.0,0.111006,0.383476,0.454116,0.111006,0.383476,0.171555,0.696311,0.080732,0.080732
307.0,0.111006,0.383476,0.454116,0.111006,0.383476,0.171555,0.696311,0.080732,0.080732
308.0,0.111006,0.373384,0.444024,0.111006,0.373384,0.171555,0.666037,0.080732,0.080732
309.0,0.111006,0.373384,0.444024,0.111006,0.373384,0.171555,0.666037,0.080732,0.080732
310.0,0.111006,0.363293,0.454116,0.100915,0.363293,0.171555,0.655945,0.080732,0.080732
311.0,0.111006,0.363293,0.454116,0.100915,0.363293,0.171555,0.655945,0.080732,0.080732
312.0,0.111006,0.353201,0.464207,0.100915,0.353201,0.171555,0.696311,0.080732,0.080732
313.0,0.111006,0.353201,0.464207,0.100915,0.353201,0.171555,0.696311,0.080732,0.080732
314.0,0.100915,0.34311,0.454116,0.100915,0.34311,0.161463,0.666037,0.080732,0.080732
315.0,0.100915,0.34311,0.454116,0.100915,0.34311,0.161463,0.666037,0.080732,0.080732
316.0,0.100915,0.34311,0.464207,0.100915,0.34311,0.151372,0.676128,0.080732,0.07064
317.0,0.100915,0.34311,0.464207,0.100915,0.34311,0.151372,0.676128,0.080732,0.07064
318.0,0.100915,0.333018,0.454116,0.100915,0.333018,0.151372,0.655945,0.080732,0.07064
319.0,0.100915,0.333018,0.454116,0.100915,0.333018,0.151372,0.655945,0.080732,0.07064
320.0,0.100915,0.333018,0.464207,0.090823,0.322927,0.151372,0.645854,0.07064,0.07064
321.0,0.100915,0.333018,0.464207,0.090823,0.322927,0.151372,0.645854,0.07064,0.07064
322.0,0.100915,0.322927,0.373384,0.080732,0.312835,0.141281,0.645854,0.07064,0.07064
323.0,0.100915,0.322927,0.373384,0.080732,0.312835,0.141281,0.645854,0.07064,0.07064
324.0,0.100915,0.312835,0.403659,0.080732,0.302744,0.151372,0.645854,0.07064,0.07064
325.0,0.100915,0.312835,0.403659,0.080732,0.302744,0.151372,0.645854,0.07064,0.07064
326.0,0.090823,0.302744,0.41375,0.080732,0.292652,0.141281,0.605488,0.07064,0.060549
327.0,0.090823,0.302744,0.41375,0.080732,0.292652,0.141281,0.605488,0.07064,0.060549
328.0,0.080732,0.292652,0.423842,0.080732,0.292652,0.141281,0.565122,0.07064,0.060549
329.0,0.080732,0.292652,0.423842,0.080732,0.292652,0.141281,0.565122,0.07064,0.060549
330.0,0.080732,0.292652,0.41375,0.080732,0.282561,0.131189,0.565122,0.07064,0.060549
331.0,0.080732,0.292652,0.41375,0.080732,0.282561,0.131189,0.565122,0.07064,0.060549
332.0,0.080732,0.292652,0.393567,0.080732,0.27247,0.121098,0.565122,0.07064,0.060549
333.0,0.080732,0.292652,0.393567,0.080732,0.27247,0.121098,0.565122,0.07064,0.060549
334.0,0.080732,0.282561,0.403659,0.080732,0.262378,0.121098,0.595396,0.07064,0.060549
335.0,0.080732,0.282561,0.403659,0.080732,0.262378,0.121098,0.595396,0.07064,0.060549
336.0,0.080732,0.27247,0.41375,0.080732,0.262378,0.131189,0.585305,0.060549,0.060549
337.0,0.080732,0.27247,0.41375,0.080732,0.262378,0.131189,0.585305,0.060549,0.060549
338.0,0.080732,0.262378,0.41375,0.080732,0.252287,0.121098,0.575213,0.060549,0.060549
339.0,0.080732,0.262378,0.41375,0.080732,0.252287,0.121098,0.575213,0.060549,0.060549
340.0,0.080732,0.262378,0.41375,0.080732,0.242195,0.121098,0.605488,0.060549,0.060549
341.0,0.080732,0.262378,0.41375,0.080732,0.242195,0.121098,0.605488,0.060549,0.060549
342.0,0.080732,0.252287,0.393567,0.080732,0.232104,0.121098,0.565122,0.060549,0.060549
343.0,0.080732,0.252287,0.393567,0.080732,0.232104,0.121098,0.565122,0.060549,0.060549
344.0,0.080732,0.242195,0.403659,0.080732,0.232104,0.121098,0.595396,0.060549,0.060549
345.0,0.080732,0.242195,0.403659,0.080732,0.232104,0.121098,0.595396,0.060549,0.060549
346.0,0.080732,0.232104,0.41375,0.080732,0.222012,0.111006,0.615579,0.060549,0.060549
347.0,0.080732,0.232104,0.41375,0.080732,0.222012,0.111006,0.615579,0.060549,0.060549
348.0,0.080732,0.232104,0.41375,0.080732,0.211921,0.121098,0.595396,0.060549,0.060549
349.0,0.080732,0.232104,0.41375,0.080732,0.211921,0.121098,0.595396,0.060549,0.060549
350.0,0.080732,0.232104,0.383476,0.07064,0.211921,0.131189,0.585305,0.060549,0.060549
351.0,0.080732,0.232104,0.383476,0.07064,0.211921,0.131189,0.585305,0.060549,0.060549
352.0,0.080732,0.232104,0.403659,0.07064,0.201829,0.121098,0.555031,0.060549,0.060549
353.0,0.080732,0.232104,0.403659,0.07064,0.201829,0.121098,0.555031,0.060549,0.060549
354.0,0.080732,0.222012,0.393567,0.07064,0.201829,0.111006,0.595396,0.060549,0.060549
355.0,0.080732,0.222012,0.393567,0.07064,0.201829,0.111006,0.595396,0.060549,0.060549
356.0,0.07064,0.211921,0.383476,0.07064,0.191738,0.111006,0.585305,0.060549,0.060549
357.0,0.07064,0.211921,0.383476,0.07064,0.191738,0.111006,0.585305,0.060549,0.060549
358.0,0.07064,0.211921,0.383476,0.07064,0.181646,0.111006,0.575213,0.050457,0.050457
359.0,0.07064,0.211921,0.383476,0.07064,0.181646,0.111006,0.575213,0.050457,0.050457
360.0,0.07064,0.201829,0.34311,0.07064,0.171555,0.111006,0.555031,0.050457,0.040366
361.0,0.07064,0.201829,0.34311,0.07064,0.171555,0.111006,0.555031,0.050457,0.040366
362.0,0.07064,0.201829,0.34311,0.07064,0.171555,0.111006,0.524756,0.050457,0.040366
363.0,0.07064,0.201829,0.34311,0.07064,0.171555,0.111006,0.524756,0.050457,0.040366
364.0,0.07064,0.191738,0.34311,0.060549,0.171555,0.111006,0.534848,0.050457,0.040366
365.0,0.07064,0.191738,0.34311,0.060549,0.171555,0.111006,0.534848,0.050457,0.040366
366.0,0.07064,0.181646,0.353201,0.060549,0.161463,0.111006,0.605488,0.050457,0.040366
367.0,0.07064,0.181646,0.353201,0.060549,0.161463,0.111006,0.605488,0.050457,0.040366
368.0,0.07064,0.181646,0.333018,0.060549,0.151372,0.111006,0.565122,0.040366,0.040366
369.0,0.07064,0.181646,0.333018,0.060549,0.151372,0.111006,0.565122,0.040366,0.040366
370.0,0.060549,0.171555,0.373384,0.060549,0.151372,0.111006,0.534848,0.040366,0.040366
371.0,0.060549,0.171555,0.373384,0.060549,0.151372,0.111006,0.534848,0.040366,0.040366
372.0,0.060549,0.171555,0.353201,0.060549,0.151372,0.100915,0.534848,0.040366,0.040366
373.0,0.060549,0.171555,0.353201,0.060549,0.151372,0.100915,0.534848,0.040366,0.040366
374.0,0.060549,0.171555,0.34311,0.060549,0.151372,0.121098,0.48439,0.040366,0.040366
375.0,0.060549,0.171555,0.34311,0.060549,0.151372,0.121098,0.48439,0.040366,0.040366
376.0,0.060549,0.171555,0.312835,0.060549,0.141281,0.111006,0.48439,0.040366,0.040366
377.0,0.060549,0.171555,0.312835,0.060549,0.141281,0.111006,0.48439,0.040366,0.040366
378.0,0.060549,0.171555,0.312835,0.060549,0.141281,0.100915,0.48439,0.040366,0.040366
379.0,0.060549,0.171555,0.312835,0.060549,0.141281,0.100915,0.48439,0.040366,0.040366
380.0,0.060549,0.161463,0.312835,0.060549,0.141281,0.100915,0.464207,0.040366,0.040366
381.0,0.060549,0.161463,0.312835,0.060549,0.141281,0.100915,0.464207,0.040366,0.040366
382.0,0.060549,0.151372,0.302744,0.060549,0.131189,0.100915,0.474299,0.040366,0.040366
383.0,0.060549,0.151372,0.302744,0.060549,0.131189,0.100915,0.474299,0.040366,0.040366
384.0,0.060549,0.151372,0.282561,0.060549,0.121098,0.100915,0.454116,0.040366,0.040366
385.0,0.060549,0.151372,0.282561,0.060549,0.121098,0.100915,0.454116,0.040366,0.040366
386.0,0.060549,0.151372,0.27247,0.060549,0.111006,0.090823,0.423842,0.040366,0.040366
387.0,0.060549,0.151372,0.27247,0.060549,0.111006,0.090823,0.423842,0.040366,0.040366
388.0,0.060549,0.151372,0.242195,0.050457,0.111006,0.07064,0.433933,0.040366,0.040366
389.0,0.060549,0.151372,0.242195,0.050457,0.111006,0.07064,0.433933,0.040366,0.040366
390.0,0.050457,0.141281,0.242195,0.040366,0.111006,0.07064,0.433933,0.040366,0.040366
391.0,0.050457,0.141281,0.242195,0.040366,0.111006,0.07064,0.433933,0.040366,0.040366
392.0,0.040366,0.141281,0.232104,0.040366,0.111006,0.080732,0.41375,0.040366,0.040366
393.0,0.040366,0.141281,0.232104,0.040366,0.111006,0.080732,0.41375,0.040366,0.040366
394.0,0.040366,0.141281,0.242195,0.040366,0.111006,0.080732,0.383476,0.040366,0.040366
395.0,0.040366,0.141281,0.242195,0.040366,0.111006,0.080732,0.383476,0.040366,0.040366
396.0,0.040366,0.131189,0.262378,0.040366,0.111006,0.080732,0.383476,0.040366,0.040366
397.0,0.040366,0.131189,0.262378,0.040366,0.111006,0.080732,0.383476,0.040366,0.040366
398.0,0.040366,0.121098,0.27247,0.040366,0.100915,0.080732,0.383476,0.040366,0.040366
399.0,0.040366,0.121098,0.27247,0.040366,0.100915,0.080732,0.383476,0.040366,0.040366
400.0,0.040366,0.121098,0.262378,0.040366,0.100915,0.080732,0.363293,0.040366,0.030274
401.0,0.040366,0.121098,0.262378,0.040366,0.100915,0.080732,0.363293,0.040366,0.030274
402.0,0.040366,0.111006,0.222012,0.040366,0.090823,0.080732,0.373384,0.040366,0.030274
403.0,0.040366,0.111006,0.222012,0.040366,0.090823,0.080732,0.373384,0.040366,0.030274
404.0,0.040366,0.111006,0.222012,0.040366,0.080732,0.07064,0.353201,0.040366,0.030274
405.0,0.040366,0.111006,0.222012,0.040366,0.080732,0.07064,0.353201,0.040366,0.030274
406.0,0.040366,0.111006,0.232104,0.040366,0.080732,0.07064,0.34311,0.040366,0.030274
407.0,0.040366,0.111006,0.232104,0.040366,0.080732,0.07064,0.34311,0.040366,0.030274
408.0,0.040366,0.111006,0.211921,0.040366,0.080732,0.080732,0.363293,0.040366,0.030274
409.0,0.040366,0.111006,0.211921,0.040366,0.080732,0.080732,0.363293,0.040366,0.030274
410.0,0.040366,0.111006,0.211921,0.040366,0.080732,0.07064,0.403659,0.030274,0.030274
411.0,0.040366,0.111006,0.211921,0.040366,0.080732,0.07064,0.403659,0.030274,0.030274
412.0,0.040366,0.111006,0.181646,0.040366,0.080732,0.07064,0.393567,0.020183,0.030274
413.0,0.040366,0.111006,0.181646,0.040366,0.080732,0.07064,0.393567,0.020183,0.030274
414.0,0.040366,0.100915,0.201829,0.040366,0.07064,0.090823,0.393567,0.020183,0.030274
415.0,0.040366,0.100915,0.201829,0.040366,0.07064,0.090823,0.393567,0.020183,0.030274
416.0,0.040366,0.100915,0.191738,0.040366,0.07064,0.07064,0.34311,0.020183,0.030274
417.0,0.040366,0.100915,0.191738,0.040366,0.07064,0.07064,0.34311,0.020183,0.030274
418.0,0.040366,0.100915,0.181646,0.040366,0.07064,0.060549,0.322927,0.020183,0.030274
419.0,0.040366,0.100915,0.181646,0.040366,0.07064,0.060549,0.322927,0.020183,0.030274
420.0,0.040366,0.090823,0.181646,0.040366,0.07064,0.060549,0.282561,0.020183,0.030274
421.0,0.040366,0.090823,0.181646,0.040366,0.07064,0.060549,0.282561,0.020183,0.030274
422.0,0.040366,0.080732,0.211921,0.040366,0.07064,0.060549,0.292652,0.020183,0.030274
423.0,0.040366,0.080732,0.211921,0.040366,0.07064,0.060549,0.292652,0.020183,0.030274
424.0,0.040366,0.080732,0.211921,0.040366,0.060549,0.060549,0.27247,0.020183,0.030274
425.0,0.040366,0.080732,0.211921,0.040366,0.060549,0.060549,0.27247,0.020183,0.030274
426.0,0.040366,0.080732,0.181646,0.040366,0.060549,0.060549,0.262378,0.020183,0.030274
427.0,0.040366,0.080732,0.181646,0.040366,0.060549,0.060549,0.262378,0.020183,0.030274
428.0,0.040366,0.080732,0.242195,0.040366,0.060549,0.060549,0.252287,0.010091,0.030274
429.0,0.040366,0.080732,0.242195,0.040366,0.060549,0.060549,0.252287,0.010091,0.030274
430.0,0.040366,0.080732,0.211921,0.040366,0.060549,0.060549,0.242195,0.010091,0.030274
431.0,0.040366,0.080732,0.211921,0.040366,0.060549,0.060549,0.242195,0.010091,0.030274
432.0,0.040366,0.080732,0.181646,0.040366,0.060549,0.060549,0.27247,0.010091,0.030274
433.0,0.040366,0.080732,0.181646,0.040366,0.060549,0.060549,0.27247,0.010091,0.030274
434.0,0.040366,0.080732,0.171555,0.040366,0.050457,0.060549,0.262378,0.010091,0.030274
435.0,0.040366,0.080732,0.171555,0.040366,0.050457,0.060549,0.262378,0.010091,0.030274
436.0,0.040366,0.080732,0.171555,0.030274,0.040366,0.060549,0.282561,0.010091,0.030274
437.0,0.040366,0.080732,0.171555,0.030274,0.040366,0.060549,0.282561,0.010091,0.030274
438.0,0.040366,0.07064,0.171555,0.030274,0.040366,0.040366,0.262378,0.010091,0.030274
439.0,0.040366,0.07064,0.171555,0.030274,0.040366,0.040366,0.262378,0.010091,0.030274
440.0,0.040366,0.07064,0.171555,0.030274,0.040366,0.040366,0.252287,0.010091,0.030274
441.0,0.040366,0.07064,0.171555,0.030274,0.040366,0.040366,0.252287,0.010091,0.030274
442.0,0.040366,0.07064,0.171555,0.030274,0.040366,0.040366,0.222012,0.010091,0.020183
443.0,0.040366,0.07064,0.171555,0.030274,0.040366,0.040366,0.222012,0.010091,0.020183
444.0,0.040366,0.07064,0.171555,0.030274,0.040366,0.040366,0.211921,0.010091,0.020183
445.0,0.040366,0.07064,0.171555,0.030274,0.040366,0.040366,0.211921,0.010091,0.020183
446.0,0.030274,0.07064,0.171555,0.030274,0.040366,0.040366,0.201829,0.010091,0.020183
447.0,0.030274,0.07064,0.171555,0.030274,0.040366,0.040366,0.201829,0.010091,0.020183
448.0,0.030274,0.060549,0.171555,0.030274,0.040366,0.040366,0.222012,0.010091,0.020183
449.0,0.030274,0.060549,0.171555,0.030274,0.040366,0.040366,0.222012,0.010091,0.020183
450.0,0.030274,0.060549,0.151372,0.030274,0.040366,0.040366,0.211921,0.010091,0.020183
451.0,0.030274,0.060549,0.151372,0.030274,0.040366,0.040366,0.211921,0.010091,0.020183
452.0,0.030274,0.060549,0.151372,0.030274,0.040366,0.040366,0.201829,0.010091,0.020183
453.0,0.030274,0.060549,0.151372,0.030274,0.040366,0.040366,0.201829,0.010091,0.020183
454.0,0.030274,0.060549,0.151372,0.030274,0.040366,0.040366,0.222012,0.010091,0.020183
455.0,0.030274,0.060549,0.151372,0.030274,0.040366,0.040366,0.222012,0.010091,0.020183
456.0,0.030274,0.060549,0.121098,0.030274,0.040366,0.040366,0.262378,0.010091,0.020183
457.0,0.030274,0.060549,0.121098,0.030274,0.040366,0.040366,0.262378,0.010091,0.020183
458.0,0.030274,0.050457,0.141281,0.030274,0.040366,0.040366,0.232104,0.010091,0.020183
459.0,0.030274,0.050457,0.141281,0.030274,0.040366,0.040366,0.232104,0.010091,0.020183
460.0,0.030274,0.040366,0.161463,0.030274,0.030274,0.050457,0.191738,0.010091,0.020183
461.0,0.030274,0.040366,0.161463,0.030274,0.030274,0.050457,0.191738,0.010091,0.020183
462.0,0.030274,0.040366,0.161463,0.030274,0.030274,0.040366,0.191738,0.010091,0.010091
463.0,0.030274,0.040366,0.161463,0.030274,0.030274,0.040366,0.191738,0.010091,0.010091
464.0,0.030274,0.040366,0.141281,0.030274,0.030274,0.040366,0.171555,0.010091,0.010091
465.0,0.030274,0.040366,0.141281,0.030274,0.030274,0.040366,0.171555,0.010091,0.010091
466.0,0.030274,0.040366,0.131189,0.020183,0.030274,0.040366,0.161463,0.010091,0.010091
467.0,0.030274,0.040366,0.131189,0.020183,0.030274,0.040366,0.161463,0.010091,0.010091
468.0,0.020183,0.040366,0.121098,0.020183,0.030274,0.040366,0.151372,0.010091,0.010091
469.0,0.020183,0.040366,0.121098,0.020183,0.030274,0.040366,0.151372,0.010091,0.010091
470.0,0.010091,0.040366,0.100915,0.020183,0.030274,0.050457,0.151372,0.010091,0.010091
471.0,0.010091,0.040366,0.100915,0.020183,0.030274,0.050457,0.151372,0.010091,0.010091
472.0,0.010091,0.040366,0.111006,0.010091,0.030274,0.050457,0.151372,0.010091,0.010091
473.0,0.010091,0.040366,0.111006,0.010091,0.030274,0.050457,0.151372,0.010091,0.010091
474.0,0.010091,0.040366,0.100915,0.010091,0.020183,0.040366,0.100915,0.010091,0.010091
475.0,0.010091,0.040366,0.100915,0.010091,0.020183,0.040366,0.100915,0.010091,0.010091
476.0,0.010091,0.040366,0.100915,0.010091,0.010091,0.040366,0.100915,0.010091,0.010091
477.0,0.010091,0.040366,0.100915,0.010091,0.010091,0.040366,0.100915,0.010091,0.010091
478.0,0.010091,0.040366,0.080732,0.010091,0.010091,0.040366,0.151372,0.010091,0.010091
479.0,0.010091,0.040366,0.080732,0.010091,0.010091,0.040366,0.151372,0.010091,0.010091
480.0,0.010091,0.030274,0.07064,0.010091,0.010091,0.040366,0.151372,0.010091,0.010091
481.0,0.010091,0.030274,0.07064,0.010091,0.010091,0.040366,0.151372,0.010091,0.010091
482.0,0.010091,0.030274,0.080732,0.010091,0.010091,0.040366,0.100915,0.020183,0.010091
483.0,0.010091,0.030274,0.080732,0.010091,0.010091,0.040366,0.100915,0.020183,0.010091
484.0,0.010091,0.030274,0.100915,0.010091,0.010091,0.040366,0.07064,0.010091,0.010091
485.0,0.010091,0.030274,0.100915,0.010091,0.010091,0.040366,0.07064,0.010091,0.010091
486.0,0.010091,0.030274,0.141281,0.010091,0.010091,0.040366,0.090823,0.010091,0.010091
487.0,0.010091,0.030274,0.141281,0.010091,0.010091,0.040366,0.090823,0.010091,0.010091
488.0,0.010091,0.030274,0.151372,0.010091,0.010091,0.030274,0.100915,0.010091,0.010091
489.0,0.010091,0.030274,0.151372,0.010091,0.010091,0.030274,0.100915,0.010091,0.010091
490.0,0.010091,0.030274,0.100915,0.010091,0.010091,0.030274,0.121098,0.010091,0.010091
491.0,0.010091,0.030274,0.100915,0.010091,0.010091,0.030274,0.121098,0.010091,0.010091
492.0,0.010091,0.030274,0.111006,0.010091,0.010091,0.040366,0.080732,0.010091,0.010091
493.0,0.010091,0.030274,0.111006,0.010091,0.010091,0.040366,0.080732,0.010091,0.010091
494.0,0.010091,0.030274,0.080732,0.010091,0.010091,0.030274,0.060549,0.010091,0.010091
495.0,0.010091,0.030274,0.080732,0.010091,0.010091,0.030274,0.060549,0.010091,0.010091
496.0,0.010091,0.020183,0.07064,0.010091,0.010091,0.010091,0.100915,0.010091,0.010091
497.0,0.010091,0.020183,0.07064,0.010091,0.010091,0.010091,0.100915,0.010091,0.010091
498.0,0.010091,0.010091,0.07064,0.010091,0.010091,0.010091,0.100915,0.010091,0.010091
499.0,0.010091,0.010091,0.07064,0.010091,0.010091,0.010091,0.100915,0.010091,0.010091
500.0,0.010091,0.010091,0.080732,0.010091,0.010091,0.010091,0.100915,0.010091,0.010091
501.0,0.010091,0.010091,0.080732,0.010091,0.010091,0.010091,0.100915,0.010091,0.010091
502.0,0.010091,0.010091,0.07064,0.010091,0.010091,0.010091,0.07064,0.010091,0.010091
503.0,0.010091,0.010091,0.07064,0.010091,0.010091,0.010091,0.07064,0.010091,0.010091
504.0,0.010091,0.010091,0.07064,0.010091,0.010091,0.020183,0.090823,0.010091,0.010091
505.0,0.010091,0.010091,0.07064,0.010091,0.010091,0.020183,0.090823,0.010091,0.010091
506.0,0.010091,0.010091,0.050457,0.010091,0.010091,0.020183,0.07064,0.010091,0.010091
507.0,0.010091,0.010091,0.050457,0.010091,0.010091,0.020183,0.07064,0.010091,0.010091
508.0,0.010091,0.010091,0.060549,0.010091,0.010091,0.020183,0.131189,0.010091,0.010091
509.0,0.010091,0.010091,0.060549,0.010091,0.010091,0.020183,0.131189,0.010091,0.010091
510.0,0.010091,0.010091,0.040366,0.010091,0.010091,0.030274,0.121098,0.010091,0.010091
511.0,0.010091,0.010091,0.040366,0.010091,0.010091,0.030274,0.121098,0.010091,0.010091
512.0,0.010091,0.010091,0.050457,0.010091,0.010091,0.030274,0.080732,0.010091,0.010091
513.0,0.010091,0.010091,0.050457,0.010091,0.010091,0.030274,0.080732,0.010091,0.010091
514.0,0.010091,0.010091,0.060549,0.010091,0.010091,0.030274,0.060549,0.010091,0.010091
515.0,0.010091,0.010091,0.060549,0.010091,0.010091,0.030274,0.060549,0.010091,0.010091
516.0,0.010091,0.010091,0.07064,0.010091,0.010091,0.010091,0.030274,0.010091,0.010091
517.0,0.010091,0.010091,0.07064,0.010091,0.010091,0.010091,0.030274,0.010091,0.010091
518.0,0.010091,0.010091,0.07064,0.010091,0.010091,0.010091,0.010091,0.010091,0.010091
519.0,0.010091,0.010091,0.07064,0.010091,0.010091,0.010091,0.010091,0.010091,0.010091
520.0,0.010091,0.010091,0.050457,0.010091,0.010091,0.010091,0.060549,0.010091,0.010091
521.0,0.010091,0.010091,0.050457,0.010091,0.010091,0.010091,0.060549,0.010091,0.010091
