0.0,0.084005,-0.002658,0.161041,0.010147,-0.021782,0.057244,0.234201,0.036831,0.01329
1.0,0.067548,-0.008338,0.132828,0.017292,0.027794,0.051594,0.290376,0.012381,0.028572
2.0,0.072363,0.01049,0.155463,0.028075,0.003624,0.027654,0.272701,-0.021293,0.009665
3.0,0.0655,-0.015794,0.135288,0.00103,0.037228,0.028504,0.26816,0.004756,-0.016562
4.0,0.142614,0.014371,0.199295,0.053829,-0.027281,0.049892,0.284281,-0.004581,0.018445
5.0,0.111634,0.015181,0.182086,0.037293,-0.04462,0.014538,0.277553,-0.000495,0.009749
6.0,0.174372,0.031806,0.247293,0.031385,0.030786,0.018881,0.230878,0.012802,0.026763
7.0,0.186756,0.027896,0.193972,0.069194,0.014201,0.032372,0.206519,0.010953,0.047204
8.0,0.264712,0.007299,0.2589,0.11187,0.038878,0.029233,0.257365,-0.000326,-3.1e-05
9.0,0.23608,0.026289,0.287769,0.092385,0.05712,0.053292,0.212448,-0.014089,0.037809
10.0,0.321384,0.038065,0.306064,0.125658,0.046546,0.016705,0.228741,0.009621,0.010013
11.0,0.338059,0.048803,0.312173,0.164911,0.057947,0.064508,0.237323,0.013362,0.033121
12.0,0.373021,0.037387,0.262804,0.250536,0.106223,0.095773,0.25183,0.042363,0.060094
13.0,0.384444,0.084036,0.304775,0.228983,0.124862,0.09046,0.23606,0.0372,0.033883
14.0,0.384056,0.059461,0.346072,0.306637,0.118594,0.081435,0.271283,0.05512,0.072926
15.0,0.435376,0.062885,0.409816,0.271102,0.141472,0.103165,0.295612,0.046651,0.089027
16.0,0.444996,0.057888,0.408061,0.350737,0.131492,0.155623,0.305442,0.065688,0.028018
17.0,0.471312,0.117863,0.406402,0.333237,0.185213,0.159123,0.224091,0.073212,0.083296
18.0,0.520746,0.078761,0.407125,0.364414,0.207859,0.153487,0.262318,0.119214,0.071905
19.0,0.502383,0.081514,0.373037,0.364483,0.218441,0.154426,0.288643,0.107476,0.090111
20.0,0.588873,0.104159,0.436361,0.398108,0.230602,0.141228,0.280485,0.137892,0.140207
21.0,0.505402,0.126961,0.435594,0.380185,0.245141,0.168733,0.257995,0.136852,0.126646
22.0,0.498928,0.186832,0.482366,0.433081,0.313291,0.148939,0.238676,0.187883,0.144506
23.0,0.580156,0.174871,0.429316,0.439022,0.256152,0.168831,0.292184,0.191581,0.131956
24.0,0.552635,0.161851,0.471429,0.488737,0.321242,0.212386,0.283599,0.220418,0.180866
25.0,0.581412,0.129683,0.436578,0.481845,0.34863,0.206593,0.234687,0.19555,0.183201
26.0,0.626093,0.162129,0.497984,0.492535,0.329021,0.227238,0.28166,0.20723,0.192748
27.0,0.600751,0.18713,0.483389,0.524705,0.365555,0.240518,0.300635,0.226773,0.18171
28.0,0.600946,0.168389,0.465446,0.528412,0.401459,0.261672,0.314554,0.24056,0.227619
29.0,0.590916,0.194235,0.486483,0.555765,0.3957,0.23383,0.32804,0.287924,0.207469
30.0,0.654214,0.236343,0.497402,0.543375,0.421223,0.335574,0.315528,0.266863,0.250192
31.0,0.629334,0.237708,0.491299,0.57743,0.446726,0.243066,0.334379,0.284405,0.275543
32.0,0.683462,0.261118,0.509719,0.594981,0.48335,0.282086,0.345877,0.319764,0.265627
33.0,0.677244,0.234036,0.490661,0.594602,0.453131,0.289331,0.342848,0.333157,0.276869
34.0,0.697559,0.311377,0.547816,0.625156,0.500778,0.305854,0.365278,0.355974,0.298856
35.0,0.640787,0.312067,0.524946,0.58276,0.498356,0.31101,0.351481,0.35326,0.317583
36.0,0.696774,0.333617,0.541552,0.648421,0.532557,0.280644,0.386118,0.366196,0.317681
37.0,0.693751,0.349461,0.528166,0.631993,0.521599,0.340617,0.386809,0.349376,0.330159
38.0,0.725445,0.344396,0.556685,0.649754,0.571926,0.32681,0.38702,0.383668,0.335554
39.0,0.692918,0.290399,0.561938,0.671317,0.573126,0.328785,0.367503,0.386168,0.345658
40.0,0.666127,0.347819,0.548365,0.677696,0.579476,0.357759,0.386443,0.390745,0.34991
41.0,0.736311,0.354078,0.574477,0.666966,0.579314,0.362345,0.326595,0.391236,0.392738
42.0,0.75941,0.385765,0.553136,0.68559,0.533509,0.37428,0.368905,0.392983,0.39098
43.0,0.691537,0.390171,0.550776,0.624937,0.571475,0.356145,0.379527,0.440176,0.410253
44.0,0.756566,0.368284,0.5899,0.680994,0.579817,0.40372,0.408952,0.411112,0.420375
45.0,0.692185,0.394329,0.574832,0.68252,0.621523,0.40217,0.37153,0.422405,0.448382
46.0,0.758688,0.422058,0.577216,0.729321,0.683141,0.412584,0.392821,0.451461,0.427487
47.0,0.772615,0.391413,0.564487,0.677591,0.644328,0.420276,0.36071,0.439868,0.427924
48.0,0.771538,0.443809,0.548402,0.708516,0.677439,0.477156,0.427557,0.45033,0.40978
49.0,0.781563,0.455638,0.538155,0.720733,0.690216,0.443669,0.416772,0.466791,0.435824
50.0,0.819983,0.446202,0.575546,0.73222,0.690433,0.431166,0.378221,0.47528,0.487329
51.0,0.789459,0.505225,0.557897,0.723101,0.699958,0.448534,0.405818,0.501765,0.463735
52.0,0.834878,0.475425,0.596876,0.74639,0.733613,0.47756,0.414941,0.489779,0.478479
53.0,0.79142,0.521603,0.583056,0.743052,0.699205,0.45952,0.417923,0.456581,0.468328
54.0,0.80886,0.529999,0.631635,0.755019,0.706839,0.490206,0.466301,0.482256,0.50991
55.0,0.824547,0.556795,0.606868,0.701888,0.732966,0.456241,0.461585,0.520963,0.465597
56.0,0.834874,0.596775,0.611981,0.72072,0.726322,0.519564,0.489063,0.504708,0.496184
57.0,0.832215,0.534473,0.599797,0.761807,0.719684,0.502212,0.441426,0.478052,0.543114
58.0,0.839125,0.585086,0.61124,0.741084,0.762261,0.469038,0.431389,0.544614,0.538832
59.0,0.846427,0.548919,0.66144,0.773363,0.760598,0.50166,0.446494,0.508994,0.515466
60.0,0.804532,0.61398,0.598393,0.779337,0.748271,0.546,0.438923,0.53075,0.56759
61.0,0.786674,0.598622,0.615352,0.771986,0.781028,0.534563,0.439674,0.564979,0.548121
62.0,0.843022,0.603335,0.573565,0.808028,0.743355,0.498022,0.493383,0.522358,0.530601
63.0,0.80679,0.622682,0.608401,0.772345,0.764153,0.522097,0.452171,0.573788,0.571724
64.0,0.80038,0.630705,0.656552,0.796491,0.769,0.544333,0.473756,0.601275,0.588128
65.0,0.835871,0.632236,0.634173,0.752304,0.817347,0.525304,0.468644,0.603298,0.579493
66.0,0.845112,0.635312,0.657023,0.799571,0.826994,0.537524,0.532428,0.570273,0.559861
67.0,0.835527,0.61994,0.676672,0.797872,0.777117,0.550051,0.509831,0.521726,0.571527
68.0,0.800864,0.682701,0.640769,0.796544,0.808915,0.571022,0.423385,0.596395,0.601147
69.0,0.877866,0.656115,0.65043,0.814037,0.811824,0.558025,0.418848,0.584271,0.572448
70.0,0.851491,0.699833,0.665244,0.792104,0.831366,0.568737,0.45461,0.597208,0.5903
71.0,0.850085,0.683092,0.685021,0.827738,0.78455,0.5782,0.469297,0.593912,0.57984
72.0,0.870286,0.679117,0.654115,0.835045,0.812742,0.581669,0.471555,0.603575,0.586882
73.0,0.862026,0.719053,0.667338,0.818095,0.797375,0.591285,0.463021,0.609359,0.580685
74.0,0.852196,0.716179,0.660026,0.798064,0.858537,0.584559,0.496523,0.614873,0.616114
75.0,0.876259,0.695135,0.655909,0.818804,0.808345,0.557065,0.493631,0.581467,0.597235
76.0,0.871268,0.737343,0.664148,0.807071,0.844948,0.589364,0.485479,0.634687,0.628271
77.0,0.876154,0.73854,0.642746,0.794251,0.839261,0.555734,0.502029,0.630182,0.630452
78.0,0.867292,0.715458,0.67137,0.826927,0.817647,0.601077,0.45788,0.674519,0.648107
79.0,0.879181,0.716306,0.686649,0.8013,0.863349,0.614834,0.487194,0.60275,0.648202
80.0,0.890866,0.763688,0.680134,0.795914,0.873663,0.608889,0.475585,0.700008,0.644877
81.0,0.877027,0.733735,0.674414,0.792295,0.890702,0.582829,0.50183,0.662326,0.630411
82.0,0.928489,0.71023,0.710028,0.842321,0.882512,0.634864,0.478655,0.676418,0.668865
83.0,0.925382,0.771239,0.693654,0.877622,0.830393,0.573225,0.482116,0.660483,0.672744
84.0,0.920747,0.779027,0.694268,0.823388,0.843946,0.611006,0.547104,0.69147,0.687723
85.0,0.903593,0.75784,0.714141,0.825791,0.861401,0.631434,0.508945,0.674576,0.698994
86.0,0.920392,0.798632,0.710943,0.834039,0.879091,0.647029,0.546686,0.685845,0.703728
87.0,0.887622,0.773517,0.6895,0.842736,0.858254,0.611723,0.516398,0.681608,0.673593
88.0,0.938386,0.768348,0.705177,0.837652,0.861063,0.643432,0.508811,0.711857,0.682367
89.0,0.94135,0.752298,0.691083,0.866379,0.885041,0.686526,0.515105,0.670016,0.663522
90.0,0.879308,0.792637,0.692388,0.831841,0.876437,0.668588,0.539025,0.700189,0.716314
91.0,0.921309,0.796707,0.691617,0.859352,0.876543,0.666917,0.507562,0.747772,0.707602
92.0,0.8859,0.790459,0.717829,0.876156,0.946575,0.666235,0.577756,0.701525,0.742588
93.0,0.913365,0.824009,0.696939,0.828006,0.900715,0.723341,0.568096,0.740569,0.713867
94.0,0.899038,0.829599,0.726541,0.858782,0.873587,0.70965,0.595552,0.738028,0.705719
95.0,0.924312,0.786966,0.720874,0.865999,0.90564,0.653532,0.593332,0.680771,0.711899
96.0,0.911404,0.817755,0.706436,0.877991,0.906702,0.68295,0.601789,0.749768,0.716917
97.0,0.903118,0.817603,0.752217,0.884007,0.891446,0.658034,0.593312,0.772723,0.767344
98.0,0.968151,0.861638,0.705781,0.879315,0.931066,0.656981,0.585142,0.757866,0.776787
99.0,0.921647,0.847499,0.747266,0.850218,0.894611,0.693837,0.588427,0.675635,0.724144
100.0,0.918534,0.869347,0.691244,0.852422,0.914728,0.693308,0.577897,0.733657,0.753302
101.0,0.936281,0.812837,0.715834,0.86177,0.936079,0.704251,0.522817,0.7774,0.765265
102.0,0.921632,0.851595,0.745157,0.873178,0.960392,0.734005,0.570181,0.782056,0.744374
103.0,0.919347,0.822186,0.714085,0.833936,0.922148,0.689863,0.573633,0.724975,0.751022
104.0,0.930108,0.847337,0.744482,0.83102,0.935216,0.73779,0.54901,0.75671,0.770085
105.0,0.946384,0.829803,0.717444,0.852142,0.933607,0.725545,0.587862,0.753968,0.76812
106.0,0.937954,0.881438,0.702492,0.916084,0.969702,0.703048,0.546362,0.784977,0.805348
107.0,0.952579,0.849279,0.675058,0.861016,0.932954,0.687016,0.586071,0.756008,0.751076
108.0,0.949379,0.887206,0.670678,0.834221,0.925671,0.752887,0.590599,0.749122,0.790536
109.0,0.932456,0.820306,0.696628,0.864188,0.94828,0.759788,0.586973,0.794544,0.772659
110.0,0.9439,0.856965,0.71382,0.860462,0.938071,0.734351,0.593312,0.79049,0.808579
111.0,0.966958,0.839819,0.723687,0.857778,0.930762,0.748063,0.584109,0.755888,0.796928
112.0,0.944763,0.927096,0.719466,0.895794,0.919956,0.743333,0.621542,0.813593,0.793776
113.0,0.960035,0.86278,0.694752,0.914149,0.960802,0.76309,0.615416,0.784221,0.794835
114.0,0.962053,0.855801,0.734332,0.919692,0.895937,0.761911,0.581422,0.790663,0.83236
115.0,0.942401,0.880459,0.783707,0.890893,0.945635,0.764141,0.581318,0.841586,0.773553
116.0,0.940611,0.890016,0.753106,0.932365,0.928203,0.771228,0.62444,0.757385,0.822335
117.0,0.925808,0.910996,0.734686,0.908015,0.951085,0.75167,0.587185,0.807766,0.842457
118.0,0.973135,0.920107,0.729656,0.927482,0.940568,0.789623,0.618899,0.828063,0.806695
119.0,0.928614,0.90507,0.729787,0.872034,0.924816,0.78575,0.606259,0.8335,0.827594
120.0,0.94662,0.862361,0.769652,0.88724,0.936415,0.810339,0.606459,0.835868,0.85352
121.0,0.929198,0.891461,0.753035,0.931579,0.916109,0.765581,0.591176,0.820135,0.785098
122.0,0.945904,0.913985,0.787395,0.938096,0.931092,0.77311,0.623593,0.820001,0.827009
123.0,0.94928,0.909932,0.78318,0.937071,0.945399,0.771523,0.5904,0.843469,0.841901
124.0,0.950609,0.942465,0.736169,0.931606,0.911044,0.817344,0.632086,0.827693,0.823978
125.0,0.918812,0.918701,0.749143,0.925159,0.958273,0.831655,0.634515,0.850991,0.857689
126.0,0.929939,0.904239,0.761736,0.902525,0.96067,0.803723,0.614416,0.865168,0.855892
127.0,0.962044,0.916213,0.779519,0.907974,0.996778,0.810765,0.60671,0.820058,0.865219
128.0,0.928754,0.941017,0.776869,0.915582,0.95169,0.816858,0.639061,0.872978,0.819232
129.0,0.934794,0.937216,0.784067,0.946722,0.916463,0.798015,0.634456,0.826238,0.885548
130.0,0.914537,0.931206,0.803255,0.948084,0.959388,0.830353,0.595594,0.776998,0.857327
131.0,0.943074,0.937335,0.784858,0.954415,0.952446,0.814773,0.594851,0.88754,0.847905
132.0,0.912418,0.944708,0.774862,0.935383,0.936723,0.805937,0.598601,0.85292,0.885821
133.0,0.911792,0.944,0.855895,0.912599,0.936388,0.8632,0.583415,0.860087,0.854137
134.0,0.958502,0.978778,0.801613,0.948606,0.970483,0.820568,0.653316,0.856302,0.859353
135.0,0.946687,0.925384,0.769001,0.946265,0.973734,0.837864,0.646038,0.851741,0.870149
136.0,0.941592,0.954166,0.819883,0.941601,0.944573,0.786297,0.574478,0.843419,0.847091
137.0,0.950954,0.917104,0.794158,0.937013,0.960198,0.827657,0.605326,0.874765,0.913761
138.0,0.932452,0.947286,0.80653,0.919434,0.977227,0.804928,0.646371,0.83451,0.887203
139.0,0.97161,0.97822,0.806948,0.956157,0.942145,0.816271,0.666108,0.89956,0.88963
140.0,0.950391,0.929292,0.82873,0.957693,0.984284,0.846658,0.657737,0.914866,0.904084
141.0,0.94452,0.947005,0.817236,0.910557,0.986505,0.858603,0.64787,0.903127,0.92766
142.0,0.963643,0.946345,0.819016,0.972276,0.954795,0.828385,0.689143,0.886454,0.912305
143.0,0.969079,0.907477,0.830209,0.949535,0.970109,0.853442,0.642006,0.889681,0.859097
144.0,0.986113,0.917544,0.773032,0.95417,0.96622,0.824779,0.635675,0.902912,0.913612
145.0,0.949669,0.9327,0.803858,0.977643,0.931228,0.821672,0.663506,0.910195,0.868653
146.0,0.955762,0.938556,0.857112,0.927765,0.973284,0.822265,0.68372,0.909276,0.927204
147.0,0.981298,0.948014,0.838012,0.949823,0.985099,0.821786,0.638428,0.933794,0.928518
148.0,0.999227,0.908553,0.836338,0.948675,0.977558,0.813631,0.662785,0.92783,0.916933
149.0,0.946902,0.943751,0.848449,0.939879,0.947054,0.853881,0.664423,0.906245,0.899464
150.0,0.970159,0.980895,0.864407,0.961194,0.938803,0.897102,0.705905,0.882925,0.928497
151.0,0.947708,0.980808,0.847003,0.933479,0.958835,0.858451,0.69814,0.904462,0.91666
152.0,0.985221,0.962858,0.853078,0.998546,0.989398,0.91578,0.674395,0.924774,0.915734
153.0,0.958722,0.982275,0.843029,0.966231,0.965662,0.864788,0.688401,0.925047,0.934497
154.0,0.952368,0.921922,0.823005,0.985242,0.939705,0.898728,0.685431,0.94257,0.950868
155.0,0.96218,0.95225,0.87328,0.978854,0.977644,0.891259,0.657258,0.921735,0.923022
156.0,0.961345,0.930383,0.86433,0.972723,0.963767,0.919324,0.74304,0.889342,0.931995
157.0,0.917819,0.955573,0.837493,0.939104,0.957329,0.88449,0.743353,0.957477,0.931444
158.0,0.958338,0.97248,0.845645,0.961362,0.966957,0.909332,0.759707,0.936987,0.93317
159.0,0.966188,0.976686,0.84431,0.960598,0.971214,0.904722,0.740006,0.927881,0.919464
160.0,0.943332,0.974601,0.84485,0.931447,0.968503,0.909999,0.685096,0.917231,0.932434
161.0,0.986566,0.948075,0.912,0.967405,0.987056,0.897264,0.739043,0.934526,0.952786
162.0,0.950994,0.976121,0.852836,0.994116,0.964669,0.914297,0.735925,0.98411,0.944009
163.0,1.002307,0.978604,0.872767,0.934209,0.959988,0.90348,0.755274,0.918393,0.934388
164.0,0.930081,0.961708,0.905948,0.96725,0.971661,0.933268,0.838158,0.920374,0.954501
165.0,0.965594,0.980959,0.899126,0.972166,0.958876,0.911318,0.840827,0.954413,0.948601
166.0,0.967063,0.990064,0.86886,0.996403,0.965749,0.91166,0.811756,0.913506,0.930515
167.0,0.955652,0.996534,0.926053,0.964743,0.957358,0.904272,0.808927,0.978902,0.977341
168.0,0.978147,0.979107,0.892553,0.955069,0.985817,0.952159,0.776999,0.955378,0.93236
169.0,0.968233,0.958498,0.897363,0.975069,0.95766,0.979236,0.789639,0.925221,0.911307
170.0,0.962616,0.98437,0.895703,0.984116,0.949318,0.94228,0.798305,0.933908,0.944091
171.0,0.963856,0.96084,0.869677,0.981304,0.987633,0.922235,0.786483,0.968055,0.971523
172.0,0.964735,0.973478,0.922353,0.977253,0.989031,0.919399,0.788563,0.99574,0.946606
173.0,1.011628,0.955788,0.914828,0.976118,0.965527,0.930135,0.774589,0.94578,1.010802
174.0,0.973814,1.021151,0.94313,0.964683,0.957997,0.914884,0.797646,0.944645,0.985644
175.0,0.969163,0.96462,0.934476,0.976762,0.962957,0.908218,0.783192,0.947114,0.972403
176.0,0.986432,0.996641,0.915105,0.971911,0.952637,0.901838,0.822646,0.953274,0.973714
177.0,0.976412,0.994199,0.928818,1.022905,1.008239,0.96671,0.820392,0.962003,0.99084
178.0,0.99993,0.967767,0.889391,0.995401,0.979501,0.923298,0.775511,0.945484,0.985208
179.0,0.98305,0.964787,0.890056,0.956596,0.998783,0.929153,0.819214,0.921514,0.965154
180.0,0.980827,0.979515,0.918554,0.96326,1.005984,0.937349,0.852399,0.991537,0.985675
181.0,0.98578,0.993548,0.868033,0.988528,1.013131,0.969047,0.809011,0.968159,0.964633
182.0,0.982262,0.984076,0.91711,0.987647,0.992015,0.98787,0.802068,0.981369,0.997701
183.0,1.001655,0.984432,0.949065,0.958556,0.99634,0.921471,0.819625,0.968391,0.974912
184.0,0.971056,0.990825,0.980057,1.009192,1.014405,0.952827,0.895621,1.017524,0.973881
185.0,0.956067,0.988992,0.953236,0.978514,0.974192,0.968578,0.940865,0.993583,0.955911
186.0,0.992318,0.992276,0.926741,0.987184,0.980987,0.959528,0.855142,0.992979,1.001914
187.0,1.004333,0.99718,0.950868,0.957056,1.022927,0.994508,0.937413,0.975526,0.996419
188.0,0.954152,0.970065,0.94647,0.959843,1.015127,0.945787,0.920246,0.998976,0.995023
189.0,0.984399,0.961187,0.936077,0.987088,1.022889,0.992091,0.873362,0.983633,1.029395
190.0,0.981598,0.935137,0.955397,0.957778,0.975686,0.967595,0.906249,0.965471,0.983394
191.0,1.028053,0.988695,1.008865,1.006128,0.973299,0.962928,0.951448,0.974908,0.95289
192.0,0.9947,0.993777,0.966566,0.949545,0.950536,0.933225,0.937085,0.900541,0.874585
193.0,0.976491,0.967315,0.949417,0.976131,1.009554,0.982161,0.890357,0.903266,0.87369
194.0,0.95395,0.980001,0.901832,0.974919,0.947231,0.924633,0.835666,0.813887,0.798913
195.0,0.942456,0.958643,0.930467,0.980186,1.002919,0.904789,0.84811,0.815785,0.822241
196.0,0.907161,0.926801,0.894841,0.902161,1.000822,0.761931,0.773378,0.743911,0.723861
197.0,0.896719,0.973617,0.858936,0.959188,0.975082,0.817817,0.808134,0.711332,0.701198
198.0,0.824809,0.964233,0.840287,0.863508,0.961002,0.697379,0.769821,0.639512,0.643289
199.0,0.838776,0.99212,0.781298,0.854608,0.947503,0.737631,0.731795,0.642889,0.676594
200.0,0.792504,0.935183,0.766599,0.797633,0.925787,0.63398,0.660076,0.550441,0.568592
201.0,0.789798,0.93247,0.763845,0.808914,0.991075,0.62092,0.599501,0.554303,0.566888
202.0,0.703383,0.935923,0.68723,0.764196,0.948706,0.499041,0.557845,0.480422,0.54396
203.0,0.751807,0.905352,0.671224,0.763875,0.902318,0.503517,0.575156,0.526352,0.493768
204.0,0.689995,0.869003,0.618941,0.752536,0.892516,0.426532,0.485378,0.453348,0.431579
205.0,0.686609,0.933445,0.629782,0.738467,0.891586,0.457997,0.539599,0.410293,0.493974
206.0,0.614697,0.859456,0.546061,0.642096,0.858548,0.35867,0.430983,0.369319,0.444667
207.0,0.629845,0.84616,0.546241,0.648348,0.857204,0.382533,0.431083,0.415475,0.463345
208.0,0.573055,0.827338,0.499143,0.614789,0.885886,0.347514,0.403661,0.385619,0.386638
209.0,0.579693,0.859953,0.490724,0.59636,0.84795,0.35088,0.421909,0.33276,0.379536
210.0,0.506219,0.796872,0.48503,0.55361,0.833096,0.301395,0.364309,0.304594,0.341817
211.0,0.541956,0.79443,0.431992,0.578358,0.816539,0.336916,0.365423,0.295968,0.363154
212.0,0.508611,0.771322,0.362111,0.545244,0.83642,0.272194,0.360715,0.289093,0.33235
213.0,0.498032,0.754051,0.376304,0.547317,0.816219,0.258477,0.288666,0.321448,0.335626
214.0,0.475052,0.795877,0.405664,0.473557,0.795982,0.222917,0.276942,0.264354,0.289418
215.0,0.48452,0.775693,0.393175,0.464538,0.799199,0.265626,0.26138,0.256125,0.292934
216.0,0.424109,0.719864,0.289037,0.448386,0.759967,0.222703,0.252566,0.27588,0.305956
217.0,0.464713,0.746345,0.362589,0.445933,0.799585,0.183688,0.223087,0.271013,0.274311
218.0,0.388852,0.745977,0.293634,0.401845,0.759923,0.17715,0.172313,0.2491,0.264043
219.0,0.393227,0.754487,0.301438,0.41586,0.761012,0.194687,0.167762,0.237709,0.25092
220.0,0.402182,0.665131,0.271841,0.351896,0.771226,0.161033,0.198394,0.23774,0.246481
221.0,0.372306,0.710989,0.265329,0.409642,0.761719,0.125168,0.181882,0.218585,0.253436
222.0,0.346029,0.68718,0.282408,0.375255,0.762549,0.14961,0.210918,0.224244,0.224079
223.0,0.405576,0.705143,0.253548,0.396753,0.70071,0.165081,0.195977,0.230876,0.220744
224.0,0.342431,0.697393,0.236708,0.346469,0.715829,0.147874,0.149321,0.179083,0.238229
225.0,0.317411,0.651829,0.243563,0.342669,0.689703,0.133652,0.144021,0.202995,0.208305
226.0,0.310468,0.660397,0.219759,0.341554,0.665596,0.142202,0.170162,0.218162,0.249506
227.0,0.300908,0.638973,0.196655,0.328951,0.695113,0.146474,0.185862,0.196059,0.234621
228.0,0.249626,0.624102,0.198538,0.288573,0.683602,0.122592,0.218695,0.191786,0.209105
229.0,0.296474,0.657185,0.236595,0.28774,0.64363,0.092955,0.222706,0.183339,0.18693
230.0,0.255943,0.627853,0.171646,0.306915,0.637155,0.090401,0.192755,0.152763,0.170733
231.0,0.269858,0.62271,0.207552,0.296033,0.650838,0.074854,0.175678,0.167364,0.188541
232.0,0.253549,0.600362,0.139629,0.277574,0.613567,0.130585,0.124073,0.148272,0.156992
233.0,0.247574,0.599655,0.169901,0.255807,0.614635,0.095068,0.138805,0.157631,0.181421
234.0,0.244303,0.594769,0.181275,0.228724,0.573772,0.104415,0.211501,0.159104,0.167403
235.0,0.281428,0.557907,0.175957,0.244312,0.60942,0.045832,0.207533,0.168044,0.186424
236.0,0.206941,0.555375,0.169637,0.231269,0.56084,0.048631,0.171428,0.151649,0.11818
237.0,0.227491,0.548758,0.145409,0.236363,0.558907,0.104202,0.165058,0.165824,0.149743
238.0,0.197061,0.564682,0.164091,0.213768,0.530559,0.083238,0.231974,0.116886,0.162359
239.0,0.232825,0.522054,0.16737,0.204695,0.60649,0.095671,0.187955,0.147998,0.149125
240.0,0.217362,0.51592,0.116416,0.194985,0.569917,0.049031,0.158021,0.129667,0.111903
241.0,0.201808,0.499185,0.137262,0.204185,0.570297,0.06582,0.107616,0.14656,0.191367
242.0,0.185043,0.468226,0.159826,0.144033,0.512964,0.031709,0.126855,0.110491,0.128164
243.0,0.122165,0.514404,0.09942,0.195644,0.49765,0.060261,0.127086,0.13121,0.129126
244.0,0.148437,0.511809,0.121827,0.171431,0.473781,0.051005,0.114687,0.099504,0.147651
245.0,0.170888,0.507182,0.103136,0.138756,0.507837,0.051067,0.105308,0.106297,0.13707
246.0,0.178551,0.451286,0.090756,0.16405,0.449446,0.012033,0.116665,0.101303,0.098014
247.0,0.141653,0.46609,0.166367,0.165664,0.46456,0.062425,0.14995,0.084324,0.172571
248.0,0.120776,0.440812,0.148399,0.11198,0.495112,0.011549,0.115444,0.105677,0.115884
249.0,0.134897,0.438627,0.070761,0.165117,0.480832,0.017458,0.099244,0.118136,0.069954
250.0,0.11774,0.414635,0.113529,0.13619,0.462271,0.042318,0.144054,0.128819,0.100234
251.0,0.127137,0.441985,0.101469,0.141289,0.431427,0.045035,0.121361,0.134905,0.115509
252.0,0.092429,0.430912,0.090688,0.120218,0.449711,0.05931,0.08845,0.126906,0.103316
253.0,0.12755,0.410479,0.097529,0.13816,0.409875,0.020421,0.077662,0.111534,0.093584
254.0,0.084186,0.405851,0.068682,0.112013,0.412147,0.070307,0.046735,0.078213,0.109619
255.0,0.142832,0.393208,0.057283,0.122772,0.423969,0.043799,0.105708,0.102621,0.105636
256.0,0.04992,0.387408,0.067352,0.122066,0.408183,0.061711,0.095481,0.091654,0.083805
257.0,0.089891,0.350498,0.062278,0.090683,0.387483,0.048278,0.0865,0.08376,0.123283
258.0,0.112047,0.358477,0.084816,0.171451,0.383691,0.00417,0.111464,0.068506,0.118381
259.0,0.107191,0.350154,0.064333,0.126425,0.366848,0.04086,0.105158,0.07165,0.099076
260.0,0.077982,0.350009,0.125032,0.086194,0.346152,0.054028,0.133737,0.093666,0.077843
261.0,0.085994,0.322903,0.099635,0.081861,0.363593,0.027912,0.112618,0.082355,0.087646
262.0,0.053526,0.354686,0.085617,0.13952,0.340155,0.035077,0.139314,0.0938,0.064887
263.0,0.117336,0.326683,0.068712,0.094169,0.338401,0.067994,0.130914,0.109533,0.090619
264.0,0.081103,0.308903,0.081343,0.113537,0.35422,0.025776,0.14318,0.079222,0.096353
265.0,0.105429,0.291733,0.043397,0.0945,0.346727,0.022009,0.105079,0.052148,0.074494
266.0,0.088243,0.286124,0.107169,0.098087,0.320778,0.027106,0.100037,0.057093,0.087801
267.0,0.103718,0.315914,0.089628,0.069455,0.327953,0.032371,0.103664,0.060472,0.082921
268.0,0.1275,0.292114,0.065008,0.055149,0.279652,0.026866,0.102478,0.075692,0.042446
269.0,0.086492,0.305643,0.060447,0.077617,0.307384,0.045953,0.097102,0.058018,0.069621
270.0,0.031292,0.263171,0.050081,0.07722,0.281536,0.053439,0.089966,0.052196,0.032401
271.0,0.10303,0.248723,0.062731,0.076689,0.271697,0.011586,0.117086,0.036574,0.048753
272.0,0.061998,0.277154,0.010889,0.088494,0.281945,0.05359,0.128863,0.0703,0.065063
273.0,0.061119,0.289004,0.067386,0.105031,0.30212,0.043677,0.112369,0.074808,0.070808
274.0,0.072782,0.273361,0.043731,0.039344,0.247685,0.018793,0.161822,0.07209,0.069472
275.0,0.037744,0.262508,0.051693,0.062939,0.258827,0.023946,0.148339,0.030278,0.040991
276.0,0.012185,0.225966,0.022843,0.076863,0.226786,0.009118,0.15656,0.067613,0.04199
277.0,0.049847,0.241313,0.044285,0.052174,0.234284,-0.014886,0.084563,0.067962,0.068083
278.0,0.075687,0.250826,0.077306,0.050987,0.201702,-0.001235,0.126591,0.040152,0.056759
279.0,0.029042,0.244113,0.07862,0.030831,0.235097,-0.01507,0.113559,0.072962,0.037165
280.0,0.018315,0.17497,0.078516,0.026277,0.191718,0.032799,0.095334,0.054355,0.039971
281.0,0.03977,0.194919,0.05943,0.056215,0.222081,0.025307,0.093297,0.072847,0.040444
282.0,-0.003268,0.186242,0.073327,0.062949,0.203376,-0.00927,0.149714,0.035503,0.054772
283.0,0.054201,0.194819,0.055612,0.038492,0.204254,0.012829,0.129233,0.077745,0.065336
284.0,0.037122,0.144378,0.072883,0.06385,0.16823,0.009041,0.123879,0.071944,0.063389
285.0,0.036509,0.172892,0.065942,0.050282,0.198915,0.020701,0.121745,0.01977,0.023833
286.0,0.038063,0.136212,0.051924,0.042323,0.172681,-0.019677,0.052201,0.011848,0.043082
287.0,0.030925,0.156514,0.091549,0.04409,0.182124,0.024895,0.03508,0.017744,0.042131
288.0,0.046897,0.134354,0.035798,0.008119,0.152268,-0.014641,0.10728,0.032726,0.022279
289.0,0.024036,0.179335,0.040793,0.048525,0.153016,-0.023079,0.107289,0.029397,0.037761
290.0,0.028039,0.136832,0.043535,0.011577,0.150461,0.003935,0.131766,0.043489,0.021296
291.0,0.006737,0.128416,0.060705,0.01009,0.163535,0.011738,0.103238,0.032359,0.033404
292.0,0.041813,0.136867,0.059948,0.019543,0.136646,0.002676,0.112886,0.014736,0.047936
293.0,0.012197,0.119408,0.076783,0.074768,0.114814,0.03283,0.12586,0.031475,0.056826
294.0,0.014245,0.093928,0.084769,0.044204,0.108208,0.039422,0.091539,0.066053,0.019393
295.0,0.010135,0.127882,0.021943,0.025605,0.108256,0.030008,0.08183,0.004585,0.042836
296.0,0.020879,0.111835,0.062736,0.063295,0.083328,0.028686,0.13703,0.041106,0.036166
297.0,0.042082,0.104497,0.059236,0.014535,0.109005,0.004569,0.176837,0.010995,0.009976
298.0,0.022972,0.123441,0.07713,0.02295,0.081956,-0.026174,0.135109,0.08647,0.061866
299.0,0.005946,0.148618,0.070092,0.025803,0.114471,0.012656,0.132073,0.056826,0.028115
300.0,-0.009707,0.078174,0.099208,0.004627,0.093033,0.009338,0.150011,0.043645,0.007594
301.0,0.006474,0.117036,0.070757,-0.007574,0.104723,0.030664,0.205262,0.027077,0.018356
302.0,0.045322,0.084177,0.10351,0.006216,0.120729,0.005358,0.181383,-0.00151,0.033103
303.0,0.01333,0.103673,0.08917,0.007156,0.059945,0.003984,0.188424,0.016648,0.056131
304.0,0.039136,0.06658,0.114119,0.00907,0.078293,-0.016447,0.223729,0.038228,0.045725
305.0,-0.02081,0.036205,0.068299,-0.004662,0.051286,0.003211,0.222059,0.038166,0.019221
306.0,0.011346,0.042833,0.081967,0.01657,0.097181,0.00656,0.207531,-0.018006,0.019141
307.0,0.010475,0.056216,0.090911,0.040181,0.051869,-0.003806,0.218436,0.027789,0.023812
308.0,0.046075,0.064449,0.076985,-0.002869,0.034796,0.02207,0.162095,-0.0477,0.033466
309.0,-0.004567,0.035374,0.061293,0.003681,0.020441,0.064889,0.176996,0.012011,0.065054
310.0,-0.005406,-0.006263,0.065963,0.001903,0.031832,-0.003938,0.18239,0.011113,0.047642
311.0,0.022401,0.020354,0.086199,0.048426,0.02683,-0.009324,0.177725,0.030425,0.009771
312.0,0.003757,0.000147,0.058071,0.036661,0.037434,-0.027179,0.188744,-0.012798,0.009784
313.0,-0.027123,0.038586,0.065047,-0.013315,0.013499,-0.014381,0.19044,0.002303,0.005842
314.0,-0.013138,0.017459,0.037641,0.029571,0.005549,0.002108,0.142894,0.044664,-0.011639
315.0,-0.000529,0.025969,0.028065,0.006131,0.009494,0.024855,0.165437,0.022109,0.029747
316.0,0.006401,0.009857,0.097636,0.023473,-0.004685,-0.000163,0.213942,0.01534,0.021411
317.0,-0.014345,-0.019429,0.06842,0.050052,0.033304,0.026281,0.177566,-0.012378,0.018397
318.0,0.022759,-0.012077,0.069131,-0.002187,-0.000294,-0.025258,0.234081,-0.000499,0.013881
319.0,0.028819,-7.7e-05,0.057778,-0.010184,0.016888,-0.032151,0.227319,0.019656,0.006415
320.0,0.021697,0.023411,0.074417,-0.002765,0.011901,-0.028114,0.198386,0.025921,-0.004266
321.0,0.037491,0.022156,0.120733,0.02416,0.028832,0.040412,0.230338,-0.017745,0.01935
322.0,0.05755,0.022916,0.068437,-0.00169,0.0588,0.017307,0.184995,-0.0202,0.010576
323.0,-0.010049,0.024299,0.160988,0.022346,-0.000229,-0.014086,0.172781,-0.039727,0.033266
324.0,0.070234,0.005935,0.112109,0.014144,-0.004714,-0.001162,0.236095,0.027056,-0.019189
325.0,0.078642,0.018791,0.167167,0.044681,0.009254,0.01271,0.205341,0.003998,-0.049856
326.0,0.079571,0.019935,0.149717,0.029616,0.018572,0.057476,0.180693,0.007131,0.016886
327.0,0.122448,0.028419,0.191102,0.031466,0.033389,0.047728,0.242172,0.030337,-0.001047
328.0,0.090165,0.037188,0.161854,0.030133,-0.005749,0.012652,0.174178,-0.016026,0.005762
329.0,0.091055,0.051351,0.181145,0.007213,0.015404,0.023104,0.220843,-0.012337,0.004784
330.0,0.142192,0.032649,0.196439,0.001861,-0.000869,-0.014485,0.243638,-0.016821,-0.0094
331.0,0.103161,-0.005669,0.158027,-0.010752,0.021093,0.029438,0.236192,0.021279,0.009461
332.0,0.07868,-0.015708,0.164102,0.047748,-0.012569,0.029234,0.204664,0.014832,0.005392
333.0,0.096071,0.006584,0.18742,-0.020551,0.039161,0.022882,0.223453,0.009424,-0.024203
334.0,0.102794,0.011808,0.185603,0.028493,0.040648,0.019833,0.203774,0.051421,-0.009334
335.0,0.102383,-0.000238,0.201905,-0.00089,0.006509,0.054253,0.202935,0.032082,-0.001804
336.0,0.092649,0.005712,0.17955,0.039028,0.014006,0.029202,0.198569,0.017428,0.020652
337.0,0.138654,0.019581,0.163548,0.049356,0.044857,-0.013599,0.167595,-0.002123,0.020516
338.0,0.126393,-0.007762,0.159554,-0.01738,0.009252,0.023908,0.190833,0.041306,-0.004552
339.0,0.120505,0.03475,0.16231,-0.008002,0.000232,0.04045,0.238134,-0.007849,0.015182
340.0,0.088105,0.021098,0.155304,0.04305,-0.019429,0.010478,0.232095,0.013934,0.015474
341.0,0.123108,0.002363,0.205074,0.015095,0.010932,0.046564,0.197869,0.014685,0.035233
342.0,0.137392,0.025597,0.153059,-0.002938,0.014873,-0.003762,0.25588,0.034639,0.019868
343.0,0.100959,0.003151,0.178831,0.027995,-0.0323,0.017343,0.226833,0.013827,0.009127
344.0,0.102267,0.012096,0.133868,0.007451,-0.000791,0.049532,0.216993,0.027768,-0.024641
345.0,0.09043,-0.023235,0.18278,-0.011737,0.034482,0.042757,0.188892,0.025825,0.048742
346.0,0.118417,-0.002433,0.134903,0.011297,0.012942,0.04254,0.173761,-0.001773,0.028273
347.0,0.06709,0.020856,0.192159,0.001403,0.027231,0.024314,0.166427,0.005818,0.008247
348.0,0.10177,0.030177,0.137094,0.005687,0.015719,0.007673,0.207054,0.007901,-0.006568
349.0,0.110498,0.016695,0.158879,0.030245,0.05278,0.03779,0.210913,0.013988,0.017699
350.0,0.05535,0.025132,0.155467,0.021006,-0.01595,0.037922,0.193044,0.029829,-0.004597
351.0,0.124278,-0.007009,0.191021,0.00345,0.02968,0.016099,0.18406,0.034196,0.014718
352.0,0.100237,0.01142,0.207616,0.005911,0.016773,0.044881,0.198957,-0.010369,-0.019925
353.0,0.089406,0.003985,0.199899,-0.001753,0.046995,0.03056,0.190919,-0.010102,0.014405
354.0,0.107623,-0.002382,0.17777,-0.002715,0.036526,0.031122,0.202698,0.012647,0.045505
355.0,0.112439,0.039398,0.154693,-0.002825,0.026465,0.014813,0.209771,0.013133,0.027059
356.0,0.126512,0.02836,0.17135,-0.023984,-0.016277,0.037011,0.228112,0.008646,0.018502
357.0,0.098424,0.023727,0.194125,-0.010065,-0.012132,0.000629,0.222643,0.007918,0.007555
358.0,0.119417,0.028749,0.150656,0.047131,-0.010849,0.01964,0.16547,0.011131,0.005236
359.0,0.072176,0.038607,0.163854,-0.013971,0.000761,0.044959,0.247324,0.02901,-0.012848
360.0,0.123115,0.011739,0.143147,0.020658,0.036234,0.012377,0.210607,0.001331,0.003984
361.0,0.119126,0.016662,0.146215,-0.003631,-0.022767,0.043154,0.199309,0.000747,0.014637
362.0,0.13293,-0.003587,0.214142,-0.007068,0.024911,0.022041,0.216775,0.015023,0.014803
363.0,0.089511,0.005929,0.191373,-0.010993,-0.021392,0.029662,0.228224,0.013008,0.026352
364.0,0.101192,0.017718,0.172207,0.005235,0.015565,0.040566,0.226241,0.014529,-0.033658
365.0,0.180345,0.007277,0.198671,0.038145,0.005641,0.004444,0.209156,0.028212,0.00452
366.0,0.11626,-0.00665,0.148852,-0.036977,0.023544,0.033663,0.198688,-0.013869,-0.012761
367.0,0.084094,-0.040588,0.133453,-0.001997,0.045004,0.056079,0.223199,0.007851,-0.004754
368.0,0.100991,0.036075,0.138252,0.002035,-0.000583,0.052691,0.226719,-0.004378,0.004695
369.0,0.087765,0.024981,0.157255,-0.019977,0.005306,0.044501,0.212242,-0.044774,0.014469
370.0,0.157968,0.01088,0.177691,0.016994,-0.019809,0.057177,0.232455,0.018687,0.04682
371.0,0.146039,-0.013208,0.166524,0.003643,0.03822,0.0284,0.227119,0.013025,-0.002787
372.0,0.128006,0.013988,0.193733,0.021568,0.033791,0.034273,0.215887,0.027304,0.03122
373.0,0.10628,0.011479,0.21296,0.007545,0.007019,0.017585,0.192635,-0.010092,0.010362
374.0,0.115089,0.030154,0.145506,-0.010223,0.040746,0.010789,0.222847,-0.002902,0.004513
375.0,0.109995,0.019951,0.166406,0.039187,0.017698,0.047943,0.243136,0.016008,0.022497
376.0,0.134367,-0.016326,0.152953,-0.053118,0.027483,-0.000577,0.205083,0.030077,-0.004034
377.0,0.103886,0.006269,0.168086,0.015413,0.042317,0.046213,0.209119,0.010466,0.011503
378.0,0.096746,0.009645,0.173764,0.014817,-0.002708,0.017107,0.239079,0.002248,0.011442
379.0,0.109039,0.039,0.216254,0.023333,0.022902,0.026882,0.231621,0.014065,0.020288
380.0,0.095971,0.011632,0.170275,0.013438,0.014457,0.017714,0.194438,-0.007242,0.013566
381.0,0.126668,0.02709,0.164389,0.043542,0.016683,0.009281,0.224999,0.001256,0.018509
382.0,0.086418,-0.003377,0.157985,0.013501,-0.014743,0.036314,0.227409,0.000891,-0.006666
383.0,0.093779,-0.003679,0.161786,0.028599,0.00651,0.01295,0.198282,-0.00476,0.037277
384.0,0.095158,0.044935,0.206729,0.02624,-0.006918,0.021055,0.220551,0.007405,0.039086
385.0,0.074337,-0.027422,0.160355,-0.027747,-0.020793,0.018312,0.190114,0.023405,0.028946
386.0,0.101018,0.024149,0.158168,-0.002253,0.040156,0.025636,0.211841,0.019981,0.000381
387.0,0.128192,0.024297,0.184343,0.011115,0.006563,0.028123,0.190382,0.024105,0.018316
388.0,0.133325,-0.034866,0.192977,-0.019093,0.011405,0.040613,0.206168,0.017538,0.002591
389.0,0.092034,0.022308,0.193382,0.039099,0.053671,0.04683,0.220371,-0.002486,0.005663
390.0,0.083071,0.000796,0.141379,0.00892,-0.032016,0.014303,0.201411,-0.010439,0.003755
391.0,0.114778,0.0424,0.15038,0.030496,0.00481,0.073958,0.214464,0.018684,0.026689
392.0,0.132388,0.023285,0.158129,-0.020513,0.031461,0.071211,0.221108,0.018344,0.013791
393.0,0.09893,-0.000449,0.166579,-0.00412,-0.023105,0.034869,0.221666,0.003811,-0.006106
394.0,0.102707,0.009491,0.134449,0.036256,0.007445,-0.009381,0.144335,0.015363,0.054726
395.0,0.086642,-0.024072,0.169463,-0.027066,0.014564,0.011566,0.208074,0.031137,-0.011249
396.0,0.109166,0.006255,0.158781,0.004925,0.031952,0.040762,0.202156,-0.017028,-0.007809
397.0,0.114888,-0.016781,0.104252,-0.002931,0.006137,0.024955,0.186271,-0.016317,0.024545
398.0,0.104939,0.003747,0.157327,-0.003554,0.052106,0.014446,0.222455,0.037311,0.011585
399.0,0.134447,0.03227,0.162324,0.030818,0.031682,0.041638,0.220526,-0.004991,-0.023422
400.0,0.134578,0.009559,0.148792,0.032316,0.047477,0.058873,0.16497,0.012486,0.021373
401.0,0.095626,0.005858,0.176129,0.037394,0.0055,0.02277,0.209135,-0.029271,0.000381
402.0,0.119478,-0.002812,0.159872,0.034304,0.002108,0.028136,0.230706,0.023226,0.028524
403.0,0.099983,0.013415,0.192887,0.003217,-0.008801,0.001573,0.240071,0.010822,-0.015081
404.0,0.130157,-0.015106,0.172302,0.030452,0.021874,0.067367,0.231267,0.01263,-0.017245
405.0,0.122341,-0.00817,0.1494,-0.001128,-0.017871,0.020642,0.211589,0.007889,-0.014304
406.0,0.138945,0.02571,0.17468,0.021139,-0.012024,0.033169,0.190195,0.017935,0.032729
407.0,0.114474,0.014739,0.155643,0.000887,-0.019097,0.031282,0.264678,0.049796,-0.004618
408.0,0.088395,-0.016059,0.165875,-0.006723,0.03278,0.032451,0.222528,0.005793,0.014979
409.0,0.090931,-0.0094,0.173587,0.02038,0.009689,0.021842,0.200502,-0.007217,-0.00582
410.0,0.103729,0.008255,0.161905,0.044156,-0.019313,0.043008,0.174649,0.038219,0.029683
411.0,0.086961,0.015024,0.192855,0.027081,0.014469,0.052852,0.207297,0.023347,0.005519
412.0,0.107637,0.00364,0.17006,0.011915,0.052545,0.028687,0.239063,0.048817,0.031977
413.0,0.123795,0.00313,0.176148,0.009956,0.020475,0.033752,0.213765,0.018628,0.027229
414.0,0.117556,0.000598,0.19013,0.014465,0.052637,0.009893,0.237708,0.004047,-0.001516
415.0,0.0797,0.020777,0.153626,0.00977,0.039064,0.020819,0.19258,-0.031697,-0.015109
416.0,0.114539,0.021738,0.160038,0.021286,0.017017,0.019764,0.20982,0.023999,0.028611
417.0,0.11489,0.034434,0.144266,0.003615,0.014588,0.055948,0.211873,0.04215,0.010444
418.0,0.14653,0.029163,0.1697,0.011218,0.027877,0.014056,0.22613,-0.023948,-0.004238
419.0,0.102279,0.008234,0.166951,0.023953,0.017907,0.051062,0.194227,-0.008546,0.017518
420.0,0.084846,0.029351,0.135251,0.013754,0.006544,0.032693,0.220316,-0.019754,-0.01824
421.0,0.112021,0.039499,0.176734,0.032533,-0.004352,-0.004364,0.221909,0.010412,-0.012953
422.0,0.077979,-0.034326,0.17305,-0.003789,0.033415,0.039091,0.210615,0.00819,0.00425
423.0,0.123321,0.001766,0.169907,0.03603,0.026298,0.032902,0.21427,-0.009607,0.008127
424.0,0.109222,0.015229,0.157982,0.028403,-0.01619,0.049284,0.197795,0.004133,0.05496
425.0,0.103069,-0.005076,0.168207,-0.005752,0.00063,0.026297,0.204846,0.038834,0.028678
426.0,0.092932,-0.021824,0.183189,0.021106,0.046064,0.040186,0.219758,0.028101,0.016765
427.0,0.067225,-0.020725,0.132724,0.018118,0.008017,0.016689,0.215737,0.042817,0.000167
428.0,0.071398,0.020503,0.177176,0.002738,0.021997,0.035987,0.231929,-0.014201,0.012548
429.0,0.120033,-0.003488,0.161273,0.010875,0.022955,0.010448,0.200398,-0.0011,0.004379
430.0,0.143454,0.022175,0.129682,-0.016719,-0.014682,0.014475,0.194522,-0.034215,-0.016097
431.0,0.117189,-0.015632,0.148376,0.033714,0.014037,0.0189,0.232398,-0.006666,0.015849
432.0,0.085157,-0.005541,0.176173,-0.004935,0.022796,0.055776,0.194265,-0.020961,0.035572
433.0,0.108584,0.032141,0.176294,-0.024757,-0.008891,0.037986,0.203954,0.044539,0.05194
434.0,0.144371,0.004563,0.17341,-0.01715,-0.008047,-0.010237,0.187385,0.000736,-0.013726
435.0,0.100682,0.031172,0.168186,0.013493,-0.026446,0.015352,0.219342,0.029441,0.05096
436.0,0.11244,0.010511,0.209,0.022464,-0.009604,0.059667,0.208861,0.007933,0.011428
437.0,0.11396,-0.03213,0.154949,0.004012,0.01975,0.037052,0.195909,0.016569,-0.019821
438.0,0.115725,-0.00255,0.159927,0.011128,-0.00733,0.015958,0.20862,0.009858,0.000316
439.0,0.144961,0.019523,0.17909,0.007681,-0.012191,0.015173,0.206948,-0.024914,0.015823
440.0,0.109619,0.029726,0.166858,-0.034851,-0.003787,0.036303,0.208017,0.002756,0.052964
441.0,0.121203,-0.020662,0.143946,0.031686,-0.020133,0.002699,0.218559,0.02578,-0.014603
442.0,0.103726,0.006777,0.193296,0.004137,0.035392,0.059839,0.2051,0.020821,-0.022638
443.0,0.142043,-0.00347,0.1745,0.013858,-0.020476,0.034627,0.202341,-0.005243,0.022077
444.0,0.13628,0.006816,0.157426,-0.000466,-0.014678,0.026295,0.206232,0.017279,0.025085
445.0,0.115662,-0.001316,0.169261,0.003386,0.005974,-0.001798,0.218662,0.008874,0.029516
446.0,0.083905,0.004294,0.15627,0.030855,0.033997,0.038725,0.202443,-0.006056,-0.000274
447.0,0.084635,0.002771,0.159265,0.010611,0.049134,0.061388,0.242072,0.030422,0.038122
448.0,0.097836,0.014881,0.12498,0.012377,0.040713,0.024597,0.239877,0.000168,0.016937
449.0,0.114984,0.036781,0.19184,-0.055152,0.018784,0.017009,0.210448,-0.028261,0.031387
450.0,0.109365,-0.008666,0.20982,-0.00542,-0.01929,0.026084,0.226961,0.01183,-0.002667
451.0,0.111417,0.005656,0.176712,-0.016098,0.044759,0.034223,0.219143,0.024358,0.004309
452.0,0.116186,0.033661,0.184245,0.005081,0.009097,0.047613,0.203778,0.011437,0.015743
453.0,0.10293,0.011794,0.15447,0.014641,-0.008016,0.067193,0.233908,0.006614,-0.021343
454.0,0.09707,-0.011559,0.176882,0.007765,0.022465,0.040902,0.200325,3.3e-05,-0.016626
455.0,0.050022,0.025458,0.157174,0.049641,0.026858,0.014833,0.180344,-0.008185,0.035019
456.0,0.063369,0.024927,0.174516,0.024178,0.039471,0.019697,0.233092,0.01925,0.016047
457.0,0.127405,0.033813,0.177753,0.006222,-0.00728,0.03329,0.258862,0.049992,-0.011599
458.0,0.069151,0.025902,0.179704,-0.002804,0.012402,0.039033,0.191923,0.016621,0.020548
459.0,0.083433,-0.023963,0.176196,0.038783,0.018738,0.008204,0.218473,0.001601,0.012153
460.0,0.09463,-0.028464,0.183926,0.014331,0.011668,0.021923,0.218081,0.037172,0.004379
461.0,0.101784,0.028607,0.153819,0.012152,-0.032328,0.028661,0.208805,0.047047,-0.001758
462.0,0.083965,0.006576,0.176116,0.011034,0.001331,-0.010527,0.249116,0.059201,-0.009776
463.0,0.130138,0.01254,0.163228,0.014762,0.025337,0.030728,0.224652,0.019206,-0.012817
464.0,0.113252,0.022653,0.149349,-0.002801,0.010971,0.022014,0.2054,0.038272,-0.027198
465.0,0.140598,0.024141,0.163473,0.014027,0.001035,0.026245,0.22954,0.034257,0.016515
466.0,0.147088,0.019968,0.189617,0.018846,0.008258,0.020481,0.178869,0.018811,0.034683
467.0,0.096756,0.010621,0.126661,0.025362,0.013327,0.012019,0.2006,0.039127,0.009296
468.0,0.121611,0.000471,0.184195,0.001867,0.016087,0.026165,0.17859,0.005402,-0.006044
469.0,0.1284,0.000306,0.171985,-0.009507,0.018329,0.062642,0.2204,0.007845,0.021274
470.0,0.111624,-0.012724,0.163118,0.024369,0.007505,0.038683,0.218667,0.000934,0.029685
471.0,0.119697,0.005833,0.173142,0.029599,-0.019454,0.010283,0.21788,-0.011463,0.007198
472.0,0.09316,0.009628,0.168899,0.025473,0.041308,0.080524,0.160914,-0.025869,-0.000259
473.0,0.104959,0.000677,0.140055,0.009967,-0.004426,0.000304,0.21326,0.001251,0.015553
474.0,0.116046,0.008167,0.207324,0.003019,-0.021945,0.031901,0.196769,-0.007481,0.019338
475.0,0.11013,0.002539,0.169036,-0.00701,0.015468,0.027213,0.212276,0.001122,0.031294
476.0,0.109429,-0.000375,0.145663,0.003454,0.012386,0.016613,0.199766,0.038512,0.008972
477.0,0.101369,0.024366,0.159613,0.005722,0.007983,-0.00784,0.214489,-0.002365,0.031979
478.0,0.155943,0.037938,0.187677,0.014485,0.035395,0.067008,0.180471,0.062843,0.008551
479.0,0.132582,-0.000287,0.163132,-0.003183,0.006756,0.031379,0.192491,0.018911,0.006535
480.0,0.097257,0.015855,0.217431,-0.017734,0.026045,0.009971,0.234955,0.02373,-0.011117
481.0,0.133236,0.003203,0.187504,-0.010588,-0.012644,0.010658,0.1862,-0.021473,0.034641
482.0,0.106745,-0.00059,0.164216,0.00783,0.021127,0.03538,0.21721,0.022341,0.008137
483.0,0.081231,0.036068,0.183804,-0.009495,0.004212,0.069301,0.190107,0.019962,-0.013449
484.0,0.155961,0.003171,0.174128,0.013689,0.004985,0.032789,0.199699,0.048568,-0.014931
485.0,0.133368,-0.002312,0.166622,0.006308,0.031269,0.019347,0.22765,0.007534,0.004468
486.0,0.078139,0.059116,0.161934,-0.009536,0.035963,0.070144,0.209019,0.01269,-0.011289
487.0,0.108449,0.006489,0.145142,0.010673,-0.01018,0.023622,0.210687,-0.002226,-0.015925
488.0,0.099444,0.019232,0.190603,-0.00957,0.03567,0.033084,0.133128,-0.006316,-0.007723
489.0,0.098978,0.033526,0.181642,-0.029311,0.006776,0.033106,0.228976,0.014063,0.039245
490.0,0.113626,0.026014,0.175968,0.028821,0.039083,0.005414,0.224342,0.042962,-0.014852
491.0,0.09004,0.031861,0.173739,0.03105,0.013236,0.005269,0.19801,0.006563,0.022825
492.0,0.096893,0.027221,0.165345,-0.033066,0.029044,0.028292,0.229919,0.031439,-0.002533
493.0,0.105447,0.014555,0.130514,0.035509,0.022615,0.026421,0.207156,0.005574,0.050651
494.0,0.099889,0.00802,0.164969,0.030137,0.024703,0.021964,0.203502,-0.031312,-0.011037
495.0,0.101983,-0.003018,0.153485,0.010213,0.001342,0.026223,0.196266,0.021317,0.017613
496.0,0.120089,0.021323,0.216933,0.025643,-0.005416,-0.011978,0.1807,0.043718,0.003642
497.0,0.119734,-0.000251,0.198885,-0.001904,-0.039667,0.033047,0.220635,0.042551,0.039493
498.0,0.13102,0.039962,0.193349,0.02051,-0.029638,0.038478,0.204255,-0.030164,-0.019216
499.0,0.078454,-0.014934,0.165428,0.007447,0.005974,0.030443,0.153172,0.024727,0.020217
500.0,0.123615,0.018214,0.190693,0.046786,-0.007645,0.027651,0.208697,-0.001737,-0.013776
501.0,0.113303,0.000853,0.138168,-0.018493,-0.011115,0.04582,0.201062,0.013827,0.020047
502.0,0.117859,-0.020756,0.185221,0.006179,0.003459,0.025887,0.24297,-0.005874,-0.008135
503.0,0.092482,-0.029485,0.181514,0.029106,0.003921,0.004574,0.220473,0.002633,-0.000258
504.0,0.119751,0.015976,0.1809,-0.000426,-0.009161,0.034735,0.205204,0.049639,0.028172
505.0,0.105068,0.008515,0.177041,0.002376,0.020294,0.014998,0.214842,-0.009614,0.003622
506.0,0.128944,0.038186,0.197674,0.018997,0.027764,0.048131,0.211087,-0.016277,-0.004683
507.0,0.107476,-0.003093,0.168183,0.002214,0.012046,0.032373,0.237463,-0.021215,0.026966
508.0,0.118272,0.011118,0.147904,-0.01569,-0.020939,0.017749,0.201906,0.005127,0.022188
509.0,0.131947,-0.007376,0.210699,0.004922,-0.02306,0.026334,0.18588,-0.029904,-0.011549
510.0,0.124655,0.026243,0.147559,0.01198,-0.017906,0.036733,0.204077,-0.026317,0.053487
511.0,0.10956,-0.005531,0.189703,0.004475,-0.004346,0.01316,0.221079,0.028288,0.006613
