0.0,0.0,0.01,0.01,0.01,0.0,0.01,0.06,0.01,0.01
1.0,0.0,0.01,0.01,0.01,0.0,0.01,0.06,0.01,0.01
2.0,0.0,0.01,0.01,0.01,0.0,0.01,0.06,0.01,0.01
3.0,0.01,0.01,0.01,0.01,0.0,0.01,0.05,0.01,0.01
4.0,0.01,0.01,0.01,0.01,0.0,0.01,0.05,0.01,0.01
5.0,0.01,0.02,0.02,0.01,0.0,0.01,0.04,0.01,0.01
6.0,0.01,0.02,0.02,0.01,0.0,0.01,0.04,0.01,0.01
7.0,0.02,0.04,0.04,0.01,0.01,0.01,0.03,0.01,0.01
8.0,0.02,0.04,0.04,0.01,0.01,0.01,0.03,0.01,0.01
9.0,0.03,0.06,0.06,0.01,0.01,0.01,0.02,0.01,0.01
10.0,0.03,0.06,0.06,0.01,0.01,0.01,0.02,0.01,0.01
11.0,0.04,0.07,0.08,0.01,0.02,0.01,0.01,0.01,0.01
12.0,0.04,0.07,0.08,0.01,0.02,0.01,0.01,0.01,0.01
13.0,0.05,0.09,0.11,0.02,0.03,0.01,0.01,0.01,0.01
14.0,0.05,0.09,0.11,0.02,0.03,0.01,0.01,0.01,0.01
15.0,0.06,0.1,0.12,0.03,0.04,0.01,0.02,0.01,0.02
16.0,0.06,0.1,0.12,0.03,0.04,0.01,0.02,0.01,0.02
17.0,0.07,0.12,0.16,0.04,0.06,0.03,0.01,0.03,0.04
18.0,0.07,0.12,0.16,0.04,0.06,0.03,0.01,0.03,0.04
19.0,0.1,0.15,0.21,0.06,0.08,0.04,0.04,0.06,0.07
20.0,0.1,0.15,0.21,0.06,0.08,0.04,0.04,0.06,0.07
21.0,0.12,0.18,0.26,0.07,0.11,0.06,0.06,0.09,0.1
22.0,0.12,0.18,0.26,0.07,0.11,0.06,0.06,0.09,0.1
23.0,0.14,0.22,0.31,0.09,0.14,0.08,0.07,0.13,0.14
24.0,0.14,0.22,0.31,0.09,0.14,0.08,0.07,0.13,0.14
25.0,0.16,0.25,0.35,0.1,0.17,0.11,0.12,0.17,0.17
26.0,0.16,0.25,0.35,0.1,0.17,0.11,0.12,0.17,0.17
27.0,0.18,0.29,0.4,0.12,0.21,0.15,0.14,0.22,0.22
28.0,0.18,0.29,0.4,0.12,0.21,0.15,0.14,0.22,0.22
29.0,0.2,0.32,0.43,0.14,0.24,0.17,0.16,0.26,0.26
30.0,0.2,0.32,0.43,0.14,0.24,0.17,0.16,0.26,0.26
31.0,0.23,0.35,0.47,0.16,0.28,0.22,0.19,0.3,0.3
32.0,0.23,0.35,0.47,0.16,0.28,0.22,0.19,0.3,0.3
33.0,0.24,0.39,0.49,0.17,0.32,0.26,0.23,0.34,0.34
34.0,0.24,0.39,0.49,0.17,0.32,0.26,0.23,0.34,0.34
35.0,0.26,0.42,0.53,0.18,0.35,0.3,0.26,0.38,0.39
36.0,0.26,0.42,0.53,0.18,0.35,0.3,0.26,0.38,0.39
37.0,0.28,0.45,0.56,0.2,0.39,0.34,0.29,0.42,0.43
38.0,0.28,0.45,0.56,0.2,0.39,0.34,0.29,0.42,0.43
39.0,0.3,0.47,0.58,0.22,0.42,0.38,0.32,0.45,0.46
40.0,0.3,0.47,0.58,0.22,0.42,0.38,0.32,0.45,0.46
41.0,0.32,0.5,0.61,0.24,0.45,0.42,0.36,0.49,0.49
42.0,0.32,0.5,0.61,0.24,0.45,0.42,0.36,0.49,0.49
43.0,0.33,0.53,0.63,0.26,0.47,0.45,0.39,0.52,0.52
44.0,0.33,0.53,0.63,0.26,0.47,0.45,0.39,0.52,0.52
45.0,0.34,0.55,0.65,0.28,0.51,0.48,0.43,0.55,0.55
46.0,0.34,0.55,0.65,0.28,0.51,0.48,0.43,0.55,0.55
47.0,0.36,0.57,0.67,0.29,0.54,0.51,0.45,0.57,0.57
48.0,0.36,0.57,0.67,0.29,0.54,0.51,0.45,0.57,0.57
49.0,0.38,0.59,0.69,0.3,0.56,0.54,0.48,0.6,0.59
50.0,0.38,0.59,0.69,0.3,0.56,0.54,0.48,0.6,0.59
51.0,0.4,0.61,0.7,0.32,0.59,0.57,0.52,0.62,0.62
52.0,0.4,0.61,0.7,0.32,0.59,0.57,0.52,0.62,0.62
53.0,0.41,0.64,0.71,0.33,0.61,0.59,0.55,0.64,0.64
54.0,0.41,0.64,0.71,0.33,0.61,0.59,0.55,0.64,0.64
55.0,0.42,0.66,0.73,0.34,0.63,0.61,0.56,0.66,0.66
56.0,0.42,0.66,0.73,0.34,0.63,0.61,0.56,0.66,0.66
57.0,0.44,0.68,0.75,0.36,0.65,0.64,0.57,0.68,0.68
58.0,0.44,0.68,0.75,0.36,0.65,0.64,0.57,0.68,0.68
59.0,0.45,0.69,0.76,0.38,0.67,0.66,0.6,0.69,0.69
60.0,0.45,0.69,0.76,0.38,0.67,0.66,0.6,0.69,0.69
61.0,0.46,0.7,0.77,0.4,0.69,0.68,0.63,0.7,0.7
62.0,0.46,0.7,0.77,0.4,0.69,0.68,0.63,0.7,0.7
63.0,0.48,0.72,0.79,0.41,0.71,0.7,0.65,0.71,0.71
64.0,0.48,0.72,0.79,0.41,0.71,0.7,0.65,0.71,0.71
65.0,0.49,0.73,0.8,0.42,0.72,0.71,0.67,0.73,0.72
66.0,0.49,0.73,0.8,0.42,0.72,0.71,0.67,0.73,0.72
67.0,0.51,0.74,0.8,0.43,0.73,0.72,0.68,0.74,0.73
68.0,0.51,0.74,0.8,0.43,0.73,0.72,0.68,0.74,0.73
69.0,0.52,0.76,0.81,0.45,0.74,0.73,0.69,0.76,0.74
70.0,0.52,0.76,0.81,0.45,0.74,0.73,0.69,0.76,0.74
71.0,0.53,0.77,0.81,0.46,0.76,0.74,0.69,0.77,0.76
72.0,0.53,0.77,0.81,0.46,0.76,0.74,0.69,0.77,0.76
73.0,0.54,0.78,0.82,0.47,0.78,0.76,0.7,0.78,0.77
74.0,0.54,0.78,0.82,0.47,0.78,0.76,0.7,0.78,0.77
75.0,0.55,0.8,0.83,0.48,0.79,0.78,0.71,0.79,0.79
76.0,0.55,0.8,0.83,0.48,0.79,0.78,0.71,0.79,0.79
77.0,0.56,0.81,0.84,0.49,0.8,0.79,0.72,0.8,0.8
78.0,0.56,0.81,0.84,0.49,0.8,0.79,0.72,0.8,0.8
79.0,0.57,0.82,0.85,0.51,0.81,0.8,0.74,0.81,0.81
80.0,0.57,0.82,0.85,0.51,0.81,0.8,0.74,0.81,0.81
81.0,0.59,0.83,0.85,0.52,0.82,0.81,0.76,0.82,0.81
82.0,0.59,0.83,0.85,0.52,0.82,0.81,0.76,0.82,0.81
83.0,0.6,0.83,0.85,0.53,0.83,0.82,0.77,0.82,0.82
84.0,0.6,0.83,0.85,0.53,0.83,0.82,0.77,0.82,0.82
85.0,0.61,0.84,0.86,0.55,0.84,0.82,0.78,0.83,0.83
86.0,0.61,0.84,0.86,0.55,0.84,0.82,0.78,0.83,0.83
87.0,0.62,0.85,0.86,0.56,0.85,0.83,0.8,0.84,0.84
88.0,0.62,0.85,0.86,0.56,0.85,0.83,0.8,0.84,0.84
89.0,0.64,0.86,0.87,0.57,0.86,0.84,0.81,0.85,0.85
90.0,0.64,0.86,0.87,0.57,0.86,0.84,0.81,0.85,0.85
91.0,0.66,0.87,0.88,0.58,0.87,0.85,0.82,0.86,0.85
92.0,0.66,0.87,0.88,0.58,0.87,0.85,0.82,0.86,0.85
93.0,0.67,0.88,0.89,0.59,0.88,0.85,0.82,0.87,0.86
94.0,0.67,0.88,0.89,0.59,0.88,0.85,0.82,0.87,0.86
95.0,0.68,0.89,0.89,0.61,0.89,0.86,0.83,0.88,0.87
96.0,0.68,0.89,0.89,0.61,0.89,0.86,0.83,0.88,0.87
97.0,0.69,0.9,0.9,0.62,0.9,0.88,0.83,0.89,0.88
98.0,0.69,0.9,0.9,0.62,0.9,0.88,0.83,0.89,0.88
99.0,0.69,0.9,0.91,0.63,0.91,0.88,0.84,0.9,0.89
100.0,0.69,0.9,0.91,0.63,0.91,0.88,0.84,0.9,0.89
101.0,0.7,0.91,0.92,0.65,0.91,0.89,0.85,0.9,0.9
102.0,0.7,0.91,0.92,0.65,0.91,0.89,0.85,0.9,0.9
103.0,0.71,0.92,0.92,0.66,0.92,0.9,0.87,0.91,0.9
104.0,0.71,0.92,0.92,0.66,0.92,0.9,0.87,0.91,0.9
105.0,0.72,0.92,0.93,0.67,0.93,0.91,0.88,0.92,0.91
106.0,0.72,0.92,0.93,0.67,0.93,0.91,0.88,0.92,0.91
107.0,0.73,0.93,0.93,0.68,0.93,0.91,0.89,0.93,0.92
108.0,0.73,0.93,0.93,0.68,0.93,0.91,0.89,0.93,0.92
109.0,0.74,0.94,0.93,0.69,0.94,0.92,0.9,0.93,0.92
110.0,0.74,0.94,0.93,0.69,0.94,0.92,0.9,0.93,0.92
111.0,0.76,0.94,0.94,0.7,0.94,0.92,0.91,0.93,0.93
112.0,0.76,0.94,0.94,0.7,0.94,0.92,0.91,0.93,0.93
113.0,0.77,0.94,0.94,0.71,0.94,0.93,0.91,0.94,0.94
114.0,0.77,0.94,0.94,0.71,0.94,0.93,0.91,0.94,0.94
115.0,0.78,0.94,0.94,0.72,0.94,0.94,0.92,0.94,0.94
116.0,0.78,0.94,0.94,0.72,0.94,0.94,0.92,0.94,0.94
117.0,0.79,0.94,0.94,0.73,0.95,0.94,0.93,0.94,0.94
118.0,0.79,0.94,0.94,0.73,0.95,0.94,0.93,0.94,0.94
119.0,0.8,0.95,0.95,0.74,0.95,0.94,0.93,0.94,0.94
120.0,0.8,0.95,0.95,0.74,0.95,0.94,0.93,0.94,0.94
121.0,0.81,0.95,0.96,0.75,0.95,0.94,0.94,0.94,0.94
122.0,0.81,0.95,0.96,0.75,0.95,0.94,0.94,0.94,0.94
123.0,0.81,0.95,0.96,0.76,0.96,0.95,0.96,0.95,0.94
124.0,0.81,0.95,0.96,0.76,0.96,0.95,0.96,0.95,0.94
125.0,0.81,0.96,0.96,0.77,0.96,0.95,0.96,0.96,0.94
126.0,0.81,0.96,0.96,0.77,0.96,0.95,0.96,0.96,0.94
127.0,0.82,0.96,0.96,0.78,0.96,0.95,0.96,0.96,0.95
128.0,0.82,0.96,0.96,0.78,0.96,0.95,0.96,0.96,0.95
129.0,0.82,0.96,0.96,0.79,0.97,0.95,0.96,0.96,0.96
130.0,0.82,0.96,0.96,0.79,0.97,0.95,0.96,0.96,0.96
131.0,0.83,0.97,0.96,0.8,0.97,0.95,0.95,0.96,0.96
132.0,0.83,0.97,0.96,0.8,0.97,0.95,0.95,0.96,0.96
133.0,0.84,0.97,0.96,0.81,0.97,0.95,0.95,0.97,0.96
134.0,0.84,0.97,0.96,0.81,0.97,0.95,0.95,0.97,0.96
135.0,0.84,0.97,0.97,0.81,0.97,0.96,0.95,0.97,0.96
136.0,0.84,0.97,0.97,0.81,0.97,0.96,0.95,0.97,0.96
137.0,0.85,0.97,0.98,0.81,0.98,0.96,0.96,0.97,0.97
138.0,0.85,0.97,0.98,0.81,0.98,0.96,0.96,0.97,0.97
139.0,0.86,0.98,0.98,0.82,0.98,0.97,0.96,0.98,0.97
140.0,0.86,0.98,0.98,0.82,0.98,0.97,0.96,0.98,0.97
141.0,0.86,0.98,0.98,0.83,0.98,0.97,0.97,0.98,0.97
142.0,0.86,0.98,0.98,0.83,0.98,0.97,0.97,0.98,0.97
143.0,0.87,0.98,0.98,0.84,0.98,0.98,0.98,0.98,0.98
144.0,0.87,0.98,0.98,0.84,0.98,0.98,0.98,0.98,0.98
145.0,0.88,0.98,0.98,0.85,0.99,0.98,0.99,0.99,0.98
146.0,0.88,0.98,0.98,0.85,0.99,0.98,0.99,0.99,0.98
147.0,0.89,0.99,0.98,0.85,0.99,0.98,0.99,0.99,0.98
148.0,0.89,0.99,0.98,0.85,0.99,0.98,0.99,0.99,0.98
149.0,0.9,0.99,0.98,0.86,0.99,0.98,0.99,0.99,0.99
150.0,0.9,0.99,0.98,0.86,0.99,0.98,0.99,0.99,0.99
151.0,0.93,0.99,0.99,0.9,0.99,0.99,0.99,0.99,0.99
152.0,0.93,0.99,0.99,0.9,0.99,0.99,0.99,0.99,0.99
153.0,0.97,0.98,0.97,0.95,0.99,0.98,0.98,0.97,0.96
154.0,0.97,0.98,0.97,0.95,0.99,0.98,0.98,0.97,0.96
155.0,0.98,0.97,0.96,0.97,0.98,0.97,0.97,0.95,0.94
156.0,0.98,0.97,0.96,0.97,0.98,0.97,0.97,0.95,0.94
157.0,0.98,0.96,0.96,0.97,0.97,0.95,0.94,0.91,0.9
158.0,0.98,0.96,0.96,0.97,0.97,0.95,0.94,0.91,0.9
159.0,0.96,0.95,0.93,0.96,0.96,0.93,0.91,0.86,0.84
160.0,0.96,0.95,0.93,0.96,0.96,0.93,0.91,0.86,0.84
161.0,0.94,0.94,0.9,0.94,0.95,0.9,0.87,0.8,0.78
162.0,0.94,0.94,0.9,0.94,0.95,0.9,0.87,0.8,0.78
163.0,0.91,0.93,0.88,0.91,0.94,0.88,0.84,0.74,0.73
164.0,0.91,0.93,0.88,0.91,0.94,0.88,0.84,0.74,0.73
165.0,0.86,0.91,0.85,0.87,0.92,0.85,0.8,0.69,0.67
166.0,0.86,0.91,0.85,0.87,0.92,0.85,0.8,0.69,0.67
167.0,0.82,0.9,0.83,0.83,0.91,0.82,0.79,0.64,0.62
168.0,0.82,0.9,0.83,0.83,0.91,0.82,0.79,0.64,0.62
169.0,0.77,0.88,0.8,0.78,0.89,0.79,0.76,0.59,0.57
170.0,0.77,0.88,0.8,0.78,0.89,0.79,0.76,0.59,0.57
171.0,0.73,0.86,0.79,0.74,0.87,0.78,0.73,0.55,0.53
172.0,0.73,0.86,0.79,0.74,0.87,0.78,0.73,0.55,0.53
173.0,0.7,0.84,0.78,0.71,0.85,0.76,0.72,0.52,0.5
174.0,0.7,0.84,0.78,0.71,0.85,0.76,0.72,0.52,0.5
175.0,0.66,0.82,0.76,0.68,0.83,0.73,0.71,0.48,0.47
176.0,0.66,0.82,0.76,0.68,0.83,0.73,0.71,0.48,0.47
177.0,0.62,0.8,0.74,0.65,0.81,0.71,0.7,0.45,0.44
178.0,0.62,0.8,0.74,0.65,0.81,0.71,0.7,0.45,0.44
179.0,0.59,0.79,0.72,0.61,0.8,0.69,0.68,0.43,0.42
180.0,0.59,0.79,0.72,0.61,0.8,0.69,0.68,0.43,0.42
181.0,0.56,0.77,0.7,0.58,0.79,0.67,0.66,0.41,0.4
182.0,0.56,0.77,0.7,0.58,0.79,0.67,0.66,0.41,0.4
183.0,0.54,0.75,0.69,0.55,0.77,0.65,0.64,0.39,0.38
184.0,0.54,0.75,0.69,0.55,0.77,0.65,0.64,0.39,0.38
185.0,0.51,0.73,0.67,0.52,0.75,0.62,0.61,0.36,0.35
186.0,0.51,0.73,0.67,0.52,0.75,0.62,0.61,0.36,0.35
187.0,0.49,0.71,0.66,0.49,0.74,0.6,0.6,0.34,0.33
188.0,0.49,0.71,0.66,0.49,0.74,0.6,0.6,0.34,0.33
189.0,0.46,0.7,0.64,0.47,0.72,0.58,0.59,0.32,0.31
190.0,0.46,0.7,0.64,0.47,0.72,0.58,0.59,0.32,0.31
191.0,0.44,0.68,0.62,0.45,0.7,0.57,0.57,0.3,0.3
192.0,0.44,0.68,0.62,0.45,0.7,0.57,0.57,0.3,0.3
193.0,0.42,0.66,0.6,0.43,0.69,0.55,0.56,0.29,0.28
194.0,0.42,0.66,0.6,0.43,0.69,0.55,0.56,0.29,0.28
195.0,0.4,0.64,0.58,0.41,0.67,0.54,0.55,0.27,0.27
196.0,0.4,0.64,0.58,0.41,0.67,0.54,0.55,0.27,0.27
197.0,0.38,0.62,0.56,0.39,0.65,0.52,0.54,0.26,0.26
198.0,0.38,0.62,0.56,0.39,0.65,0.52,0.54,0.26,0.26
199.0,0.35,0.6,0.55,0.37,0.63,0.49,0.53,0.24,0.24
200.0,0.35,0.6,0.55,0.37,0.63,0.49,0.53,0.24,0.24
201.0,0.34,0.59,0.54,0.35,0.61,0.47,0.52,0.22,0.23
202.0,0.34,0.59,0.54,0.35,0.61,0.47,0.52,0.22,0.23
203.0,0.32,0.57,0.53,0.34,0.59,0.45,0.51,0.21,0.22
204.0,0.32,0.57,0.53,0.34,0.59,0.45,0.51,0.21,0.22
205.0,0.3,0.55,0.5,0.32,0.57,0.43,0.49,0.2,0.21
206.0,0.3,0.55,0.5,0.32,0.57,0.43,0.49,0.2,0.21
207.0,0.29,0.54,0.48,0.3,0.56,0.42,0.48,0.19,0.2
208.0,0.29,0.54,0.48,0.3,0.56,0.42,0.48,0.19,0.2
209.0,0.28,0.52,0.46,0.29,0.55,0.41,0.47,0.18,0.18
210.0,0.28,0.52,0.46,0.29,0.55,0.41,0.47,0.18,0.18
211.0,0.27,0.5,0.45,0.28,0.54,0.4,0.46,0.17,0.17
212.0,0.27,0.5,0.45,0.28,0.54,0.4,0.46,0.17,0.17
213.0,0.26,0.48,0.43,0.27,0.52,0.38,0.45,0.16,0.16
214.0,0.26,0.48,0.43,0.27,0.52,0.38,0.45,0.16,0.16
215.0,0.24,0.46,0.42,0.26,0.5,0.36,0.43,0.15,0.15
216.0,0.24,0.46,0.42,0.26,0.5,0.36,0.43,0.15,0.15
217.0,0.23,0.45,0.41,0.24,0.48,0.35,0.42,0.14,0.15
218.0,0.23,0.45,0.41,0.24,0.48,0.35,0.42,0.14,0.15
219.0,0.22,0.43,0.39,0.23,0.46,0.33,0.41,0.14,0.14
220.0,0.22,0.43,0.39,0.23,0.46,0.33,0.41,0.14,0.14
221.0,0.21,0.42,0.37,0.22,0.45,0.32,0.41,0.13,0.13
222.0,0.21,0.42,0.37,0.22,0.45,0.32,0.41,0.13,0.13
223.0,0.2,0.4,0.36,0.21,0.43,0.31,0.4,0.12,0.12
224.0,0.2,0.4,0.36,0.21,0.43,0.31,0.4,0.12,0.12
225.0,0.18,0.38,0.35,0.2,0.42,0.3,0.39,0.11,0.11
226.0,0.18,0.38,0.35,0.2,0.42,0.3,0.39,0.11,0.11
227.0,0.17,0.36,0.33,0.19,0.4,0.29,0.38,0.11,0.11
228.0,0.17,0.36,0.33,0.19,0.4,0.29,0.38,0.11,0.11
229.0,0.17,0.35,0.32,0.18,0.39,0.28,0.37,0.1,0.1
230.0,0.17,0.35,0.32,0.18,0.39,0.28,0.37,0.1,0.1
231.0,0.16,0.33,0.3,0.17,0.37,0.26,0.35,0.09,0.09
232.0,0.16,0.33,0.3,0.17,0.37,0.26,0.35,0.09,0.09
233.0,0.15,0.32,0.29,0.16,0.35,0.25,0.33,0.08,0.08
234.0,0.15,0.32,0.29,0.16,0.35,0.25,0.33,0.08,0.08
235.0,0.14,0.3,0.27,0.15,0.33,0.23,0.33,0.08,0.08
236.0,0.14,0.3,0.27,0.15,0.33,0.23,0.33,0.08,0.08
237.0,0.14,0.29,0.25,0.15,0.32,0.22,0.33,0.08,0.08
238.0,0.14,0.29,0.25,0.15,0.32,0.22,0.33,0.08,0.08
239.0,0.13,0.27,0.24,0.14,0.3,0.21,0.31,0.08,0.07
240.0,0.13,0.27,0.24,0.14,0.3,0.21,0.31,0.08,0.07
241.0,0.12,0.26,0.23,0.14,0.29,0.2,0.3,0.07,0.06
242.0,0.12,0.26,0.23,0.14,0.29,0.2,0.3,0.07,0.06
243.0,0.11,0.24,0.21,0.13,0.27,0.18,0.29,0.06,0.06
244.0,0.11,0.24,0.21,0.13,0.27,0.18,0.29,0.06,0.06
245.0,0.11,0.22,0.2,0.12,0.26,0.17,0.27,0.05,0.06
246.0,0.11,0.22,0.2,0.12,0.26,0.17,0.27,0.05,0.06
247.0,0.1,0.21,0.19,0.11,0.24,0.17,0.26,0.04,0.05
248.0,0.1,0.21,0.19,0.11,0.24,0.17,0.26,0.04,0.05
249.0,0.1,0.21,0.18,0.11,0.23,0.17,0.26,0.04,0.04
250.0,0.1,0.21,0.18,0.11,0.23,0.17,0.26,0.04,0.04
251.0,0.1,0.21,0.18,0.11,0.23,0.17,0.26,0.04,0.04
252.0,0.1,0.21,0.18,0.11,0.23,0.17,0.26,0.04,0.04
253.0,0.1,0.21,0.18,0.11,0.23,0.17,0.26,0.04,0.04
254.0,0.1,0.21,0.18,0.11,0.23,0.17,0.26,0.04,0.04
255.0,0.1,0.21,0.18,0.11,0.23,0.17,0.26,0.04,0.04
256.0,0.1,0.21,0.18,0.11,0.23,0.17,0.26,0.04,0.04
257.0,0.1,0.21,0.18,0.11,0.23,0.17,0.26,0.04,0.04
258.0,0.1,0.21,0.18,0.11,0.23,0.17,0.26,0.04,0.04
259.0,0.1,0.21,0.18,0.11,0.23,0.17,0.26,0.04,0.04
260.0,0.1,0.21,0.18,0.11,0.23,0.17,0.26,0.04,0.04
261.0,0.1,0.21,0.18,0.11,0.23,0.17,0.26,0.04,0.04
262.0,0.1,0.21,0.18,0.11,0.23,0.17,0.26,0.04,0.04
263.0,0.1,0.21,0.18,0.11,0.23,0.17,0.26,0.04,0.04
264.0,0.1,0.21,0.18,0.11,0.23,0.17,0.26,0.04,0.04
265.0,0.1,0.21,0.18,0.11,0.23,0.17,0.26,0.04,0.04
266.0,0.1,0.21,0.18,0.11,0.23,0.17,0.26,0.04,0.04
267.0,0.1,0.21,0.18,0.11,0.23,0.17,0.26,0.04,0.04
268.0,0.1,0.21,0.18,0.11,0.23,0.17,0.26,0.04,0.04
269.0,0.1,0.21,0.18,0.11,0.23,0.17,0.26,0.04,0.04
270.0,0.1,0.21,0.18,0.11,0.23,0.17,0.26,0.04,0.04
271.0,0.1,0.21,0.18,0.11,0.23,0.17,0.26,0.04,0.04
272.0,0.1,0.21,0.18,0.11,0.23,0.17,0.26,0.04,0.04
273.0,0.1,0.21,0.18,0.11,0.23,0.17,0.26,0.04,0.04
274.0,0.1,0.21,0.18,0.11,0.23,0.17,0.26,0.04,0.04
275.0,0.1,0.21,0.18,0.11,0.23,0.17,0.26,0.04,0.04
276.0,0.1,0.21,0.18,0.11,0.23,0.17,0.26,0.04,0.04
277.0,0.1,0.21,0.18,0.11,0.23,0.17,0.26,0.04,0.04
278.0,0.1,0.21,0.18,0.11,0.23,0.17,0.26,0.04,0.04
279.0,0.1,0.21,0.18,0.11,0.23,0.17,0.26,0.04,0.04
280.0,0.1,0.21,0.18,0.11,0.23,0.17,0.26,0.04,0.04
281.0,0.1,0.21,0.18,0.11,0.23,0.17,0.26,0.04,0.04
282.0,0.1,0.21,0.18,0.11,0.23,0.17,0.26,0.04,0.04
283.0,0.1,0.21,0.18,0.11,0.23,0.17,0.26,0.04,0.04
284.0,0.1,0.21,0.18,0.11,0.23,0.17,0.26,0.04,0.04
285.0,0.1,0.21,0.18,0.11,0.23,0.17,0.26,0.04,0.04
286.0,0.1,0.21,0.18,0.11,0.23,0.17,0.26,0.04,0.04
287.0,0.1,0.21,0.18,0.11,0.23,0.17,0.26,0.04,0.04
288.0,0.1,0.21,0.18,0.11,0.23,0.17,0.26,0.04,0.04
289.0,0.1,0.21,0.18,0.11,0.23,0.17,0.26,0.04,0.04
290.0,0.1,0.21,0.18,0.11,0.23,0.17,0.26,0.04,0.04
291.0,0.1,0.21,0.18,0.11,0.23,0.17,0.26,0.04,0.04
292.0,0.1,0.21,0.18,0.11,0.23,0.17,0.26,0.04,0.04
293.0,0.1,0.21,0.18,0.11,0.23,0.17,0.26,0.04,0.04
294.0,0.1,0.21,0.18,0.11,0.23,0.17,0.26,0.04,0.04
295.0,0.1,0.21,0.18,0.11,0.23,0.17,0.26,0.04,0.04
296.0,0.1,0.21,0.18,0.11,0.23,0.17,0.26,0.04,0.04
297.0,0.1,0.21,0.18,0.11,0.23,0.17,0.26,0.04,0.04
298.0,0.1,0.21,0.18,0.11,0.23,0.17,0.26,0.04,0.04
299.0,0.1,0.21,0.18,0.11,0.23,0.17,0.26,0.04,0.04
300.0,0.1,0.21,0.18,0.11,0.23,0.17,0.26,0.04,0.04
301.0,0.1,0.21,0.18,0.11,0.23,0.17,0.26,0.04,0.04
302.0,0.1,0.21,0.18,0.11,0.23,0.17,0.26,0.04,0.04
303.0,0.1,0.21,0.18,0.11,0.23,0.17,0.26,0.04,0.04
304.0,0.1,0.21,0.18,0.11,0.23,0.17,0.26,0.04,0.04
305.0,0.1,0.21,0.18,0.11,0.23,0.17,0.26,0.04,0.04
306.0,0.1,0.21,0.18,0.11,0.23,0.17,0.26,0.04,0.04
307.0,0.1,0.21,0.18,0.11,0.23,0.17,0.26,0.04,0.04
308.0,0.1,0.21,0.18,0.11,0.23,0.17,0.26,0.04,0.04
309.0,0.1,0.21,0.18,0.11,0.23,0.17,0.26,0.04,0.04
310.0,0.1,0.21,0.18,0.11,0.23,0.17,0.26,0.04,0.04
311.0,0.1,0.21,0.18,0.11,0.23,0.17,0.26,0.04,0.04
312.0,0.1,0.21,0.18,0.11,0.23,0.17,0.26,0.04,0.04
313.0,0.1,0.21,0.18,0.11,0.23,0.17,0.26,0.04,0.04
314.0,0.1,0.21,0.18,0.11,0.23,0.17,0.26,0.04,0.04
315.0,0.1,0.21,0.18,0.11,0.23,0.17,0.26,0.04,0.04
316.0,0.1,0.21,0.18,0.11,0.23,0.17,0.26,0.04,0.04
317.0,0.1,0.21,0.18,0.11,0.23,0.17,0.26,0.04,0.04
318.0,0.1,0.21,0.18,0.11,0.23,0.17,0.26,0.04,0.04
319.0,0.1,0.21,0.18,0.11,0.23,0.17,0.26,0.04,0.04
320.0,0.1,0.21,0.18,0.11,0.23,0.17,0.26,0.04,0.04
321.0,0.1,0.21,0.18,0.11,0.23,0.17,0.26,0.04,0.04
322.0,0.1,0.21,0.18,0.11,0.23,0.17,0.26,0.04,0.04
323.0,0.1,0.21,0.18,0.11,0.23,0.17,0.26,0.04,0.04
324.0,0.1,0.21,0.18,0.11,0.23,0.17,0.26,0.04,0.04
325.0,0.1,0.21,0.18,0.11,0.23,0.17,0.26,0.04,0.04
326.0,0.1,0.21,0.18,0.11,0.23,0.17,0.26,0.04,0.04
327.0,0.1,0.21,0.18,0.11,0.23,0.17,0.26,0.04,0.04
328.0,0.1,0.21,0.18,0.11,0.23,0.17,0.26,0.04,0.04
329.0,0.1,0.21,0.18,0.11,0.23,0.17,0.26,0.04,0.04
330.0,0.1,0.21,0.18,0.11,0.23,0.17,0.26,0.04,0.04
331.0,0.1,0.21,0.18,0.11,0.23,0.17,0.26,0.04,0.04
332.0,0.1,0.21,0.18,0.11,0.23,0.17,0.26,0.04,0.04
333.0,0.1,0.21,0.18,0.11,0.23,0.17,0.26,0.04,0.04
334.0,0.1,0.21,0.18,0.11,0.23,0.17,0.26,0.04,0.04
335.0,0.1,0.21,0.18,0.11,0.23,0.17,0.26,0.04,0.04
336.0,0.1,0.21,0.18,0.11,0.23,0.17,0.26,0.04,0.04
337.0,0.1,0.21,0.18,0.11,0.23,0.17,0.26,0.04,0.04
338.0,0.1,0.21,0.18,0.11,0.23,0.17,0.26,0.04,0.04
339.0,0.1,0.21,0.18,0.11,0.23,0.17,0.26,0.04,0.04
340.0,0.1,0.21,0.18,0.11,0.23,0.17,0.26,0.04,0.04
341.0,0.1,0.21,0.18,0.11,0.23,0.17,0.26,0.04,0.04
342.0,0.1,0.21,0.18,0.11,0.23,0.17,0.26,0.04,0.04
343.0,0.1,0.21,0.18,0.11,0.23,0.17,0.26,0.04,0.04
344.0,0.1,0.21,0.18,0.11,0.23,0.17,0.26,0.04,0.04
345.0,0.1,0.21,0.18,0.11,0.23,0.17,0.26,0.04,0.04
346.0,0.1,0.21,0.18,0.11,0.23,0.17,0.26,0.04,0.04
347.0,0.1,0.21,0.18,0.11,0.23,0.17,0.26,0.04,0.04
348.0,0.1,0.21,0.18,0.11,0.23,0.17,0.26,0.04,0.04
349.0,0.1,0.21,0.18,0.11,0.23,0.17,0.26,0.04,0.04
350.0,0.1,0.21,0.18,0.11,0.23,0.17,0.26,0.04,0.04
351.0,0.1,0.21,0.18,0.11,0.23,0.17,0.26,0.04,0.04
352.0,0.1,0.21,0.18,0.11,0.23,0.17,0.26,0.04,0.04
353.0,0.1,0.21,0.18,0.11,0.23,0.17,0.26,0.04,0.04
354.0,0.1,0.21,0.18,0.11,0.23,0.17,0.26,0.04,0.04
355.0,0.1,0.21,0.18,0.11,0.23,0.17,0.26,0.04,0.04
356.0,0.1,0.21,0.18,0.11,0.23,0.17,0.26,0.04,0.04
357.0,0.1,0.21,0.18,0.11,0.23,0.17,0.26,0.04,0.04
358.0,0.1,0.21,0.18,0.11,0.23,0.17,0.26,0.04,0.04
359.0,0.1,0.21,0.18,0.11,0.23,0.17,0.26,0.04,0.04
360.0,0.1,0.21,0.18,0.11,0.23,0.17,0.26,0.04,0.04
361.0,0.1,0.21,0.18,0.11,0.23,0.17,0.26,0.04,0.04
362.0,0.1,0.21,0.18,0.11,0.23,0.17,0.26,0.04,0.04
363.0,0.1,0.21,0.18,0.11,0.23,0.17,0.26,0.04,0.04
364.0,0.1,0.21,0.18,0.11,0.23,0.17,0.26,0.04,0.04
365.0,0.1,0.21,0.18,0.11,0.23,0.17,0.26,0.04,0.04
366.0,0.1,0.21,0.18,0.11,0.23,0.17,0.26,0.04,0.04
367.0,0.1,0.21,0.18,0.11,0.23,0.17,0.26,0.04,0.04
368.0,0.1,0.21,0.18,0.11,0.23,0.17,0.26,0.04,0.04
369.0,0.1,0.21,0.18,0.11,0.23,0.17,0.26,0.04,0.04
370.0,0.1,0.21,0.18,0.11,0.23,0.17,0.26,0.04,0.04
371.0,0.1,0.21,0.18,0.11,0.23,0.17,0.26,0.04,0.04
372.0,0.1,0.21,0.18,0.11,0.23,0.17,0.26,0.04,0.04
373.0,0.1,0.21,0.18,0.11,0.23,0.17,0.26,0.04,0.04
374.0,0.1,0.21,0.18,0.11,0.23,0.17,0.26,0.04,0.04
375.0,0.1,0.21,0.18,0.11,0.23,0.17,0.26,0.04,0.04
376.0,0.1,0.21,0.18,0.11,0.23,0.17,0.26,0.04,0.04
377.0,0.1,0.21,0.18,0.11,0.23,0.17,0.26,0.04,0.04
378.0,0.1,0.21,0.18,0.11,0.23,0.17,0.26,0.04,0.04
379.0,0.1,0.21,0.18,0.11,0.23,0.17,0.26,0.04,0.04
380.0,0.1,0.21,0.18,0.11,0.23,0.17,0.26,0.04,0.04
381.0,0.1,0.21,0.18,0.11,0.23,0.17,0.26,0.04,0.04
382.0,0.1,0.21,0.18,0.11,0.23,0.17,0.26,0.04,0.04
383.0,0.1,0.21,0.18,0.11,0.23,0.17,0.26,0.04,0.04
384.0,0.1,0.21,0.18,0.11,0.23,0.17,0.26,0.04,0.04
385.0,0.1,0.21,0.18,0.11,0.23,0.17,0.26,0.04,0.04
386.0,0.1,0.21,0.18,0.11,0.23,0.17,0.26,0.04,0.04
387.0,0.1,0.21,0.18,0.11,0.23,0.17,0.26,0.04,0.04
388.0,0.1,0.21,0.18,0.11,0.23,0.17,0.26,0.04,0.04
389.0,0.1,0.21,0.18,0.11,0.23,0.17,0.26,0.04,0.04
390.0,0.1,0.21,0.18,0.11,0.23,0.17,0.26,0.04,0.04
391.0,0.1,0.21,0.18,0.11,0.23,0.17,0.26,0.04,0.04
392.0,0.1,0.21,0.18,0.11,0.23,0.17,0.26,0.04,0.04
393.0,0.1,0.21,0.18,0.11,0.23,0.17,0.26,0.04,0.04
394.0,0.1,0.21,0.18,0.11,0.23,0.17,0.26,0.04,0.04
395.0,0.1,0.21,0.18,0.11,0.23,0.17,0.26,0.04,0.04
396.0,0.1,0.21,0.18,0.11,0.23,0.17,0.26,0.04,0.04
397.0,0.1,0.21,0.18,0.11,0.23,0.17,0.26,0.04,0.04
398.0,0.1,0.21,0.18,0.11,0.23,0.17,0.26,0.04,0.04
399.0,0.1,0.21,0.18,0.11,0.23,0.17,0.26,0.04,0.04
400.0,0.1,0.21,0.18,0.11,0.23,0.17,0.26,0.04,0.04
401.0,0.1,0.21,0.18,0.11,0.23,0.17,0.26,0.04,0.04
402.0,0.1,0.21,0.18,0.11,0.23,0.17,0.26,0.04,0.04
403.0,0.1,0.21,0.18,0.11,0.23,0.17,0.26,0.04,0.04
404.0,0.1,0.21,0.18,0.11,0.23,0.17,0.26,0.04,0.04
405.0,0.1,0.21,0.18,0.11,0.23,0.17,0.26,0.04,0.04
406.0,0.1,0.21,0.18,0.11,0.23,0.17,0.26,0.04,0.04
407.0,0.1,0.21,0.18,0.11,0.23,0.17,0.26,0.04,0.04
408.0,0.1,0.21,0.18,0.11,0.23,0.17,0.26,0.04,0.04
409.0,0.1,0.21,0.18,0.11,0.23,0.17,0.26,0.04,0.04
410.0,0.1,0.21,0.18,0.11,0.23,0.17,0.26,0.04,0.04
411.0,0.1,0.21,0.18,0.11,0.23,0.17,0.26,0.04,0.04
412.0,0.1,0.21,0.18,0.11,0.23,0.17,0.26,0.04,0.04
413.0,0.1,0.21,0.18,0.11,0.23,0.17,0.26,0.04,0.04
414.0,0.1,0.21,0.18,0.11,0.23,0.17,0.26,0.04,0.04
415.0,0.1,0.21,0.18,0.11,0.23,0.17,0.26,0.04,0.04
416.0,0.1,0.21,0.18,0.11,0.23,0.17,0.26,0.04,0.04
417.0,0.1,0.21,0.18,0.11,0.23,0.17,0.26,0.04,0.04
418.0,0.1,0.21,0.18,0.11,0.23,0.17,0.26,0.04,0.04
419.0,0.1,0.21,0.18,0.11,0.23,0.17,0.26,0.04,0.04
420.0,0.1,0.21,0.18,0.11,0.23,0.17,0.26,0.04,0.04
421.0,0.1,0.21,0.18,0.11,0.23,0.17,0.26,0.04,0.04
422.0,0.1,0.21,0.18,0.11,0.23,0.17,0.26,0.04,0.04
423.0,0.1,0.21,0.18,0.11,0.23,0.17,0.26,0.04,0.04
424.0,0.1,0.21,0.18,0.11,0.23,0.17,0.26,0.04,0.04
425.0,0.1,0.21,0.18,0.11,0.23,0.17,0.26,0.04,0.04
426.0,0.1,0.21,0.18,0.11,0.23,0.17,0.26,0.04,0.04
427.0,0.1,0.21,0.18,0.11,0.23,0.17,0.26,0.04,0.04
428.0,0.1,0.21,0.18,0.11,0.23,0.17,0.26,0.04,0.04
429.0,0.1,0.21,0.18,0.11,0.23,0.17,0.26,0.04,0.04
430.0,0.1,0.21,0.18,0.11,0.23,0.17,0.26,0.04,0.04
431.0,0.1,0.21,0.18,0.11,0.23,0.17,0.26,0.04,0.04
432.0,0.1,0.21,0.18,0.11,0.23,0.17,0.26,0.04,0.04
433.0,0.1,0.21,0.18,0.11,0.23,0.17,0.26,0.04,0.04
434.0,0.1,0.21,0.18,0.11,0.23,0.17,0.26,0.04,0.04
435.0,0.1,0.21,0.18,0.11,0.23,0.17,0.26,0.04,0.04
436.0,0.1,0.21,0.18,0.11,0.23,0.17,0.26,0.04,0.04
437.0,0.1,0.21,0.18,0.11,0.23,0.17,0.26,0.04,0.04
438.0,0.1,0.21,0.18,0.11,0.23,0.17,0.26,0.04,0.04
439.0,0.1,0.21,0.18,0.11,0.23,0.17,0.26,0.04,0.04
440.0,0.1,0.21,0.18,0.11,0.23,0.17,0.26,0.04,0.04
441.0,0.1,0.21,0.18,0.11,0.23,0.17,0.26,0.04,0.04
442.0,0.1,0.21,0.18,0.11,0.23,0.17,0.26,0.04,0.04
443.0,0.1,0.21,0.18,0.11,0.23,0.17,0.26,0.04,0.04
444.0,0.1,0.21,0.18,0.11,0.23,0.17,0.26,0.04,0.04
445.0,0.1,0.21,0.18,0.11,0.23,0.17,0.26,0.04,0.04
446.0,0.1,0.21,0.18,0.11,0.23,0.17,0.26,0.04,0.04
447.0,0.1,0.21,0.18,0.11,0.23,0.17,0.26,0.04,0.04
448.0,0.1,0.21,0.18,0.11,0.23,0.17,0.26,0.04,0.04
449.0,0.1,0.21,0.18,0.11,0.23,0.17,0.26,0.04,0.04
450.0,0.1,0.21,0.18,0.11,0.23,0.17,0.26,0.04,0.04
451.0,0.1,0.21,0.18,0.11,0.23,0.17,0.26,0.04,0.04
452.0,0.1,0.21,0.18,0.11,0.23,0.17,0.26,0.04,0.04
453.0,0.1,0.21,0.18,0.11,0.23,0.17,0.26,0.04,0.04
454.0,0.1,0.21,0.18,0.11,0.23,0.17,0.26,0.04,0.04
455.0,0.1,0.21,0.18,0.11,0.23,0.17,0.26,0.04,0.04
456.0,0.1,0.21,0.18,0.11,0.23,0.17,0.26,0.04,0.04
457.0,0.1,0.21,0.18,0.11,0.23,0.17,0.26,0.04,0.04
458.0,0.1,0.21,0.18,0.11,0.23,0.17,0.26,0.04,0.04
459.0,0.1,0.21,0.18,0.11,0.23,0.17,0.26,0.04,0.04
460.0,0.1,0.21,0.18,0.11,0.23,0.17,0.26,0.04,0.04
461.0,0.1,0.21,0.18,0.11,0.23,0.17,0.26,0.04,0.04
462.0,0.1,0.21,0.18,0.11,0.23,0.17,0.26,0.04,0.04
463.0,0.1,0.21,0.18,0.11,0.23,0.17,0.26,0.04,0.04
464.0,0.1,0.21,0.18,0.11,0.23,0.17,0.26,0.04,0.04
465.0,0.1,0.21,0.18,0.11,0.23,0.17,0.26,0.04,0.04
466.0,0.1,0.21,0.18,0.11,0.23,0.17,0.26,0.04,0.04
467.0,0.1,0.21,0.18,0.11,0.23,0.17,0.26,0.04,0.04
468.0,0.1,0.21,0.18,0.11,0.23,0.17,0.26,0.04,0.04
469.0,0.1,0.21,0.18,0.11,0.23,0.17,0.26,0.04,0.04
470.0,0.1,0.21,0.18,0.11,0.23,0.17,0.26,0.04,0.04
471.0,0.1,0.21,0.18,0.11,0.23,0.17,0.26,0.04,0.04
472.0,0.1,0.21,0.18,0.11,0.23,0.17,0.26,0.04,0.04
473.0,0.1,0.21,0.18,0.11,0.23,0.17,0.26,0.04,0.04
474.0,0.1,0.21,0.18,0.11,0.23,0.17,0.26,0.04,0.04
475.0,0.1,0.21,0.18,0.11,0.23,0.17,0.26,0.04,0.04
476.0,0.1,0.21,0.18,0.11,0.23,0.17,0.26,0.04,0.04
477.0,0.1,0.21,0.18,0.11,0.23,0.17,0.26,0.04,0.04
478.0,0.1,0.21,0.18,0.11,0.23,0.17,0.26,0.04,0.04
479.0,0.1,0.21,0.18,0.11,0.23,0.17,0.26,0.04,0.04
480.0,0.1,0.21,0.18,0.11,0.23,0.17,0.26,0.04,0.04
481.0,0.1,0.21,0.18,0.11,0.23,0.17,0.26,0.04,0.04
482.0,0.1,0.21,0.18,0.11,0.23,0.17,0.26,0.04,0.04
483.0,0.1,0.21,0.18,0.11,0.23,0.17,0.26,0.04,0.04
484.0,0.1,0.21,0.18,0.11,0.23,0.17,0.26,0.04,0.04
485.0,0.1,0.21,0.18,0.11,0.23,0.17,0.26,0.04,0.04
486.0,0.1,0.21,0.18,0.11,0.23,0.17,0.26,0.04,0.04
487.0,0.1,0.21,0.18,0.11,0.23,0.17,0.26,0.04,0.04
488.0,0.1,0.21,0.18,0.11,0.23,0.17,0.26,0.04,0.04
489.0,0.1,0.21,0.18,0.11,0.23,0.17,0.26,0.04,0.04
490.0,0.1,0.21,0.18,0.11,0.23,0.17,0.26,0.04,0.04
491.0,0.1,0.21,0.18,0.11,0.23,0.17,0.26,0.04,0.04
492.0,0.1,0.21,0.18,0.11,0.23,0.17,0.26,0.04,0.04
493.0,0.1,0.21,0.18,0.11,0.23,0.17,0.26,0.04,0.04
494.0,0.1,0.21,0.18,0.11,0.23,0.17,0.26,0.04,0.04
495.0,0.1,0.21,0.18,0.11,0.23,0.17,0.26,0.04,0.04
496.0,0.1,0.21,0.18,0.11,0.23,0.17,0.26,0.04,0.04
497.0,0.1,0.21,0.18,0.11,0.23,0.17,0.26,0.04,0.04
498.0,0.1,0.21,0.18,0.11,0.23,0.17,0.26,0.04,0.04
499.0,0.1,0.21,0.18,0.11,0.23,0.17,0.26,0.04,0.04
500.0,0.1,0.21,0.18,0.11,0.23,0.17,0.26,0.04,0.04
501.0,0.1,0.21,0.18,0.11,0.23,0.17,0.26,0.04,0.04
502.0,0.1,0.21,0.18,0.11,0.23,0.17,0.26,0.04,0.04
503.0,0.1,0.21,0.18,0.11,0.23,0.17,0.26,0.04,0.04
504.0,0.1,0.21,0.18,0.11,0.23,0.17,0.26,0.04,0.04
505.0,0.1,0.21,0.18,0.11,0.23,0.17,0.26,0.04,0.04
506.0,0.1,0.21,0.18,0.11,0.23,0.17,0.26,0.04,0.04
507.0,0.1,0.21,0.18,0.11,0.23,0.17,0.26,0.04,0.04
508.0,0.1,0.21,0.18,0.11,0.23,0.17,0.26,0.04,0.04
509.0,0.1,0.21,0.18,0.11,0.23,0.17,0.26,0.04,0.04
510.0,0.1,0.21,0.18,0.11,0.23,0.17,0.26,0.04,0.04
511.0,0.1,0.21,0.18,0.11,0.23,0.17,0.26,0.04,0.04
