0,0.02,0.01,0.45,0.06,0.0,0.32,0.41,0.01,0.01
1,0.02,0.0,0.4,0.06,0.0,0.32,0.41,0.05,0.0
2,0.01,0.0,0.36,0.05,0.0,0.3,0.41,0.03,0.01
3,0.01,0.01,0.4,0.04,0.0,0.3,0.41,0.03,0.0
4,0.01,0.01,0.4,0.03,0.0,0.3,0.41,0.03,0.01
5,0.01,0.02,0.45,0.03,0.0,0.3,0.46,0.01,0.01
6,0.0,0.02,0.4,0.03,0.0,0.32,0.41,0.03,0.01
7,0.0,0.02,0.36,0.03,0.0,0.27,0.5,0.01,0.0
8,0.01,0.04,0.36,0.03,0.0,0.3,0.46,0.01,0.01
9,0.01,0.03,0.36,0.03,0.01,0.3,0.37,0.03,0.01
10,0.01,0.03,0.36,0.02,0.01,0.27,0.24,0.01,0.02
11,0.01,0.04,0.36,0.0,0.01,0.3,0.37,0.0,0.0
12,0.01,0.04,0.33,0.01,0.01,0.27,0.46,0.0,0.0
13,0.02,0.04,0.28,0.03,0.01,0.27,0.41,0.03,0.04
14,0.03,0.04,0.36,0.02,0.02,0.27,0.37,0.0,0.0
15,0.02,0.05,0.28,0.02,0.02,0.27,0.41,0.03,0.01
16,0.03,0.05,0.36,0.01,0.02,0.3,0.32,0.01,0.02
17,0.05,0.05,0.24,0.02,0.02,0.3,0.37,0.03,0.02
18,0.05,0.06,0.28,0.02,0.03,0.27,0.37,0.0,0.01
19,0.05,0.07,0.28,0.03,0.04,0.3,0.37,0.01,0.02
20,0.06,0.07,0.19,0.02,0.04,0.32,0.46,0.01,0.05
21,0.06,0.07,0.28,0.02,0.04,0.3,0.37,0.01,0.0
22,0.07,0.07,0.19,0.04,0.05,0.37,0.32,0.03,0.04
23,0.09,0.08,0.19,0.03,0.05,0.32,0.32,0.01,0.06
24,0.08,0.08,0.24,0.03,0.05,0.32,0.32,0.03,0.05
25,0.1,0.09,0.19,0.05,0.06,0.3,0.32,0.04,0.06
26,0.08,0.09,0.19,0.05,0.07,0.32,0.32,0.06,0.05
27,0.09,0.09,0.16,0.04,0.06,0.32,0.37,0.04,0.06
28,0.1,0.1,0.33,0.05,0.07,0.35,0.41,0.04,0.06
29,0.1,0.11,0.19,0.05,0.07,0.32,0.28,0.06,0.06
30,0.12,0.11,0.33,0.06,0.08,0.37,0.32,0.05,0.08
31,0.12,0.12,0.16,0.06,0.08,0.37,0.37,0.08,0.08
32,0.13,0.12,0.24,0.07,0.09,0.32,0.32,0.08,0.08
33,0.13,0.13,0.16,0.11,0.09,0.37,0.24,0.1,0.09
34,0.14,0.13,0.16,0.09,0.1,0.35,0.28,0.09,0.1
35,0.14,0.14,0.24,0.09,0.09,0.41,0.37,0.1,0.09
36,0.15,0.14,0.12,0.09,0.11,0.37,0.32,0.12,0.09
37,0.15,0.15,0.16,0.09,0.11,0.35,0.24,0.1,0.12
38,0.16,0.15,0.16,0.1,0.12,0.37,0.32,0.12,0.1
39,0.16,0.16,0.19,0.11,0.12,0.37,0.32,0.12,0.13
40,0.17,0.16,0.12,0.11,0.13,0.37,0.28,0.13,0.13
41,0.18,0.17,0.12,0.11,0.13,0.3,0.32,0.13,0.16
42,0.18,0.17,0.07,0.11,0.14,0.37,0.24,0.16,0.14
43,0.18,0.19,0.16,0.12,0.15,0.39,0.32,0.15,0.17
44,0.19,0.19,0.12,0.13,0.15,0.44,0.28,0.16,0.16
45,0.19,0.19,0.16,0.12,0.15,0.41,0.32,0.17,0.14
46,0.2,0.2,0.07,0.13,0.16,0.39,0.28,0.17,0.17
47,0.21,0.21,0.07,0.15,0.17,0.39,0.28,0.17,0.18
48,0.21,0.21,0.07,0.14,0.17,0.41,0.28,0.16,0.18
49,0.21,0.22,0.12,0.15,0.18,0.41,0.28,0.2,0.2
50,0.23,0.22,0.07,0.15,0.19,0.41,0.24,0.17,0.2
51,0.23,0.23,0.12,0.15,0.19,0.41,0.32,0.2,0.2
52,0.23,0.23,0.04,0.16,0.19,0.44,0.24,0.16,0.21
53,0.23,0.24,0.16,0.17,0.19,0.46,0.28,0.21,0.23
54,0.25,0.25,0.04,0.18,0.21,0.44,0.32,0.23,0.22
55,0.26,0.25,0.07,0.18,0.22,0.41,0.15,0.22,0.25
56,0.26,0.26,0.07,0.19,0.23,0.44,0.28,0.22,0.23
57,0.27,0.27,0.07,0.18,0.23,0.44,0.28,0.23,0.23
58,0.27,0.27,0.12,0.2,0.23,0.46,0.24,0.24,0.26
59,0.28,0.28,0.12,0.2,0.24,0.44,0.28,0.24,0.26
60,0.28,0.28,0.12,0.2,0.24,0.46,0.37,0.24,0.26
61,0.28,0.29,0.12,0.21,0.25,0.46,0.28,0.27,0.27
62,0.28,0.3,0.12,0.21,0.26,0.48,0.24,0.28,0.27
63,0.3,0.3,0.16,0.21,0.26,0.46,0.19,0.27,0.27
64,0.31,0.31,0.07,0.22,0.27,0.48,0.24,0.28,0.31
65,0.31,0.32,0.07,0.23,0.28,0.48,0.28,0.29,0.3
66,0.3,0.32,0.07,0.23,0.28,0.5,0.28,0.29,0.3
67,0.31,0.33,0.19,0.23,0.29,0.46,0.28,0.32,0.3
68,0.32,0.34,0.07,0.25,0.3,0.48,0.28,0.32,0.34
69,0.33,0.35,0.04,0.25,0.31,0.5,0.28,0.38,0.32
70,0.32,0.35,0.07,0.25,0.31,0.48,0.32,0.37,0.32
71,0.33,0.36,0.07,0.25,0.32,0.48,0.24,0.38,0.34
72,0.34,0.37,0.07,0.25,0.33,0.48,0.37,0.39,0.38
73,0.34,0.37,0.07,0.28,0.34,0.48,0.19,0.39,0.34
74,0.36,0.38,0.07,0.27,0.34,0.5,0.24,0.4,0.36
75,0.34,0.38,0.07,0.27,0.34,0.53,0.24,0.42,0.39
76,0.36,0.39,0.07,0.28,0.36,0.5,0.24,0.42,0.38
77,0.36,0.4,0.07,0.29,0.36,0.5,0.15,0.42,0.4
78,0.37,0.4,0.07,0.3,0.37,0.5,0.32,0.42,0.4
79,0.37,0.41,0.12,0.31,0.38,0.5,0.24,0.42,0.4
80,0.38,0.42,0.07,0.3,0.38,0.5,0.32,0.42,0.4
81,0.39,0.43,0.12,0.31,0.39,0.5,0.28,0.44,0.43
82,0.38,0.43,0.12,0.31,0.39,0.5,0.28,0.45,0.42
83,0.4,0.44,0.07,0.32,0.4,0.55,0.24,0.45,0.42
84,0.4,0.44,0.16,0.31,0.41,0.53,0.24,0.46,0.47
85,0.4,0.45,0.12,0.32,0.41,0.53,0.32,0.45,0.43
86,0.41,0.46,0.12,0.33,0.42,0.55,0.28,0.46,0.43
87,0.42,0.47,0.12,0.32,0.42,0.55,0.32,0.5,0.46
88,0.42,0.47,0.12,0.34,0.44,0.55,0.28,0.5,0.48
89,0.42,0.48,0.12,0.35,0.44,0.58,0.32,0.46,0.46
90,0.44,0.49,0.07,0.35,0.45,0.58,0.24,0.5,0.48
91,0.42,0.49,0.12,0.35,0.45,0.53,0.32,0.52,0.48
92,0.43,0.5,0.12,0.35,0.47,0.58,0.24,0.51,0.48
93,0.44,0.5,0.16,0.36,0.48,0.59,0.28,0.52,0.49
94,0.44,0.51,0.12,0.37,0.48,0.58,0.41,0.53,0.49
95,0.46,0.52,0.19,0.37,0.5,0.59,0.32,0.53,0.51
96,0.46,0.53,0.12,0.37,0.5,0.59,0.32,0.56,0.52
97,0.46,0.54,0.12,0.38,0.51,0.58,0.28,0.56,0.51
98,0.47,0.55,0.16,0.39,0.51,0.5,0.37,0.54,0.53
99,0.47,0.55,0.16,0.39,0.52,0.59,0.46,0.56,0.53
100,0.48,0.56,0.28,0.39,0.54,0.61,0.32,0.57,0.54
101,0.49,0.57,0.19,0.4,0.54,0.59,0.32,0.58,0.54
102,0.49,0.58,0.24,0.42,0.55,0.61,0.32,0.58,0.56
103,0.49,0.58,0.24,0.41,0.56,0.59,0.37,0.58,0.57
104,0.49,0.59,0.16,0.42,0.57,0.61,0.37,0.58,0.57
105,0.51,0.59,0.19,0.43,0.57,0.61,0.46,0.6,0.59
106,0.5,0.6,0.24,0.43,0.58,0.61,0.41,0.6,0.58
107,0.52,0.6,0.12,0.44,0.58,0.59,0.41,0.6,0.59
108,0.52,0.61,0.19,0.43,0.58,0.61,0.37,0.62,0.58
109,0.53,0.61,0.24,0.44,0.59,0.61,0.41,0.62,0.59
110,0.53,0.62,0.24,0.44,0.6,0.61,0.37,0.62,0.62
111,0.54,0.63,0.19,0.45,0.61,0.64,0.41,0.63,0.61
112,0.54,0.63,0.36,0.45,0.61,0.61,0.32,0.63,0.61
113,0.54,0.64,0.24,0.46,0.62,0.66,0.37,0.64,0.63
114,0.54,0.65,0.33,0.48,0.62,0.66,0.41,0.64,0.62
115,0.55,0.65,0.28,0.48,0.63,0.66,0.41,0.65,0.65
116,0.55,0.67,0.33,0.48,0.63,0.66,0.37,0.65,0.67
117,0.57,0.67,0.33,0.49,0.64,0.64,0.41,0.7,0.65
118,0.56,0.67,0.28,0.49,0.65,0.64,0.37,0.67,0.67
119,0.57,0.68,0.28,0.49,0.66,0.66,0.41,0.66,0.67
120,0.57,0.68,0.28,0.49,0.66,0.66,0.41,0.67,0.66
121,0.57,0.69,0.28,0.49,0.66,0.66,0.46,0.7,0.66
122,0.57,0.69,0.28,0.5,0.67,0.66,0.41,0.7,0.66
123,0.59,0.7,0.33,0.52,0.69,0.66,0.46,0.71,0.7
124,0.59,0.71,0.28,0.51,0.69,0.66,0.41,0.71,0.68
125,0.59,0.71,0.33,0.51,0.69,0.66,0.46,0.71,0.68
126,0.6,0.72,0.36,0.52,0.7,0.69,0.41,0.72,0.71
127,0.6,0.73,0.36,0.54,0.7,0.71,0.46,0.72,0.72
128,0.6,0.73,0.33,0.54,0.71,0.64,0.54,0.72,0.72
129,0.61,0.74,0.36,0.54,0.73,0.71,0.46,0.74,0.72
130,0.62,0.74,0.33,0.52,0.73,0.69,0.5,0.72,0.71
131,0.63,0.75,0.36,0.56,0.73,0.71,0.41,0.74,0.74
132,0.61,0.75,0.36,0.55,0.73,0.69,0.5,0.73,0.74
133,0.63,0.76,0.4,0.55,0.74,0.71,0.54,0.76,0.74
134,0.63,0.77,0.36,0.56,0.75,0.73,0.5,0.76,0.74
135,0.65,0.77,0.45,0.55,0.76,0.71,0.46,0.76,0.75
136,0.65,0.78,0.36,0.57,0.76,0.75,0.5,0.77,0.76
137,0.65,0.79,0.36,0.59,0.77,0.78,0.65,0.78,0.79
138,0.65,0.79,0.4,0.59,0.77,0.73,0.54,0.79,0.79
139,0.66,0.8,0.45,0.59,0.79,0.73,0.59,0.77,0.77
140,0.67,0.8,0.45,0.59,0.78,0.73,0.59,0.8,0.81
141,0.67,0.81,0.45,0.61,0.8,0.75,0.54,0.82,0.79
142,0.68,0.82,0.45,0.6,0.8,0.78,0.59,0.8,0.79
143,0.69,0.83,0.45,0.61,0.81,0.75,0.59,0.83,0.83
144,0.68,0.83,0.45,0.62,0.81,0.75,0.59,0.84,0.81
145,0.69,0.84,0.4,0.63,0.82,0.78,0.65,0.83,0.83
146,0.69,0.84,0.52,0.62,0.83,0.78,0.59,0.83,0.84
147,0.69,0.86,0.52,0.64,0.84,0.78,0.59,0.85,0.84
148,0.69,0.87,0.45,0.64,0.85,0.78,0.65,0.88,0.86
149,0.72,0.87,0.57,0.65,0.86,0.78,0.59,0.86,0.84
150,0.72,0.87,0.64,0.66,0.86,0.78,0.65,0.86,0.86
151,0.72,0.89,0.57,0.66,0.87,0.8,0.65,0.87,0.86
152,0.73,0.89,0.52,0.66,0.88,0.8,0.65,0.87,0.88
153,0.73,0.89,0.52,0.66,0.88,0.84,0.65,0.88,0.88
154,0.74,0.9,0.57,0.68,0.89,0.84,0.59,0.89,0.9
155,0.74,0.91,0.57,0.69,0.9,0.82,0.74,0.89,0.89
156,0.75,0.92,0.57,0.69,0.91,0.82,0.69,0.89,0.91
157,0.74,0.92,0.69,0.7,0.92,0.82,0.82,0.91,0.89
158,0.76,0.93,0.69,0.7,0.92,0.84,0.69,0.92,0.93
159,0.77,0.93,0.57,0.7,0.93,0.89,0.78,0.93,0.91
160,0.77,0.94,0.69,0.7,0.94,0.84,0.74,0.92,0.93
161,0.77,0.95,0.64,0.72,0.95,0.82,0.74,0.93,0.93
162,0.77,0.96,0.69,0.71,0.95,0.84,0.78,0.93,0.94
163,0.79,0.96,0.69,0.73,0.96,0.86,0.82,0.95,0.94
164,0.79,0.97,0.69,0.73,0.96,0.86,0.82,0.97,0.95
165,0.81,0.98,0.69,0.75,0.97,0.84,0.78,0.95,0.95
166,0.8,0.98,0.64,0.74,0.98,0.89,0.82,0.97,0.96
167,0.81,0.98,0.69,0.75,0.98,0.89,0.78,0.98,0.98
168,0.81,1.0,0.69,0.76,0.99,0.91,0.78,0.98,0.98
169,0.81,1.0,0.72,0.76,1.0,0.89,0.74,0.97,0.99
170,0.85,1.0,0.76,0.78,1.0,0.91,0.91,0.99,1.0
171,0.89,0.97,0.84,0.82,1.0,0.91,0.87,1.0,0.99
172,0.98,0.92,0.84,0.9,0.98,0.95,0.87,0.98,0.98
173,1.0,0.85,1.0,0.96,0.94,0.95,0.96,0.93,0.93
174,1.0,0.8,0.96,0.99,0.9,1.0,1.0,0.86,0.86
175,0.98,0.77,1.0,1.0,0.87,0.97,0.91,0.79,0.8
176,0.96,0.76,1.0,1.0,0.86,0.95,0.91,0.8,0.79
177,0.96,0.74,1.0,1.0,0.84,0.97,0.91,0.79,0.76
178,0.93,0.71,1.0,0.98,0.81,0.91,0.96,0.71,0.68
179,0.89,0.69,1.0,0.95,0.78,0.89,0.87,0.67,0.66
180,0.86,0.67,1.0,0.93,0.76,0.86,0.96,0.64,0.62
181,0.83,0.66,1.0,0.89,0.74,0.86,1.0,0.59,0.58
182,0.81,0.65,1.0,0.87,0.73,0.86,0.87,0.58,0.57
183,0.78,0.63,1.0,0.85,0.71,0.82,0.87,0.57,0.53
184,0.74,0.61,1.0,0.81,0.69,0.82,0.87,0.52,0.49
185,0.72,0.6,0.96,0.79,0.68,0.75,0.87,0.52,0.48
186,0.68,0.59,0.96,0.76,0.66,0.73,0.91,0.5,0.46
187,0.7,0.58,0.96,0.75,0.66,0.73,0.91,0.48,0.47
188,0.64,0.57,0.93,0.7,0.64,0.69,0.87,0.46,0.43
189,0.63,0.56,0.96,0.69,0.63,0.71,0.87,0.45,0.46
190,0.61,0.55,1.0,0.67,0.62,0.69,0.91,0.44,0.42
191,0.57,0.53,1.0,0.64,0.6,0.66,0.82,0.41,0.42
192,0.57,0.52,1.0,0.62,0.59,0.59,0.82,0.44,0.38
193,0.56,0.52,1.0,0.6,0.58,0.61,0.82,0.39,0.38
194,0.54,0.5,0.88,0.59,0.57,0.64,0.87,0.39,0.35
195,0.53,0.5,0.93,0.58,0.57,0.64,0.82,0.39,0.36
196,0.51,0.49,0.93,0.56,0.54,0.59,0.78,0.38,0.34
197,0.51,0.48,0.96,0.54,0.53,0.59,0.91,0.35,0.32
198,0.49,0.47,0.93,0.55,0.52,0.58,0.82,0.37,0.32
199,0.48,0.46,0.88,0.51,0.51,0.55,0.82,0.34,0.31
200,0.46,0.45,0.88,0.49,0.5,0.55,0.78,0.34,0.31
201,0.45,0.44,0.84,0.5,0.49,0.55,0.78,0.34,0.34
202,0.42,0.44,0.84,0.47,0.48,0.58,0.78,0.32,0.29
203,0.42,0.42,0.84,0.47,0.47,0.5,0.74,0.33,0.27
204,0.42,0.42,0.69,0.45,0.46,0.5,0.69,0.3,0.25
205,0.41,0.41,0.84,0.44,0.46,0.5,0.74,0.29,0.27
206,0.4,0.4,0.84,0.43,0.45,0.5,0.69,0.3,0.39
207,0.39,0.39,0.88,0.42,0.44,0.5,0.78,0.29,0.22
208,0.38,0.39,0.81,0.42,0.42,0.48,0.82,0.3,0.25
209,0.37,0.38,0.76,0.41,0.42,0.48,0.78,0.28,0.26
210,0.36,0.37,0.72,0.39,0.41,0.46,0.74,0.3,0.25
211,0.36,0.36,0.76,0.38,0.4,0.46,0.69,0.27,0.23
212,0.34,0.35,0.76,0.4,0.39,0.46,0.74,0.24,0.27
213,0.34,0.35,0.76,0.37,0.39,0.46,0.69,0.27,0.22
214,0.32,0.34,0.69,0.36,0.38,0.46,0.69,0.24,0.22
215,0.32,0.33,0.72,0.35,0.37,0.44,0.69,0.26,0.22
216,0.31,0.32,0.84,0.34,0.36,0.48,0.69,0.26,0.21
217,0.3,0.32,0.76,0.35,0.36,0.44,0.69,0.26,0.22
218,0.3,0.31,0.69,0.34,0.35,0.39,0.69,0.24,0.21
219,0.3,0.31,0.69,0.34,0.35,0.39,0.59,0.23,0.18
220,0.29,0.3,0.76,0.33,0.34,0.35,0.69,0.22,0.2
221,0.3,0.3,0.72,0.33,0.33,0.39,0.65,0.24,0.21
222,0.29,0.3,0.69,0.33,0.33,0.37,0.59,0.23,0.18
223,0.28,0.29,0.69,0.31,0.32,0.37,0.65,0.22,0.2
224,0.28,0.28,0.69,0.31,0.31,0.37,0.59,0.22,0.21
225,0.28,0.27,0.64,0.31,0.31,0.37,0.65,0.24,0.2
226,0.28,0.27,0.64,0.29,0.31,0.37,0.69,0.22,0.17
227,0.27,0.27,0.72,0.3,0.3,0.35,0.74,0.18,0.18
228,0.27,0.26,0.64,0.29,0.29,0.35,0.59,0.17,0.18
229,0.26,0.26,0.64,0.29,0.29,0.37,0.59,0.16,0.18
230,0.26,0.26,0.64,0.3,0.29,0.44,0.69,0.16,0.17
231,0.26,0.24,0.6,0.28,0.28,0.37,0.59,0.16,0.16
232,0.26,0.24,0.64,0.27,0.27,0.32,0.59,0.16,0.17
233,0.25,0.24,0.6,0.28,0.27,0.35,0.54,0.16,0.16
234,0.24,0.23,0.6,0.28,0.27,0.35,0.59,0.15,0.16
235,0.24,0.23,0.6,0.27,0.26,0.35,0.54,0.12,0.18
236,0.23,0.23,0.6,0.26,0.26,0.32,0.59,0.15,0.13
237,0.23,0.23,0.57,0.28,0.25,0.32,0.65,0.13,0.17
238,0.23,0.22,0.57,0.25,0.25,0.35,0.54,0.16,0.17
239,0.22,0.21,0.6,0.25,0.24,0.32,0.69,0.15,0.18
240,0.21,0.21,0.72,0.25,0.24,0.32,0.59,0.13,0.16
241,0.22,0.21,0.6,0.25,0.24,0.27,0.54,0.13,0.16
242,0.21,0.2,0.6,0.25,0.23,0.32,0.5,0.16,0.16
243,0.23,0.19,0.57,0.25,0.23,0.32,0.5,0.13,0.14
244,0.21,0.19,0.52,0.24,0.22,0.0,0.65,0.15,0.16
245,0.21,0.19,0.6,0.23,0.21,0.32,0.59,0.12,0.16
246,0.21,0.18,0.52,0.24,0.21,0.32,0.54,0.13,0.13
247,0.21,0.18,0.57,0.23,0.21,0.32,0.54,0.12,0.13
248,0.22,0.17,0.52,0.23,0.2,0.32,0.5,0.13,0.13
249,0.2,0.17,0.52,0.22,0.2,0.3,0.5,0.13,0.13
250,0.2,0.17,0.52,0.22,0.19,0.27,0.41,0.13,0.13
251,0.2,0.17,0.52,0.22,0.19,0.27,0.46,0.12,0.13
252,0.19,0.15,0.45,0.22,0.18,0.3,0.54,0.12,0.13
253,0.18,0.15,0.52,0.22,0.19,0.27,0.54,0.13,0.13
254,0.19,0.15,0.48,0.21,0.18,0.32,0.46,0.12,0.09
255,0.19,0.15,0.52,0.21,0.18,0.27,0.46,0.12,0.13
256,0.19,0.15,0.64,0.22,0.17,0.27,0.5,0.11,0.13
257,0.18,0.14,0.52,0.21,0.17,0.25,0.46,0.12,0.13
258,0.18,0.14,0.48,0.2,0.16,0.27,0.5,0.12,0.1
259,0.19,0.14,0.48,0.2,0.16,0.25,0.46,0.11,0.12
260,0.17,0.13,0.48,0.2,0.15,0.25,0.5,0.11,0.1
261,0.18,0.12,0.48,0.2,0.15,0.27,0.5,0.1,0.09
262,0.18,0.12,0.48,0.18,0.15,0.25,0.46,0.09,0.1
263,0.17,0.12,0.4,0.19,0.14,0.27,0.41,0.11,0.12
264,0.17,0.12,0.45,0.19,0.14,0.23,0.46,0.09,0.1
265,0.18,0.11,0.4,0.18,0.14,0.23,0.5,0.1,0.09
266,0.17,0.11,0.4,0.19,0.13,0.27,0.46,0.11,0.08
267,0.16,0.11,0.52,0.18,0.13,0.18,0.46,0.1,0.09
268,0.15,0.11,0.45,0.19,0.13,0.23,0.37,0.1,0.09
269,0.17,0.1,0.48,0.18,0.12,0.21,0.41,0.09,0.06
270,0.16,0.1,0.36,0.18,0.12,0.23,0.41,0.09,0.09
271,0.16,0.09,0.4,0.18,0.11,0.21,0.41,0.1,0.08
272,0.15,0.09,0.4,0.17,0.11,0.21,0.37,0.1,0.1
273,0.15,0.09,0.36,0.18,0.11,0.21,0.24,0.09,0.09
274,0.15,0.09,0.36,0.17,0.11,0.21,0.37,0.09,0.09
275,0.15,0.08,0.45,0.17,0.11,0.21,0.32,0.08,0.08
276,0.15,0.07,0.4,0.17,0.1,0.21,0.37,0.09,0.09
277,0.15,0.08,0.36,0.18,0.1,0.18,0.46,0.04,0.09
278,0.14,0.07,0.36,0.17,0.1,0.18,0.37,0.09,0.08
279,0.15,0.07,0.36,0.16,0.09,0.18,0.46,0.09,0.1
280,0.14,0.07,0.4,0.16,0.09,0.16,0.24,0.08,0.08
281,0.14,0.06,0.33,0.16,0.09,0.18,0.32,0.08,0.08
282,0.13,0.06,0.4,0.15,0.08,0.18,0.32,0.05,0.06
283,0.14,0.06,0.36,0.16,0.09,0.23,0.32,0.08,0.05
284,0.13,0.06,0.36,0.15,0.08,0.16,0.37,0.08,0.06
285,0.12,0.06,0.28,0.15,0.07,0.18,0.41,0.06,0.08
286,0.12,0.05,0.33,0.15,0.08,0.18,0.37,0.08,0.08
287,0.12,0.05,0.16,0.15,0.07,0.16,0.37,0.06,0.08
288,0.12,0.05,0.33,0.15,0.07,0.16,0.41,0.06,0.08
289,0.12,0.05,0.36,0.15,0.06,0.16,0.37,0.09,0.05
290,0.12,0.04,0.33,0.14,0.06,0.16,0.37,0.06,0.06
291,0.12,0.04,0.33,0.15,0.06,0.16,0.46,0.08,0.06
292,0.11,0.04,0.33,0.13,0.06,0.16,0.32,0.08,0.06
293,0.12,0.04,0.33,0.13,0.05,0.18,0.32,0.06,0.06
294,0.11,0.04,0.33,0.13,0.07,0.14,0.41,0.06,0.06
295,0.1,0.04,0.36,0.16,0.05,0.16,0.41,0.08,0.08
296,0.1,0.03,0.36,0.13,0.05,0.21,0.32,0.06,0.06
297,0.1,0.03,0.24,0.13,0.05,0.21,0.37,0.18,0.06
298,0.1,0.04,0.33,0.14,0.05,0.16,0.32,0.08,0.06
299,0.1,0.03,0.28,0.14,0.04,0.18,0.32,0.08,0.09
300,0.08,0.03,0.33,0.14,0.05,0.14,0.32,0.08,0.08
301,0.09,0.03,0.28,0.13,0.04,0.14,0.32,0.06,0.08
302,0.09,0.02,0.28,0.12,0.04,0.14,0.37,0.06,0.06
303,0.08,0.02,0.33,0.11,0.03,0.14,0.32,0.09,0.06
304,0.09,0.02,0.24,0.12,0.03,0.16,0.32,0.08,0.06
305,0.08,0.02,0.24,0.11,0.03,0.18,0.32,0.05,0.08
306,0.08,0.02,0.24,0.11,0.03,0.16,0.37,0.06,0.06
307,0.08,0.02,0.28,0.11,0.03,0.18,0.24,0.06,0.06
308,0.07,0.02,0.33,0.11,0.02,0.14,0.37,0.01,0.06
309,0.08,0.02,0.24,0.11,0.02,0.14,0.32,0.04,0.06
310,0.06,0.01,0.36,0.11,0.02,0.14,0.32,0.06,0.05
311,0.07,0.01,0.24,0.11,0.02,0.16,0.32,0.06,0.05
312,0.06,0.01,0.24,0.1,0.02,0.14,0.19,0.06,0.05
313,0.07,0.01,0.24,0.09,0.02,0.16,0.32,0.05,0.05
314,0.06,0.0,0.24,0.1,0.02,0.14,0.24,0.06,0.05
315,0.06,0.0,0.19,0.09,0.02,0.14,0.28,0.06,0.05
316,0.06,0.0,0.36,0.08,0.01,0.12,0.32,0.04,0.04
317,0.05,0.0,0.19,0.09,0.01,0.12,0.24,0.05,0.05
318,0.05,0.0,0.24,0.08,0.01,0.14,0.19,0.05,0.0
319,0.06,0.0,0.28,0.1,0.0,0.14,0.32,0.08,0.05
320,0.04,0.0,0.19,0.08,0.01,0.12,0.28,0.06,0.04
321,0.03,0.0,0.24,0.07,0.0,0.12,0.32,0.05,0.04
322,0.03,0.01,0.16,0.07,0.0,0.12,0.24,0.06,0.04
323,0.02,0.01,0.19,0.06,0.01,0.14,0.24,0.04,0.05
324,0.02,0.01,0.16,0.06,0.01,0.12,0.24,0.06,0.05
325,0.01,0.02,0.19,0.06,0.0,0.14,0.24,0.05,0.05
326,0.01,0.02,0.12,0.05,0.0,0.09,0.24,0.06,0.05
327,0.01,0.02,0.16,0.05,0.01,0.09,0.24,0.05,0.05
328,0.01,0.02,0.16,0.04,0.01,0.12,0.24,0.06,0.04
329,0.01,0.02,0.16,0.04,0.01,0.12,0.24,0.04,0.02
330,0.01,0.03,0.12,0.03,0.01,0.09,0.0,0.05,0.02
331,0.03,0.04,0.07,0.03,0.02,0.12,0.15,0.04,0.02
332,0.03,0.03,0.12,0.03,0.01,0.09,0.19,0.05,0.04
333,0.03,0.04,0.16,0.03,0.02,0.09,0.19,0.05,0.04
334,0.03,0.04,0.19,0.03,0.02,0.09,0.19,0.05,0.04
335,0.03,0.04,0.07,0.02,0.02,0.12,0.28,0.05,0.01
336,0.04,0.05,0.12,0.03,0.02,0.09,0.19,0.04,0.04
337,0.06,0.06,0.12,0.02,0.03,0.09,0.24,0.04,0.04
338,0.05,0.06,0.19,0.03,0.04,0.14,0.19,0.05,0.05
339,0.07,0.06,0.12,0.04,0.04,0.16,0.24,0.03,0.05
340,0.06,0.06,0.07,0.03,0.04,0.09,0.24,0.05,0.0
341,0.06,0.06,0.07,0.03,0.05,0.09,0.19,0.04,0.04
342,0.06,0.07,0.04,0.03,0.05,0.12,0.15,0.05,0.05
343,0.08,0.07,0.04,0.04,0.05,0.12,0.19,0.06,0.06
344,0.08,0.08,0.0,0.04,0.05,0.12,0.24,0.06,0.06
345,0.08,0.08,0.04,0.04,0.05,0.12,0.19,0.06,0.08
346,0.1,0.09,0.04,0.05,0.06,0.14,0.19,0.06,0.08
347,0.1,0.09,0.04,0.05,0.07,0.09,0.19,0.09,0.08
348,0.1,0.09,0.04,0.05,0.07,0.14,0.19,0.08,0.08
349,0.1,0.1,0.0,0.07,0.07,0.12,0.24,0.08,0.09
350,0.1,0.1,0.0,0.07,0.07,0.12,0.24,0.08,0.09
351,0.1,0.1,0.0,0.07,0.07,0.12,0.24,0.08,0.09
352,0.1,0.1,0.0,0.07,0.07,0.12,0.24,0.08,0.09
353,0.1,0.1,0.0,0.07,0.07,0.12,0.24,0.08,0.09
354,0.1,0.1,0.0,0.07,0.07,0.12,0.24,0.08,0.09
355,0.1,0.1,0.0,0.07,0.07,0.12,0.24,0.08,0.09
356,0.1,0.1,0.0,0.07,0.07,0.12,0.24,0.08,0.09
357,0.1,0.1,0.0,0.07,0.07,0.12,0.24,0.08,0.09
358,0.1,0.1,0.0,0.07,0.07,0.12,0.24,0.08,0.09
359,0.1,0.1,0.0,0.07,0.07,0.12,0.24,0.08,0.09
360,0.1,0.1,0.0,0.07,0.07,0.12,0.24,0.08,0.09
361,0.1,0.1,0.0,0.07,0.07,0.12,0.24,0.08,0.09
362,0.1,0.1,0.0,0.07,0.07,0.12,0.24,0.08,0.09
363,0.1,0.1,0.0,0.07,0.07,0.12,0.24,0.08,0.09
364,0.1,0.1,0.0,0.07,0.07,0.12,0.24,0.08,0.09
365,0.1,0.1,0.0,0.07,0.07,0.12,0.24,0.08,0.09
366,0.1,0.1,0.0,0.07,0.07,0.12,0.24,0.08,0.09
367,0.1,0.1,0.0,0.07,0.07,0.12,0.24,0.08,0.09
368,0.1,0.1,0.0,0.07,0.07,0.12,0.24,0.08,0.09
369,0.1,0.1,0.0,0.07,0.07,0.12,0.24,0.08,0.09
370,0.1,0.1,0.0,0.07,0.07,0.12,0.24,0.08,0.09
371,0.1,0.1,0.0,0.07,0.07,0.12,0.24,0.08,0.09
372,0.1,0.1,0.0,0.07,0.07,0.12,0.24,0.08,0.09
373,0.1,0.1,0.0,0.07,0.07,0.12,0.24,0.08,0.09
374,0.1,0.1,0.0,0.07,0.07,0.12,0.24,0.08,0.09
375,0.1,0.1,0.0,0.07,0.07,0.12,0.24,0.08,0.09
376,0.1,0.1,0.0,0.07,0.07,0.12,0.24,0.08,0.09
377,0.1,0.1,0.0,0.07,0.07,0.12,0.24,0.08,0.09
378,0.1,0.1,0.0,0.07,0.07,0.12,0.24,0.08,0.09
379,0.1,0.1,0.0,0.07,0.07,0.12,0.24,0.08,0.09
380,0.1,0.1,0.0,0.07,0.07,0.12,0.24,0.08,0.09
381,0.1,0.1,0.0,0.07,0.07,0.12,0.24,0.08,0.09
382,0.1,0.1,0.0,0.07,0.07,0.12,0.24,0.08,0.09
383,0.1,0.1,0.0,0.07,0.07,0.12,0.24,0.08,0.09
384,0.1,0.1,0.0,0.07,0.07,0.12,0.24,0.08,0.09
385,0.1,0.1,0.0,0.07,0.07,0.12,0.24,0.08,0.09
386,0.1,0.1,0.0,0.07,0.07,0.12,0.24,0.08,0.09
387,0.1,0.1,0.0,0.07,0.07,0.12,0.24,0.08,0.09
388,0.1,0.1,0.0,0.07,0.07,0.12,0.24,0.08,0.09
389,0.1,0.1,0.0,0.07,0.07,0.12,0.24,0.08,0.09
390,0.1,0.1,0.0,0.07,0.07,0.12,0.24,0.08,0.09
391,0.1,0.1,0.0,0.07,0.07,0.12,0.24,0.08,0.09
392,0.1,0.1,0.0,0.07,0.07,0.12,0.24,0.08,0.09
393,0.1,0.1,0.0,0.07,0.07,0.12,0.24,0.08,0.09
394,0.1,0.1,0.0,0.07,0.07,0.12,0.24,0.08,0.09
395,0.1,0.1,0.0,0.07,0.07,0.12,0.24,0.08,0.09
396,0.1,0.1,0.0,0.07,0.07,0.12,0.24,0.08,0.09
397,0.1,0.1,0.0,0.07,0.07,0.12,0.24,0.08,0.09
398,0.1,0.1,0.0,0.07,0.07,0.12,0.24,0.08,0.09
399,0.1,0.1,0.0,0.07,0.07,0.12,0.24,0.08,0.09
400,0.1,0.1,0.0,0.07,0.07,0.12,0.24,0.08,0.09
401,0.1,0.1,0.0,0.07,0.07,0.12,0.24,0.08,0.09
402,0.1,0.1,0.0,0.07,0.07,0.12,0.24,0.08,0.09
403,0.1,0.1,0.0,0.07,0.07,0.12,0.24,0.08,0.09
404,0.1,0.1,0.0,0.07,0.07,0.12,0.24,0.08,0.09
405,0.1,0.1,0.0,0.07,0.07,0.12,0.24,0.08,0.09
406,0.1,0.1,0.0,0.07,0.07,0.12,0.24,0.08,0.09
407,0.1,0.1,0.0,0.07,0.07,0.12,0.24,0.08,0.09
408,0.1,0.1,0.0,0.07,0.07,0.12,0.24,0.08,0.09
409,0.1,0.1,0.0,0.07,0.07,0.12,0.24,0.08,0.09
410,0.1,0.1,0.0,0.07,0.07,0.12,0.24,0.08,0.09
411,0.1,0.1,0.0,0.07,0.07,0.12,0.24,0.08,0.09
412,0.1,0.1,0.0,0.07,0.07,0.12,0.24,0.08,0.09
413,0.1,0.1,0.0,0.07,0.07,0.12,0.24,0.08,0.09
414,0.1,0.1,0.0,0.07,0.07,0.12,0.24,0.08,0.09
415,0.1,0.1,0.0,0.07,0.07,0.12,0.24,0.08,0.09
416,0.1,0.1,0.0,0.07,0.07,0.12,0.24,0.08,0.09
417,0.1,0.1,0.0,0.07,0.07,0.12,0.24,0.08,0.09
418,0.1,0.1,0.0,0.07,0.07,0.12,0.24,0.08,0.09
419,0.1,0.1,0.0,0.07,0.07,0.12,0.24,0.08,0.09
420,0.1,0.1,0.0,0.07,0.07,0.12,0.24,0.08,0.09
421,0.1,0.1,0.0,0.07,0.07,0.12,0.24,0.08,0.09
422,0.1,0.1,0.0,0.07,0.07,0.12,0.24,0.08,0.09
423,0.1,0.1,0.0,0.07,0.07,0.12,0.24,0.08,0.09
424,0.1,0.1,0.0,0.07,0.07,0.12,0.24,0.08,0.09
425,0.1,0.1,0.0,0.07,0.07,0.12,0.24,0.08,0.09
426,0.1,0.1,0.0,0.07,0.07,0.12,0.24,0.08,0.09
427,0.1,0.1,0.0,0.07,0.07,0.12,0.24,0.08,0.09
428,0.1,0.1,0.0,0.07,0.07,0.12,0.24,0.08,0.09
429,0.1,0.1,0.0,0.07,0.07,0.12,0.24,0.08,0.09
430,0.1,0.1,0.0,0.07,0.07,0.12,0.24,0.08,0.09
431,0.1,0.1,0.0,0.07,0.07,0.12,0.24,0.08,0.09
432,0.1,0.1,0.0,0.07,0.07,0.12,0.24,0.08,0.09
433,0.1,0.1,0.0,0.07,0.07,0.12,0.24,0.08,0.09
434,0.1,0.1,0.0,0.07,0.07,0.12,0.24,0.08,0.09
435,0.1,0.1,0.0,0.07,0.07,0.12,0.24,0.08,0.09
436,0.1,0.1,0.0,0.07,0.07,0.12,0.24,0.08,0.09
437,0.1,0.1,0.0,0.07,0.07,0.12,0.24,0.08,0.09
438,0.1,0.1,0.0,0.07,0.07,0.12,0.24,0.08,0.09
439,0.1,0.1,0.0,0.07,0.07,0.12,0.24,0.08,0.09
440,0.1,0.1,0.0,0.07,0.07,0.12,0.24,0.08,0.09
441,0.1,0.1,0.0,0.07,0.07,0.12,0.24,0.08,0.09
442,0.1,0.1,0.0,0.07,0.07,0.12,0.24,0.08,0.09
443,0.1,0.1,0.0,0.07,0.07,0.12,0.24,0.08,0.09
444,0.1,0.1,0.0,0.07,0.07,0.12,0.24,0.08,0.09
445,0.1,0.1,0.0,0.07,0.07,0.12,0.24,0.08,0.09
446,0.1,0.1,0.0,0.07,0.07,0.12,0.24,0.08,0.09
447,0.1,0.1,0.0,0.07,0.07,0.12,0.24,0.08,0.09
448,0.1,0.1,0.0,0.07,0.07,0.12,0.24,0.08,0.09
449,0.1,0.1,0.0,0.07,0.07,0.12,0.24,0.08,0.09
450,0.1,0.1,0.0,0.07,0.07,0.12,0.24,0.08,0.09
451,0.1,0.1,0.0,0.07,0.07,0.12,0.24,0.08,0.09
452,0.1,0.1,0.0,0.07,0.07,0.12,0.24,0.08,0.09
453,0.1,0.1,0.0,0.07,0.07,0.12,0.24,0.08,0.09
454,0.1,0.1,0.0,0.07,0.07,0.12,0.24,0.08,0.09
455,0.1,0.1,0.0,0.07,0.07,0.12,0.24,0.08,0.09
456,0.1,0.1,0.0,0.07,0.07,0.12,0.24,0.08,0.09
457,0.1,0.1,0.0,0.07,0.07,0.12,0.24,0.08,0.09
458,0.1,0.1,0.0,0.07,0.07,0.12,0.24,0.08,0.09
459,0.1,0.1,0.0,0.07,0.07,0.12,0.24,0.08,0.09
460,0.1,0.1,0.0,0.07,0.07,0.12,0.24,0.08,0.09
461,0.1,0.1,0.0,0.07,0.07,0.12,0.24,0.08,0.09
462,0.1,0.1,0.0,0.07,0.07,0.12,0.24,0.08,0.09
463,0.1,0.1,0.0,0.07,0.07,0.12,0.24,0.08,0.09
464,0.1,0.1,0.0,0.07,0.07,0.12,0.24,0.08,0.09
465,0.1,0.1,0.0,0.07,0.07,0.12,0.24,0.08,0.09
466,0.1,0.1,0.0,0.07,0.07,0.12,0.24,0.08,0.09
467,0.1,0.1,0.0,0.07,0.07,0.12,0.24,0.08,0.09
468,0.1,0.1,0.0,0.07,0.07,0.12,0.24,0.08,0.09
469,0.1,0.1,0.0,0.07,0.07,0.12,0.24,0.08,0.09
470,0.1,0.1,0.0,0.07,0.07,0.12,0.24,0.08,0.09
471,0.1,0.1,0.0,0.07,0.07,0.12,0.24,0.08,0.09
472,0.1,0.1,0.0,0.07,0.07,0.12,0.24,0.08,0.09
473,0.1,0.1,0.0,0.07,0.07,0.12,0.24,0.08,0.09
474,0.1,0.1,0.0,0.07,0.07,0.12,0.24,0.08,0.09
475,0.1,0.1,0.0,0.07,0.07,0.12,0.24,0.08,0.09
476,0.1,0.1,0.0,0.07,0.07,0.12,0.24,0.08,0.09
477,0.1,0.1,0.0,0.07,0.07,0.12,0.24,0.08,0.09
478,0.1,0.1,0.0,0.07,0.07,0.12,0.24,0.08,0.09
479,0.1,0.1,0.0,0.07,0.07,0.12,0.24,0.08,0.09
480,0.1,0.1,0.0,0.07,0.07,0.12,0.24,0.08,0.09
481,0.1,0.1,0.0,0.07,0.07,0.12,0.24,0.08,0.09
482,0.1,0.1,0.0,0.07,0.07,0.12,0.24,0.08,0.09
483,0.1,0.1,0.0,0.07,0.07,0.12,0.24,0.08,0.09
484,0.1,0.1,0.0,0.07,0.07,0.12,0.24,0.08,0.09
485,0.1,0.1,0.0,0.07,0.07,0.12,0.24,0.08,0.09
486,0.1,0.1,0.0,0.07,0.07,0.12,0.24,0.08,0.09
487,0.1,0.1,0.0,0.07,0.07,0.12,0.24,0.08,0.09
488,0.1,0.1,0.0,0.07,0.07,0.12,0.24,0.08,0.09
489,0.1,0.1,0.0,0.07,0.07,0.12,0.24,0.08,0.09
490,0.1,0.1,0.0,0.07,0.07,0.12,0.24,0.08,0.09
491,0.1,0.1,0.0,0.07,0.07,0.12,0.24,0.08,0.09
492,0.1,0.1,0.0,0.07,0.07,0.12,0.24,0.08,0.09
493,0.1,0.1,0.0,0.07,0.07,0.12,0.24,0.08,0.09
494,0.1,0.1,0.0,0.07,0.07,0.12,0.24,0.08,0.09
495,0.1,0.1,0.0,0.07,0.07,0.12,0.24,0.08,0.09
496,0.1,0.1,0.0,0.07,0.07,0.12,0.24,0.08,0.09
497,0.1,0.1,0.0,0.07,0.07,0.12,0.24,0.08,0.09
498,0.1,0.1,0.0,0.07,0.07,0.12,0.24,0.08,0.09
499,0.1,0.1,0.0,0.07,0.07,0.12,0.24,0.08,0.09
500,0.1,0.1,0.0,0.07,0.07,0.12,0.24,0.08,0.09
501,0.1,0.1,0.0,0.07,0.07,0.12,0.24,0.08,0.09
502,0.1,0.1,0.0,0.07,0.07,0.12,0.24,0.08,0.09
503,0.1,0.1,0.0,0.07,0.07,0.12,0.24,0.08,0.09
504,0.1,0.1,0.0,0.07,0.07,0.12,0.24,0.08,0.09
505,0.1,0.1,0.0,0.07,0.07,0.12,0.24,0.08,0.09
506,0.1,0.1,0.0,0.07,0.07,0.12,0.24,0.08,0.09
507,0.1,0.1,0.0,0.07,0.07,0.12,0.24,0.08,0.09
508,0.1,0.1,0.0,0.07,0.07,0.12,0.24,0.08,0.09
509,0.1,0.1,0.0,0.07,0.07,0.12,0.24,0.08,0.09
510,0.1,0.1,0.0,0.07,0.07,0.12,0.24,0.08,0.09
511,0.1,0.1,0.0,0.07,0.07,0.12,0.24,0.08,0.09
