0,0.07,0.01,0.35,0.08,0.02,0.28,0.43,0.12,0.12
1,0.08,0.01,0.36,0.08,0.02,0.26,0.41,0.12,0.12
2,0.08,0.01,0.4,0.08,0.02,0.28,0.41,0.12,0.12
3,0.08,0.0,0.37,0.08,0.01,0.28,0.41,0.12,0.12
4,0.08,0.0,0.36,0.08,0.01,0.27,0.41,0.12,0.12
5,0.09,0.0,0.36,0.08,0.01,0.27,0.38,0.12,0.12
6,0.1,0.0,0.38,0.08,0.01,0.26,0.39,0.12,0.11
7,0.1,0.0,0.36,0.08,0.0,0.28,0.44,0.12,0.12
8,0.12,0.0,0.38,0.08,0.0,0.28,0.39,0.12,0.11
9,0.12,0.0,0.38,0.08,0.0,0.29,0.38,0.11,0.12
10,0.13,0.0,0.4,0.09,0.0,0.28,0.38,0.11,0.12
11,0.15,0.0,0.4,0.09,0.0,0.28,0.39,0.11,0.11
12,0.16,0.0,0.42,0.1,0.0,0.28,0.38,0.12,0.11
13,0.18,0.01,0.42,0.11,0.01,0.28,0.38,0.12,0.13
14,0.2,0.01,0.42,0.11,0.01,0.28,0.38,0.12,0.13
15,0.19,0.01,0.42,0.12,0.01,0.29,0.38,0.12,0.13
16,0.21,0.01,0.42,0.13,0.02,0.29,0.33,0.12,0.13
17,0.23,0.02,0.43,0.13,0.02,0.3,0.38,0.12,0.13
18,0.25,0.02,0.45,0.15,0.03,0.3,0.38,0.12,0.13
19,0.25,0.02,0.44,0.15,0.03,0.32,0.37,0.13,0.14
20,0.27,0.03,0.45,0.17,0.04,0.32,0.38,0.13,0.15
21,0.27,0.03,0.46,0.17,0.04,0.3,0.38,0.14,0.16
22,0.29,0.04,0.47,0.18,0.05,0.32,0.38,0.14,0.16
23,0.29,0.04,0.49,0.19,0.05,0.33,0.38,0.15,0.16
24,0.31,0.04,0.45,0.21,0.06,0.34,0.38,0.15,0.17
25,0.32,0.05,0.47,0.22,0.07,0.34,0.38,0.15,0.18
26,0.34,0.06,0.46,0.23,0.08,0.36,0.33,0.16,0.19
27,0.35,0.06,0.48,0.24,0.09,0.36,0.38,0.17,0.19
28,0.36,0.07,0.48,0.24,0.1,0.36,0.41,0.18,0.2
29,0.36,0.08,0.48,0.26,0.11,0.36,0.37,0.18,0.21
30,0.37,0.08,0.5,0.27,0.11,0.36,0.38,0.19,0.21
31,0.39,0.09,0.51,0.28,0.12,0.38,0.38,0.2,0.23
32,0.39,0.09,0.5,0.29,0.13,0.38,0.43,0.2,0.23
33,0.41,0.1,0.51,0.3,0.14,0.39,0.38,0.22,0.24
34,0.42,0.11,0.53,0.31,0.16,0.4,0.39,0.23,0.25
35,0.42,0.11,0.51,0.32,0.16,0.4,0.38,0.23,0.25
36,0.43,0.13,0.53,0.33,0.17,0.42,0.39,0.24,0.28
37,0.43,0.13,0.54,0.33,0.17,0.43,0.41,0.25,0.27
38,0.44,0.13,0.54,0.34,0.18,0.43,0.39,0.25,0.27
39,0.45,0.14,0.53,0.35,0.19,0.43,0.39,0.26,0.29
40,0.46,0.15,0.55,0.36,0.21,0.44,0.41,0.28,0.3
41,0.47,0.15,0.55,0.36,0.21,0.44,0.41,0.28,0.3
42,0.47,0.16,0.54,0.37,0.22,0.45,0.39,0.29,0.31
43,0.48,0.17,0.56,0.38,0.23,0.45,0.39,0.3,0.32
44,0.49,0.18,0.58,0.39,0.24,0.47,0.41,0.31,0.33
45,0.49,0.18,0.56,0.4,0.25,0.47,0.41,0.31,0.34
46,0.5,0.19,0.56,0.41,0.26,0.47,0.39,0.32,0.34
47,0.51,0.2,0.56,0.41,0.27,0.48,0.39,0.33,0.35
48,0.52,0.21,0.57,0.43,0.28,0.48,0.37,0.34,0.36
49,0.53,0.21,0.58,0.43,0.29,0.49,0.41,0.35,0.37
50,0.53,0.22,0.59,0.44,0.29,0.49,0.43,0.35,0.37
51,0.53,0.22,0.59,0.45,0.3,0.49,0.43,0.36,0.38
52,0.55,0.24,0.59,0.46,0.31,0.5,0.43,0.37,0.39
53,0.55,0.24,0.6,0.46,0.32,0.52,0.43,0.38,0.39
54,0.56,0.25,0.6,0.47,0.33,0.53,0.43,0.39,0.41
55,0.56,0.26,0.6,0.48,0.34,0.51,0.44,0.39,0.41
56,0.57,0.26,0.61,0.48,0.35,0.52,0.47,0.4,0.42
57,0.58,0.27,0.61,0.49,0.35,0.52,0.43,0.41,0.43
58,0.58,0.28,0.62,0.5,0.37,0.53,0.44,0.42,0.43
59,0.59,0.29,0.61,0.51,0.37,0.54,0.44,0.42,0.45
60,0.59,0.29,0.61,0.51,0.38,0.55,0.44,0.43,0.45
61,0.6,0.3,0.62,0.52,0.39,0.55,0.41,0.44,0.45
62,0.6,0.31,0.63,0.52,0.39,0.56,0.46,0.44,0.46
63,0.61,0.31,0.63,0.53,0.4,0.57,0.44,0.46,0.46
64,0.61,0.32,0.63,0.54,0.41,0.56,0.44,0.46,0.47
65,0.62,0.33,0.64,0.55,0.42,0.57,0.47,0.47,0.49
66,0.63,0.34,0.64,0.55,0.43,0.58,0.46,0.47,0.49
67,0.63,0.34,0.65,0.56,0.43,0.58,0.46,0.48,0.49
68,0.63,0.35,0.65,0.56,0.44,0.58,0.47,0.49,0.5
69,0.64,0.35,0.64,0.57,0.44,0.58,0.46,0.49,0.5
70,0.64,0.36,0.66,0.57,0.45,0.6,0.44,0.49,0.51
71,0.65,0.37,0.66,0.58,0.45,0.59,0.47,0.5,0.51
72,0.66,0.38,0.66,0.59,0.46,0.6,0.49,0.51,0.53
73,0.66,0.38,0.67,0.59,0.47,0.62,0.47,0.52,0.53
74,0.66,0.39,0.67,0.6,0.47,0.59,0.47,0.52,0.54
75,0.67,0.4,0.67,0.6,0.48,0.62,0.47,0.53,0.54
76,0.67,0.41,0.67,0.61,0.49,0.62,0.49,0.54,0.55
77,0.68,0.41,0.68,0.61,0.49,0.62,0.47,0.54,0.55
78,0.68,0.42,0.67,0.62,0.5,0.62,0.51,0.55,0.56
79,0.68,0.43,0.69,0.62,0.5,0.64,0.46,0.55,0.56
80,0.69,0.44,0.69,0.63,0.51,0.63,0.49,0.56,0.57
81,0.69,0.44,0.68,0.64,0.52,0.64,0.47,0.56,0.58
82,0.7,0.45,0.69,0.64,0.53,0.64,0.51,0.57,0.58
83,0.7,0.45,0.69,0.64,0.53,0.66,0.49,0.57,0.59
84,0.71,0.47,0.71,0.65,0.53,0.64,0.49,0.58,0.59
85,0.71,0.47,0.7,0.66,0.54,0.66,0.51,0.59,0.59
86,0.71,0.48,0.7,0.66,0.54,0.66,0.51,0.59,0.6
87,0.72,0.48,0.7,0.66,0.55,0.66,0.54,0.6,0.61
88,0.72,0.5,0.7,0.67,0.56,0.68,0.52,0.6,0.61
89,0.73,0.5,0.7,0.67,0.56,0.67,0.52,0.6,0.61
90,0.73,0.51,0.71,0.68,0.57,0.68,0.52,0.61,0.62
91,0.74,0.52,0.72,0.68,0.57,0.69,0.51,0.63,0.63
92,0.74,0.53,0.73,0.69,0.58,0.68,0.52,0.61,0.63
93,0.75,0.54,0.75,0.7,0.59,0.7,0.55,0.63,0.64
94,0.75,0.55,0.74,0.71,0.6,0.7,0.54,0.64,0.65
95,0.75,0.55,0.73,0.71,0.6,0.7,0.54,0.64,0.65
96,0.76,0.57,0.74,0.72,0.61,0.71,0.55,0.65,0.66
97,0.76,0.57,0.75,0.72,0.61,0.71,0.54,0.65,0.66
98,0.77,0.58,0.74,0.72,0.62,0.72,0.57,0.66,0.67
99,0.77,0.59,0.75,0.73,0.63,0.72,0.55,0.67,0.68
100,0.77,0.6,0.74,0.74,0.63,0.73,0.57,0.67,0.68
101,0.78,0.6,0.75,0.74,0.64,0.73,0.58,0.68,0.68
102,0.79,0.62,0.77,0.74,0.64,0.74,0.58,0.69,0.69
103,0.79,0.62,0.74,0.75,0.65,0.74,0.55,0.69,0.7
104,0.79,0.63,0.77,0.75,0.65,0.74,0.58,0.7,0.7
105,0.8,0.64,0.75,0.75,0.66,0.75,0.57,0.71,0.71
106,0.8,0.65,0.78,0.76,0.67,0.76,0.58,0.71,0.72
107,0.8,0.66,0.78,0.77,0.67,0.76,0.6,0.71,0.72
108,0.81,0.66,0.78,0.77,0.68,0.76,0.62,0.72,0.73
109,0.82,0.67,0.79,0.77,0.68,0.77,0.62,0.72,0.73
110,0.82,0.68,0.79,0.78,0.69,0.77,0.63,0.73,0.74
111,0.82,0.68,0.79,0.78,0.69,0.76,0.62,0.73,0.74
112,0.82,0.69,0.79,0.79,0.7,0.78,0.62,0.74,0.74
113,0.83,0.7,0.79,0.8,0.71,0.78,0.62,0.74,0.75
114,0.83,0.71,0.82,0.8,0.72,0.8,0.64,0.75,0.76
115,0.83,0.72,0.79,0.8,0.72,0.79,0.63,0.75,0.76
116,0.84,0.72,0.79,0.8,0.72,0.8,0.66,0.76,0.76
117,0.84,0.73,0.81,0.81,0.73,0.79,0.66,0.76,0.77
118,0.85,0.74,0.79,0.81,0.74,0.82,0.66,0.77,0.78
119,0.85,0.74,0.82,0.82,0.74,0.8,0.66,0.77,0.78
120,0.85,0.75,0.81,0.82,0.75,0.81,0.64,0.78,0.78
121,0.86,0.76,0.82,0.83,0.75,0.82,0.64,0.79,0.79
122,0.86,0.77,0.82,0.83,0.76,0.81,0.69,0.79,0.79
123,0.86,0.77,0.83,0.84,0.76,0.82,0.66,0.79,0.8
124,0.86,0.78,0.82,0.84,0.77,0.82,0.68,0.8,0.81
125,0.87,0.79,0.83,0.84,0.78,0.83,0.69,0.8,0.81
126,0.87,0.79,0.85,0.84,0.78,0.83,0.68,0.81,0.82
127,0.87,0.79,0.82,0.85,0.78,0.82,0.71,0.82,0.81
128,0.88,0.8,0.85,0.85,0.79,0.84,0.72,0.82,0.82
129,0.88,0.81,0.85,0.86,0.8,0.84,0.71,0.83,0.83
130,0.88,0.81,0.85,0.86,0.8,0.84,0.71,0.82,0.83
131,0.88,0.82,0.85,0.86,0.8,0.86,0.72,0.82,0.83
132,0.89,0.83,0.85,0.87,0.81,0.86,0.72,0.83,0.84
133,0.89,0.83,0.85,0.87,0.82,0.86,0.74,0.84,0.84
134,0.9,0.83,0.86,0.87,0.82,0.86,0.76,0.84,0.84
135,0.9,0.84,0.85,0.88,0.83,0.86,0.72,0.85,0.85
136,0.9,0.85,0.86,0.88,0.83,0.88,0.76,0.85,0.85
137,0.9,0.85,0.86,0.88,0.84,0.86,0.76,0.85,0.86
138,0.91,0.85,0.87,0.89,0.84,0.87,0.76,0.86,0.86
139,0.91,0.86,0.87,0.89,0.85,0.88,0.74,0.86,0.86
140,0.91,0.86,0.87,0.89,0.85,0.88,0.77,0.86,0.86
141,0.91,0.87,0.87,0.89,0.86,0.88,0.77,0.87,0.87
142,0.91,0.87,0.88,0.9,0.86,0.88,0.77,0.87,0.88
143,0.92,0.88,0.88,0.9,0.87,0.89,0.82,0.88,0.88
144,0.92,0.88,0.86,0.9,0.87,0.89,0.78,0.88,0.88
145,0.92,0.89,0.89,0.91,0.88,0.9,0.78,0.88,0.89
146,0.92,0.89,0.89,0.91,0.88,0.9,0.77,0.88,0.89
147,0.93,0.89,0.88,0.91,0.88,0.9,0.78,0.89,0.87
148,0.93,0.89,0.89,0.91,0.89,0.9,0.8,0.88,0.89
149,0.93,0.9,0.89,0.92,0.89,0.9,0.8,0.9,0.9
150,0.94,0.9,0.89,0.92,0.89,0.91,0.82,0.9,0.9
151,0.94,0.91,0.9,0.92,0.9,0.91,0.82,0.9,0.9
152,0.94,0.91,0.9,0.92,0.9,0.91,0.83,0.91,0.91
153,0.94,0.91,0.89,0.93,0.91,0.91,0.83,0.91,0.91
154,0.94,0.92,0.9,0.93,0.91,0.91,0.82,0.92,0.92
155,0.95,0.92,0.91,0.94,0.91,0.93,0.86,0.91,0.92
156,0.95,0.92,0.92,0.94,0.92,0.92,0.83,0.92,0.92
157,0.95,0.93,0.93,0.94,0.92,0.91,0.85,0.92,0.92
158,0.95,0.93,0.91,0.94,0.92,0.93,0.86,0.93,0.92
159,0.95,0.93,0.93,0.94,0.93,0.92,0.85,0.93,0.93
160,0.96,0.94,0.93,0.94,0.93,0.93,0.83,0.94,0.93
161,0.96,0.94,0.93,0.95,0.93,0.94,0.88,0.94,0.94
162,0.96,0.94,0.93,0.95,0.93,0.94,0.88,0.94,0.94
163,0.96,0.95,0.93,0.95,0.94,0.94,0.89,0.94,0.95
164,0.96,0.95,0.93,0.95,0.94,0.94,0.91,0.94,0.95
165,0.96,0.95,0.94,0.95,0.95,0.94,0.89,0.95,0.95
166,0.96,0.95,0.95,0.96,0.95,0.95,0.88,0.95,0.95
167,0.97,0.96,0.93,0.96,0.95,0.95,0.88,0.95,0.95
168,0.97,0.96,0.95,0.96,0.95,0.96,0.95,0.96,0.96
169,0.97,0.96,0.95,0.96,0.96,0.95,0.91,0.96,0.95
170,0.97,0.96,0.96,0.97,0.96,0.95,0.91,0.96,0.97
171,0.98,0.97,0.95,0.97,0.96,0.95,0.92,0.96,0.97
172,0.98,0.97,0.96,0.97,0.97,0.95,0.94,0.96,0.97
173,0.98,0.97,0.95,0.97,0.97,0.97,0.92,0.97,0.98
174,0.98,0.98,0.96,0.97,0.97,0.97,0.91,0.97,0.97
175,0.98,0.98,0.96,0.98,0.97,0.97,0.94,0.97,0.97
176,0.99,0.98,0.96,0.98,0.98,0.98,0.92,0.98,0.98
177,0.99,0.98,0.98,0.98,0.98,0.97,0.92,0.98,0.98
178,0.99,0.98,0.96,0.98,0.98,0.98,0.94,0.98,0.98
179,0.99,0.99,0.98,0.98,0.98,0.98,0.92,0.98,0.99
180,0.99,0.99,0.98,0.99,0.99,0.98,0.95,0.99,0.99
181,0.99,0.99,0.98,0.99,0.99,0.99,0.99,0.99,0.99
182,0.99,0.99,0.97,0.99,0.99,0.99,0.94,0.99,0.99
183,1.0,1.0,0.99,1.0,0.99,0.97,0.97,1.0,1.0
184,1.0,1.0,0.99,1.0,1.0,0.99,0.97,1.0,1.0
185,1.0,1.0,1.0,1.0,1.0,0.99,0.99,1.0,1.0
186,1.0,1.0,0.99,1.0,1.0,0.99,0.97,1.0,0.99
187,0.99,1.0,1.0,0.99,1.0,1.0,0.99,0.98,0.98
188,0.94,0.99,0.98,0.97,1.0,0.99,1.0,0.94,0.93
189,0.91,0.98,0.97,0.95,0.99,0.99,0.95,0.92,0.9
190,0.88,0.98,0.95,0.93,0.99,0.97,0.95,0.89,0.87
191,0.87,0.98,0.95,0.92,0.99,0.97,0.94,0.88,0.86
192,0.82,0.96,0.94,0.88,0.98,0.96,0.95,0.83,0.82
193,0.77,0.95,0.89,0.84,0.97,0.93,0.92,0.79,0.77
194,0.75,0.95,0.89,0.82,0.96,0.91,0.92,0.77,0.75
195,0.69,0.93,0.86,0.76,0.95,0.88,0.86,0.72,0.7
196,0.66,0.92,0.85,0.74,0.95,0.87,0.88,0.7,0.68
197,0.6,0.91,0.82,0.68,0.93,0.82,0.83,0.65,0.64
198,0.58,0.9,0.82,0.66,0.93,0.81,0.83,0.63,0.62
199,0.55,0.9,0.81,0.62,0.92,0.79,0.83,0.61,0.6
200,0.53,0.89,0.78,0.6,0.91,0.76,0.82,0.59,0.57
201,0.48,0.87,0.74,0.54,0.9,0.73,0.78,0.55,0.54
202,0.46,0.86,0.72,0.52,0.89,0.71,0.82,0.53,0.52
203,0.42,0.85,0.71,0.48,0.88,0.67,0.78,0.5,0.49
204,0.41,0.85,0.69,0.47,0.88,0.67,0.76,0.48,0.48
205,0.38,0.83,0.68,0.44,0.86,0.64,0.74,0.46,0.45
206,0.38,0.83,0.69,0.43,0.86,0.63,0.71,0.46,0.45
207,0.36,0.82,0.66,0.4,0.85,0.62,0.74,0.44,0.44
208,0.33,0.8,0.64,0.37,0.83,0.58,0.69,0.41,0.41
209,0.32,0.8,0.61,0.36,0.83,0.56,0.68,0.4,0.4
210,0.3,0.79,0.61,0.34,0.82,0.55,0.66,0.39,0.38
211,0.29,0.78,0.6,0.32,0.81,0.54,0.68,0.38,0.37
212,0.28,0.77,0.6,0.32,0.81,0.53,0.69,0.37,0.37
213,0.27,0.77,0.58,0.3,0.8,0.51,0.66,0.36,0.36
214,0.26,0.75,0.59,0.29,0.79,0.49,0.68,0.35,0.35
215,0.25,0.75,0.57,0.28,0.79,0.48,0.66,0.34,0.34
216,0.23,0.74,0.54,0.26,0.77,0.48,0.63,0.32,0.33
217,0.23,0.73,0.53,0.26,0.77,0.45,0.63,0.31,0.31
218,0.21,0.71,0.51,0.24,0.75,0.43,0.6,0.3,0.29
219,0.21,0.71,0.51,0.23,0.75,0.42,0.58,0.3,0.3
220,0.2,0.7,0.49,0.22,0.74,0.41,0.58,0.28,0.28
221,0.19,0.69,0.48,0.21,0.73,0.41,0.57,0.27,0.27
222,0.18,0.68,0.47,0.21,0.72,0.39,0.58,0.26,0.27
223,0.18,0.67,0.48,0.2,0.72,0.38,0.57,0.26,0.27
224,0.17,0.67,0.46,0.19,0.71,0.37,0.54,0.26,0.25
225,0.17,0.66,0.45,0.18,0.7,0.36,0.55,0.25,0.24
226,0.17,0.65,0.44,0.18,0.69,0.36,0.52,0.24,0.24
227,0.16,0.64,0.45,0.17,0.68,0.36,0.54,0.23,0.23
228,0.15,0.64,0.43,0.17,0.68,0.34,0.51,0.23,0.23
229,0.15,0.63,0.41,0.16,0.67,0.35,0.52,0.22,0.23
230,0.14,0.62,0.39,0.16,0.66,0.32,0.54,0.21,0.22
231,0.14,0.61,0.42,0.15,0.65,0.32,0.51,0.22,0.21
232,0.14,0.6,0.39,0.14,0.64,0.3,0.51,0.21,0.2
233,0.13,0.6,0.38,0.14,0.64,0.3,0.51,0.2,0.2
234,0.13,0.59,0.39,0.14,0.63,0.29,0.49,0.19,0.19
235,0.12,0.58,0.37,0.13,0.62,0.28,0.47,0.19,0.19
236,0.12,0.57,0.35,0.13,0.61,0.28,0.49,0.18,0.18
237,0.12,0.57,0.34,0.13,0.61,0.28,0.49,0.18,0.18
238,0.11,0.56,0.36,0.12,0.6,0.27,0.46,0.18,0.18
239,0.11,0.55,0.34,0.12,0.6,0.25,0.44,0.18,0.17
240,0.11,0.54,0.35,0.11,0.59,0.23,0.43,0.16,0.17
241,0.1,0.53,0.33,0.11,0.58,0.23,0.44,0.16,0.16
242,0.1,0.53,0.33,0.11,0.57,0.23,0.46,0.16,0.16
243,0.1,0.52,0.33,0.11,0.57,0.23,0.44,0.15,0.15
244,0.1,0.51,0.31,0.1,0.56,0.23,0.44,0.15,0.15
245,0.09,0.5,0.31,0.1,0.55,0.21,0.41,0.14,0.15
246,0.09,0.5,0.3,0.1,0.54,0.22,0.39,0.14,0.14
247,0.09,0.49,0.32,0.1,0.54,0.21,0.41,0.14,0.14
248,0.09,0.49,0.33,0.09,0.53,0.21,0.41,0.13,0.14
249,0.09,0.48,0.28,0.09,0.52,0.21,0.38,0.13,0.13
250,0.09,0.47,0.27,0.09,0.51,0.18,0.39,0.12,0.13
251,0.08,0.47,0.29,0.08,0.51,0.19,0.39,0.12,0.13
252,0.08,0.46,0.27,0.08,0.5,0.18,0.38,0.12,0.13
253,0.08,0.45,0.27,0.08,0.49,0.18,0.39,0.11,0.12
254,0.08,0.44,0.26,0.08,0.48,0.17,0.38,0.12,0.12
255,0.08,0.44,0.25,0.08,0.48,0.18,0.37,0.12,0.12
256,0.08,0.43,0.26,0.08,0.48,0.16,0.37,0.11,0.11
257,0.08,0.43,0.26,0.08,0.47,0.16,0.37,0.11,0.11
258,0.07,0.42,0.25,0.08,0.46,0.16,0.35,0.11,0.11
259,0.07,0.42,0.23,0.07,0.46,0.17,0.37,0.1,0.11
260,0.07,0.41,0.23,0.07,0.45,0.16,0.35,0.1,0.11
261,0.07,0.4,0.22,0.07,0.44,0.15,0.33,0.1,0.1
262,0.07,0.4,0.22,0.07,0.44,0.15,0.37,0.1,0.1
263,0.06,0.39,0.22,0.07,0.43,0.14,0.35,0.09,0.1
264,0.06,0.38,0.23,0.07,0.42,0.14,0.33,0.09,0.1
265,0.06,0.38,0.19,0.06,0.42,0.14,0.35,0.09,0.09
266,0.06,0.37,0.19,0.06,0.41,0.14,0.3,0.08,0.09
267,0.06,0.36,0.21,0.06,0.4,0.14,0.32,0.08,0.08
268,0.06,0.36,0.18,0.06,0.4,0.13,0.33,0.08,0.08
269,0.05,0.35,0.18,0.06,0.39,0.12,0.3,0.08,0.08
270,0.05,0.35,0.19,0.06,0.39,0.11,0.29,0.08,0.08
271,0.05,0.34,0.15,0.05,0.38,0.11,0.33,0.08,0.07
272,0.05,0.33,0.18,0.05,0.37,0.1,0.29,0.07,0.07
273,0.05,0.33,0.18,0.05,0.37,0.11,0.3,0.07,0.07
274,0.05,0.32,0.17,0.05,0.36,0.11,0.27,0.07,0.07
275,0.05,0.32,0.18,0.05,0.36,0.11,0.27,0.06,0.07
276,0.05,0.31,0.18,0.05,0.35,0.09,0.25,0.06,0.06
277,0.05,0.3,0.18,0.05,0.34,0.09,0.27,0.06,0.06
278,0.05,0.3,0.15,0.04,0.34,0.09,0.25,0.06,0.07
279,0.05,0.29,0.17,0.04,0.33,0.09,0.13,0.07,0.06
280,0.05,0.29,0.15,0.04,0.33,0.09,0.29,0.06,0.06
281,0.04,0.28,0.13,0.04,0.32,0.09,0.25,0.05,0.06
282,0.04,0.27,0.13,0.04,0.31,0.08,0.25,0.06,0.06
283,0.04,0.27,0.13,0.04,0.31,0.08,0.24,0.05,0.05
284,0.04,0.26,0.13,0.04,0.3,0.07,0.22,0.05,0.06
285,0.04,0.26,0.13,0.04,0.29,0.08,0.24,0.05,0.05
286,0.04,0.26,0.36,0.04,0.29,0.07,0.22,0.05,0.05
287,0.04,0.25,0.11,0.04,0.29,0.07,0.25,0.04,0.05
288,0.04,0.24,0.13,0.04,0.28,0.07,0.25,0.04,0.04
289,0.04,0.24,0.12,0.03,0.28,0.06,0.22,0.05,0.04
290,0.03,0.23,0.11,0.03,0.27,0.06,0.22,0.04,0.04
291,0.03,0.23,0.12,0.03,0.26,0.06,0.21,0.04,0.04
292,0.03,0.22,0.1,0.03,0.26,0.06,0.22,0.04,0.04
293,0.03,0.22,0.11,0.03,0.26,0.05,0.24,0.04,0.04
294,0.03,0.21,0.11,0.03,0.25,0.05,0.19,0.04,0.03
295,0.03,0.21,0.11,0.03,0.24,0.05,0.17,0.04,0.03
296,0.03,0.2,0.1,0.03,0.24,0.06,0.19,0.03,0.04
297,0.03,0.2,0.09,0.03,0.23,0.02,0.16,0.03,0.04
298,0.03,0.2,0.09,0.03,0.23,0.04,0.19,0.03,0.04
299,0.03,0.19,0.09,0.03,0.22,0.04,0.17,0.03,0.03
300,0.03,0.19,0.07,0.03,0.22,0.04,0.19,0.03,0.03
301,0.03,0.18,0.09,0.03,0.21,0.04,0.17,0.03,0.03
302,0.02,0.17,0.1,0.02,0.21,0.03,0.19,0.02,0.02
303,0.02,0.17,0.05,0.03,0.2,0.03,0.15,0.03,0.03
304,0.02,0.17,0.07,0.02,0.2,0.02,0.16,0.03,0.03
305,0.02,0.16,0.08,0.02,0.19,0.03,0.15,0.02,0.02
306,0.02,0.16,0.07,0.03,0.19,0.02,0.16,0.02,0.02
307,0.02,0.15,0.07,0.02,0.18,0.03,0.15,0.02,0.02
308,0.02,0.15,0.07,0.02,0.18,0.04,0.15,0.02,0.02
309,0.02,0.15,0.06,0.02,0.18,0.02,0.16,0.02,0.01
310,0.02,0.14,0.06,0.02,0.17,0.02,0.15,0.01,0.02
311,0.02,0.13,0.06,0.02,0.17,0.01,0.15,0.01,0.02
312,0.02,0.13,0.05,0.02,0.16,0.03,0.16,0.01,0.02
313,0.02,0.13,0.06,0.02,0.16,0.01,0.16,0.02,0.01
314,0.02,0.12,0.05,0.02,0.16,0.02,0.16,0.01,0.01
315,0.02,0.12,0.06,0.02,0.15,0.01,0.15,0.01,0.02
316,0.02,0.12,0.05,0.02,0.15,0.01,0.15,0.01,0.01
317,0.02,0.11,0.06,0.02,0.14,0.01,0.15,0.01,0.02
318,0.02,0.11,0.05,0.02,0.14,0.01,0.13,0.01,0.01
319,0.02,0.1,0.04,0.02,0.13,0.01,0.13,0.01,0.01
320,0.02,0.1,0.05,0.01,0.13,0.01,0.13,0.01,0.01
321,0.02,0.1,0.05,0.02,0.13,0.02,0.15,0.01,0.01
322,0.01,0.09,0.05,0.02,0.12,0.01,0.13,0.01,0.01
323,0.01,0.09,0.05,0.02,0.12,0.01,0.13,0.01,0.02
324,0.01,0.09,0.06,0.02,0.11,0.01,0.11,0.01,0.01
325,0.01,0.08,0.05,0.01,0.11,0.03,0.13,0.01,0.02
326,0.01,0.08,0.03,0.02,0.1,0.01,0.16,0.01,0.01
327,0.01,0.08,0.04,0.02,0.1,0.01,0.1,0.01,0.01
328,0.02,0.07,0.04,0.01,0.1,0.01,0.11,0.01,0.01
329,0.01,0.07,0.03,0.01,0.1,0.02,0.11,0.01,0.01
330,0.01,0.07,0.03,0.01,0.09,0.01,0.11,0.01,0.01
331,0.01,0.06,0.05,0.01,0.09,0.01,0.13,0.01,0.01
332,0.01,0.06,0.04,0.01,0.08,0.0,0.1,0.01,0.0
333,0.01,0.05,0.04,0.01,0.08,0.0,0.11,0.01,0.0
334,0.01,0.05,0.03,0.01,0.08,0.0,0.1,0.01,0.0
335,0.01,0.05,0.03,0.01,0.07,0.01,0.1,0.0,0.01
336,0.01,0.05,0.03,0.01,0.07,0.0,0.08,0.01,0.01
337,0.01,0.04,0.04,0.01,0.07,0.0,0.11,0.01,0.01
338,0.01,0.04,0.04,0.01,0.06,0.01,0.13,0.01,0.0
339,0.01,0.04,0.05,0.01,0.06,0.01,0.08,0.01,0.0
340,0.01,0.04,0.03,0.01,0.06,0.0,0.1,0.01,0.01
341,0.01,0.03,0.02,0.01,0.05,0.01,0.08,0.01,0.01
342,0.01,0.03,0.03,0.0,0.05,0.0,0.08,0.01,0.01
343,0.01,0.03,0.03,0.0,0.05,0.0,0.08,0.01,0.0
344,0.0,0.02,0.02,0.0,0.04,0.01,0.1,0.01,0.01
345,0.0,0.02,0.02,0.0,0.04,0.0,0.0,0.01,0.0
346,0.0,0.02,0.01,0.0,0.04,0.0,0.08,0.01,0.01
347,0.0,0.01,0.02,0.0,0.03,0.0,0.08,0.0,0.0
348,0.0,0.01,0.03,0.01,0.03,0.01,0.08,0.01,0.0
349,0.0,0.01,0.02,0.0,0.03,0.0,0.07,0.01,0.0
350,0.0,0.0,0.0,0.0,0.03,0.0,0.07,0.01,0.0
351,0.0,0.0,0.01,0.0,0.02,0.01,0.08,0.01,0.0
352,0.0,0.0,0.01,0.0,0.02,0.0,0.05,0.01,0.0
353,0.0,0.0,0.01,0.0,0.02,0.0,0.05,0.01,0.0
354,0.0,0.0,0.01,0.0,0.02,0.0,0.05,0.01,0.0
355,0.0,0.0,0.01,0.0,0.02,0.0,0.05,0.01,0.0
356,0.0,0.0,0.01,0.0,0.02,0.0,0.05,0.01,0.0
357,0.0,0.0,0.01,0.0,0.02,0.0,0.05,0.01,0.0
358,0.0,0.0,0.01,0.0,0.02,0.0,0.05,0.01,0.0
359,0.0,0.0,0.01,0.0,0.02,0.0,0.05,0.01,0.0
360,0.0,0.0,0.01,0.0,0.02,0.0,0.05,0.01,0.0
361,0.0,0.0,0.01,0.0,0.02,0.0,0.05,0.01,0.0
362,0.0,0.0,0.01,0.0,0.02,0.0,0.05,0.01,0.0
363,0.0,0.0,0.01,0.0,0.02,0.0,0.05,0.01,0.0
364,0.0,0.0,0.01,0.0,0.02,0.0,0.05,0.01,0.0
365,0.0,0.0,0.01,0.0,0.02,0.0,0.05,0.01,0.0
366,0.0,0.0,0.01,0.0,0.02,0.0,0.05,0.01,0.0
367,0.0,0.0,0.01,0.0,0.02,0.0,0.05,0.01,0.0
368,0.0,0.0,0.01,0.0,0.02,0.0,0.05,0.01,0.0
369,0.0,0.0,0.01,0.0,0.02,0.0,0.05,0.01,0.0
370,0.0,0.0,0.01,0.0,0.02,0.0,0.05,0.01,0.0
371,0.0,0.0,0.01,0.0,0.02,0.0,0.05,0.01,0.0
372,0.0,0.0,0.01,0.0,0.02,0.0,0.05,0.01,0.0
373,0.0,0.0,0.01,0.0,0.02,0.0,0.05,0.01,0.0
374,0.0,0.0,0.01,0.0,0.02,0.0,0.05,0.01,0.0
375,0.0,0.0,0.01,0.0,0.02,0.0,0.05,0.01,0.0
376,0.0,0.0,0.01,0.0,0.02,0.0,0.05,0.01,0.0
377,0.0,0.0,0.01,0.0,0.02,0.0,0.05,0.01,0.0
378,0.0,0.0,0.01,0.0,0.02,0.0,0.05,0.01,0.0
379,0.0,0.0,0.01,0.0,0.02,0.0,0.05,0.01,0.0
380,0.0,0.0,0.01,0.0,0.02,0.0,0.05,0.01,0.0
381,0.0,0.0,0.01,0.0,0.02,0.0,0.05,0.01,0.0
382,0.0,0.0,0.01,0.0,0.02,0.0,0.05,0.01,0.0
383,0.0,0.0,0.01,0.0,0.02,0.0,0.05,0.01,0.0
384,0.0,0.0,0.01,0.0,0.02,0.0,0.05,0.01,0.0
385,0.0,0.0,0.01,0.0,0.02,0.0,0.05,0.01,0.0
386,0.0,0.0,0.01,0.0,0.02,0.0,0.05,0.01,0.0
387,0.0,0.0,0.01,0.0,0.02,0.0,0.05,0.01,0.0
388,0.0,0.0,0.01,0.0,0.02,0.0,0.05,0.01,0.0
389,0.0,0.0,0.01,0.0,0.02,0.0,0.05,0.01,0.0
390,0.0,0.0,0.01,0.0,0.02,0.0,0.05,0.01,0.0
391,0.0,0.0,0.01,0.0,0.02,0.0,0.05,0.01,0.0
392,0.0,0.0,0.01,0.0,0.02,0.0,0.05,0.01,0.0
393,0.0,0.0,0.01,0.0,0.02,0.0,0.05,0.01,0.0
394,0.0,0.0,0.01,0.0,0.02,0.0,0.05,0.01,0.0
395,0.0,0.0,0.01,0.0,0.02,0.0,0.05,0.01,0.0
396,0.0,0.0,0.01,0.0,0.02,0.0,0.05,0.01,0.0
397,0.0,0.0,0.01,0.0,0.02,0.0,0.05,0.01,0.0
398,0.0,0.0,0.01,0.0,0.02,0.0,0.05,0.01,0.0
399,0.0,0.0,0.01,0.0,0.02,0.0,0.05,0.01,0.0
400,0.0,0.0,0.01,0.0,0.02,0.0,0.05,0.01,0.0
401,0.0,0.0,0.01,0.0,0.02,0.0,0.05,0.01,0.0
402,0.0,0.0,0.01,0.0,0.02,0.0,0.05,0.01,0.0
403,0.0,0.0,0.01,0.0,0.02,0.0,0.05,0.01,0.0
404,0.0,0.0,0.01,0.0,0.02,0.0,0.05,0.01,0.0
405,0.0,0.0,0.01,0.0,0.02,0.0,0.05,0.01,0.0
406,0.0,0.0,0.01,0.0,0.02,0.0,0.05,0.01,0.0
407,0.0,0.0,0.01,0.0,0.02,0.0,0.05,0.01,0.0
408,0.0,0.0,0.01,0.0,0.02,0.0,0.05,0.01,0.0
409,0.0,0.0,0.01,0.0,0.02,0.0,0.05,0.01,0.0
410,0.0,0.0,0.01,0.0,0.02,0.0,0.05,0.01,0.0
411,0.0,0.0,0.01,0.0,0.02,0.0,0.05,0.01,0.0
412,0.0,0.0,0.01,0.0,0.02,0.0,0.05,0.01,0.0
413,0.0,0.0,0.01,0.0,0.02,0.0,0.05,0.01,0.0
414,0.0,0.0,0.01,0.0,0.02,0.0,0.05,0.01,0.0
415,0.0,0.0,0.01,0.0,0.02,0.0,0.05,0.01,0.0
416,0.0,0.0,0.01,0.0,0.02,0.0,0.05,0.01,0.0
417,0.0,0.0,0.01,0.0,0.02,0.0,0.05,0.01,0.0
418,0.0,0.0,0.01,0.0,0.02,0.0,0.05,0.01,0.0
419,0.0,0.0,0.01,0.0,0.02,0.0,0.05,0.01,0.0
420,0.0,0.0,0.01,0.0,0.02,0.0,0.05,0.01,0.0
421,0.0,0.0,0.01,0.0,0.02,0.0,0.05,0.01,0.0
422,0.0,0.0,0.01,0.0,0.02,0.0,0.05,0.01,0.0
423,0.0,0.0,0.01,0.0,0.02,0.0,0.05,0.01,0.0
424,0.0,0.0,0.01,0.0,0.02,0.0,0.05,0.01,0.0
425,0.0,0.0,0.01,0.0,0.02,0.0,0.05,0.01,0.0
426,0.0,0.0,0.01,0.0,0.02,0.0,0.05,0.01,0.0
427,0.0,0.0,0.01,0.0,0.02,0.0,0.05,0.01,0.0
428,0.0,0.0,0.01,0.0,0.02,0.0,0.05,0.01,0.0
429,0.0,0.0,0.01,0.0,0.02,0.0,0.05,0.01,0.0
430,0.0,0.0,0.01,0.0,0.02,0.0,0.05,0.01,0.0
431,0.0,0.0,0.01,0.0,0.02,0.0,0.05,0.01,0.0
432,0.0,0.0,0.01,0.0,0.02,0.0,0.05,0.01,0.0
433,0.0,0.0,0.01,0.0,0.02,0.0,0.05,0.01,0.0
434,0.0,0.0,0.01,0.0,0.02,0.0,0.05,0.01,0.0
435,0.0,0.0,0.01,0.0,0.02,0.0,0.05,0.01,0.0
436,0.0,0.0,0.01,0.0,0.02,0.0,0.05,0.01,0.0
437,0.0,0.0,0.01,0.0,0.02,0.0,0.05,0.01,0.0
438,0.0,0.0,0.01,0.0,0.02,0.0,0.05,0.01,0.0
439,0.0,0.0,0.01,0.0,0.02,0.0,0.05,0.01,0.0
440,0.0,0.0,0.01,0.0,0.02,0.0,0.05,0.01,0.0
441,0.0,0.0,0.01,0.0,0.02,0.0,0.05,0.01,0.0
442,0.0,0.0,0.01,0.0,0.02,0.0,0.05,0.01,0.0
443,0.0,0.0,0.01,0.0,0.02,0.0,0.05,0.01,0.0
444,0.0,0.0,0.01,0.0,0.02,0.0,0.05,0.01,0.0
445,0.0,0.0,0.01,0.0,0.02,0.0,0.05,0.01,0.0
446,0.0,0.0,0.01,0.0,0.02,0.0,0.05,0.01,0.0
447,0.0,0.0,0.01,0.0,0.02,0.0,0.05,0.01,0.0
448,0.0,0.0,0.01,0.0,0.02,0.0,0.05,0.01,0.0
449,0.0,0.0,0.01,0.0,0.02,0.0,0.05,0.01,0.0
450,0.0,0.0,0.01,0.0,0.02,0.0,0.05,0.01,0.0
451,0.0,0.0,0.01,0.0,0.02,0.0,0.05,0.01,0.0
452,0.0,0.0,0.01,0.0,0.02,0.0,0.05,0.01,0.0
453,0.0,0.0,0.01,0.0,0.02,0.0,0.05,0.01,0.0
454,0.0,0.0,0.01,0.0,0.02,0.0,0.05,0.01,0.0
455,0.0,0.0,0.01,0.0,0.02,0.0,0.05,0.01,0.0
456,0.0,0.0,0.01,0.0,0.02,0.0,0.05,0.01,0.0
457,0.0,0.0,0.01,0.0,0.02,0.0,0.05,0.01,0.0
458,0.0,0.0,0.01,0.0,0.02,0.0,0.05,0.01,0.0
459,0.0,0.0,0.01,0.0,0.02,0.0,0.05,0.01,0.0
460,0.0,0.0,0.01,0.0,0.02,0.0,0.05,0.01,0.0
461,0.0,0.0,0.01,0.0,0.02,0.0,0.05,0.01,0.0
462,0.0,0.0,0.01,0.0,0.02,0.0,0.05,0.01,0.0
463,0.0,0.0,0.01,0.0,0.02,0.0,0.05,0.01,0.0
464,0.0,0.0,0.01,0.0,0.02,0.0,0.05,0.01,0.0
465,0.0,0.0,0.01,0.0,0.02,0.0,0.05,0.01,0.0
466,0.0,0.0,0.01,0.0,0.02,0.0,0.05,0.01,0.0
467,0.0,0.0,0.01,0.0,0.02,0.0,0.05,0.01,0.0
468,0.0,0.0,0.01,0.0,0.02,0.0,0.05,0.01,0.0
469,0.0,0.0,0.01,0.0,0.02,0.0,0.05,0.01,0.0
470,0.0,0.0,0.01,0.0,0.02,0.0,0.05,0.01,0.0
471,0.0,0.0,0.01,0.0,0.02,0.0,0.05,0.01,0.0
472,0.0,0.0,0.01,0.0,0.02,0.0,0.05,0.01,0.0
473,0.0,0.0,0.01,0.0,0.02,0.0,0.05,0.01,0.0
474,0.0,0.0,0.01,0.0,0.02,0.0,0.05,0.01,0.0
475,0.0,0.0,0.01,0.0,0.02,0.0,0.05,0.01,0.0
476,0.0,0.0,0.01,0.0,0.02,0.0,0.05,0.01,0.0
477,0.0,0.0,0.01,0.0,0.02,0.0,0.05,0.01,0.0
478,0.0,0.0,0.01,0.0,0.02,0.0,0.05,0.01,0.0
479,0.0,0.0,0.01,0.0,0.02,0.0,0.05,0.01,0.0
480,0.0,0.0,0.01,0.0,0.02,0.0,0.05,0.01,0.0
481,0.0,0.0,0.01,0.0,0.02,0.0,0.05,0.01,0.0
482,0.0,0.0,0.01,0.0,0.02,0.0,0.05,0.01,0.0
483,0.0,0.0,0.01,0.0,0.02,0.0,0.05,0.01,0.0
484,0.0,0.0,0.01,0.0,0.02,0.0,0.05,0.01,0.0
485,0.0,0.0,0.01,0.0,0.02,0.0,0.05,0.01,0.0
486,0.0,0.0,0.01,0.0,0.02,0.0,0.05,0.01,0.0
487,0.0,0.0,0.01,0.0,0.02,0.0,0.05,0.01,0.0
488,0.0,0.0,0.01,0.0,0.02,0.0,0.05,0.01,0.0
489,0.0,0.0,0.01,0.0,0.02,0.0,0.05,0.01,0.0
490,0.0,0.0,0.01,0.0,0.02,0.0,0.05,0.01,0.0
491,0.0,0.0,0.01,0.0,0.02,0.0,0.05,0.01,0.0
492,0.0,0.0,0.01,0.0,0.02,0.0,0.05,0.01,0.0
493,0.0,0.0,0.01,0.0,0.02,0.0,0.05,0.01,0.0
494,0.0,0.0,0.01,0.0,0.02,0.0,0.05,0.01,0.0
495,0.0,0.0,0.01,0.0,0.02,0.0,0.05,0.01,0.0
496,0.0,0.0,0.01,0.0,0.02,0.0,0.05,0.01,0.0
497,0.0,0.0,0.01,0.0,0.02,0.0,0.05,0.01,0.0
498,0.0,0.0,0.01,0.0,0.02,0.0,0.05,0.01,0.0
499,0.0,0.0,0.01,0.0,0.02,0.0,0.05,0.01,0.0
500,0.0,0.0,0.01,0.0,0.02,0.0,0.05,0.01,0.0
501,0.0,0.0,0.01,0.0,0.02,0.0,0.05,0.01,0.0
502,0.0,0.0,0.01,0.0,0.02,0.0,0.05,0.01,0.0
503,0.0,0.0,0.01,0.0,0.02,0.0,0.05,0.01,0.0
504,0.0,0.0,0.01,0.0,0.02,0.0,0.05,0.01,0.0
505,0.0,0.0,0.01,0.0,0.02,0.0,0.05,0.01,0.0
506,0.0,0.0,0.01,0.0,0.02,0.0,0.05,0.01,0.0
507,0.0,0.0,0.01,0.0,0.02,0.0,0.05,0.01,0.0
508,0.0,0.0,0.01,0.0,0.02,0.0,0.05,0.01,0.0
509,0.0,0.0,0.01,0.0,0.02,0.0,0.05,0.01,0.0
510,0.0,0.0,0.01,0.0,0.02,0.0,0.05,0.01,0.0
511,0.0,0.0,0.01,0.0,0.02,0.0,0.05,0.01,0.0
