0,0.02,0.02,0.04,0.05,0.04,0.03,0.08,0.01,0.01
1,0.02,0.02,0.05,0.04,0.03,0.03,0.07,0.02,0.01
2,0.02,0.01,0.03,0.04,0.03,0.02,0.11,0.02,0.0
3,0.02,0.01,0.03,0.04,0.03,0.02,0.07,0.01,0.0
4,0.02,0.01,0.02,0.04,0.02,0.02,0.07,0.02,0.0
5,0.02,0.0,0.02,0.04,0.02,0.02,0.07,0.01,0.0
6,0.02,0.0,0.0,0.04,0.01,0.02,0.06,0.01,0.0
7,0.01,0.0,0.01,0.04,0.01,0.02,0.06,0.02,0.0
8,0.0,0.0,0.01,0.03,0.01,0.01,0.06,0.02,0.0
9,0.01,0.0,0.01,0.03,0.01,0.01,0.06,0.01,0.01
10,0.0,0.01,0.01,0.03,0.01,0.01,0.05,0.02,0.0
11,0.0,0.01,0.01,0.03,0.0,0.01,0.05,0.02,0.01
12,0.0,0.02,0.02,0.02,0.0,0.01,0.05,0.02,0.0
13,0.0,0.02,0.02,0.02,0.0,0.01,0.02,0.02,0.0
14,0.0,0.03,0.04,0.02,0.0,0.01,0.05,0.01,0.01
15,0.01,0.04,0.02,0.0,0.0,0.01,0.02,0.02,0.01
16,0.01,0.04,0.04,0.01,0.0,0.01,0.01,0.0,0.0
17,0.02,0.05,0.04,0.02,0.0,0.01,0.02,0.02,0.01
18,0.02,0.06,0.06,0.02,0.0,0.0,0.01,0.02,0.01
19,0.02,0.06,0.04,0.01,0.0,0.0,0.01,0.02,0.01
20,0.04,0.07,0.07,0.01,0.01,0.01,0.02,0.01,0.01
21,0.05,0.08,0.09,0.02,0.01,0.01,0.01,0.02,0.02
22,0.05,0.09,0.1,0.02,0.02,0.01,0.01,0.02,0.02
23,0.06,0.09,0.13,0.02,0.02,0.01,0.01,0.03,0.02
24,0.07,0.11,0.14,0.03,0.03,0.02,0.01,0.03,0.03
25,0.08,0.11,0.16,0.03,0.03,0.01,0.01,0.03,0.03
26,0.09,0.12,0.15,0.05,0.04,0.01,0.01,0.04,0.04
27,0.09,0.13,0.18,0.05,0.05,0.02,0.0,0.05,0.04
28,0.09,0.14,0.19,0.05,0.05,0.03,0.02,0.05,0.05
29,0.11,0.15,0.2,0.05,0.06,0.03,0.02,0.06,0.06
30,0.11,0.15,0.21,0.06,0.07,0.03,0.02,0.06,0.06
31,0.11,0.17,0.24,0.06,0.08,0.06,0.02,0.07,0.07
32,0.12,0.18,0.25,0.07,0.09,0.05,0.0,0.08,0.08
33,0.13,0.18,0.25,0.07,0.09,0.06,0.04,0.09,0.09
34,0.14,0.19,0.28,0.08,0.1,0.07,0.04,0.1,0.1
35,0.15,0.2,0.3,0.09,0.11,0.07,0.01,0.11,0.11
36,0.15,0.22,0.31,0.09,0.13,0.1,0.05,0.13,0.14
37,0.16,0.23,0.33,0.1,0.14,0.1,0.07,0.14,0.14
38,0.16,0.24,0.34,0.11,0.15,0.11,0.07,0.16,0.16
39,0.17,0.25,0.37,0.11,0.16,0.11,0.08,0.17,0.17
40,0.17,0.25,0.37,0.11,0.17,0.12,0.08,0.18,0.18
41,0.18,0.27,0.38,0.12,0.18,0.13,0.13,0.2,0.19
42,0.19,0.28,0.4,0.13,0.19,0.16,0.09,0.21,0.21
43,0.2,0.29,0.4,0.13,0.2,0.16,0.12,0.23,0.23
44,0.21,0.3,0.42,0.13,0.22,0.18,0.15,0.25,0.24
45,0.21,0.31,0.43,0.14,0.22,0.19,0.14,0.26,0.26
46,0.22,0.32,0.44,0.14,0.24,0.2,0.15,0.28,0.27
47,0.23,0.33,0.46,0.15,0.25,0.21,0.16,0.29,0.28
48,0.23,0.34,0.47,0.16,0.26,0.23,0.16,0.31,0.3
49,0.23,0.35,0.49,0.17,0.27,0.24,0.22,0.32,0.31
50,0.24,0.36,0.49,0.17,0.28,0.26,0.18,0.33,0.33
51,0.24,0.36,0.5,0.17,0.29,0.25,0.19,0.34,0.33
52,0.25,0.37,0.5,0.17,0.3,0.27,0.22,0.35,0.34
53,0.26,0.39,0.51,0.18,0.31,0.29,0.22,0.37,0.36
54,0.26,0.39,0.51,0.19,0.32,0.29,0.23,0.37,0.37
55,0.26,0.4,0.53,0.19,0.33,0.3,0.25,0.39,0.38
56,0.27,0.41,0.55,0.2,0.35,0.32,0.27,0.41,0.39
57,0.27,0.42,0.55,0.21,0.35,0.33,0.26,0.41,0.4
58,0.28,0.43,0.55,0.2,0.36,0.34,0.27,0.42,0.41
59,0.29,0.44,0.56,0.21,0.38,0.36,0.29,0.44,0.43
60,0.29,0.45,0.57,0.22,0.39,0.37,0.3,0.45,0.44
61,0.29,0.45,0.58,0.22,0.4,0.39,0.32,0.46,0.44
62,0.3,0.47,0.6,0.22,0.41,0.4,0.34,0.47,0.45
63,0.3,0.47,0.59,0.23,0.41,0.4,0.32,0.48,0.46
64,0.31,0.48,0.6,0.24,0.43,0.43,0.34,0.49,0.48
65,0.32,0.49,0.62,0.24,0.44,0.44,0.36,0.5,0.49
66,0.32,0.5,0.62,0.24,0.45,0.45,0.37,0.51,0.5
67,0.33,0.5,0.62,0.24,0.46,0.45,0.37,0.52,0.51
68,0.34,0.52,0.64,0.25,0.47,0.47,0.4,0.53,0.52
69,0.34,0.52,0.64,0.26,0.48,0.48,0.4,0.53,0.53
70,0.34,0.53,0.63,0.25,0.48,0.49,0.44,0.53,0.53
71,0.35,0.54,0.65,0.27,0.49,0.5,0.42,0.55,0.54
72,0.35,0.54,0.65,0.26,0.51,0.51,0.44,0.56,0.55
73,0.35,0.55,0.65,0.27,0.51,0.51,0.43,0.56,0.55
74,0.36,0.56,0.66,0.27,0.52,0.52,0.47,0.57,0.56
75,0.36,0.56,0.66,0.28,0.53,0.53,0.48,0.57,0.57
76,0.37,0.57,0.67,0.3,0.53,0.54,0.41,0.58,0.58
77,0.38,0.58,0.68,0.29,0.54,0.55,0.48,0.59,0.58
78,0.37,0.58,0.68,0.3,0.55,0.56,0.49,0.6,0.59
79,0.39,0.59,0.69,0.3,0.56,0.57,0.5,0.61,0.6
80,0.39,0.6,0.69,0.31,0.57,0.58,0.49,0.62,0.61
81,0.39,0.6,0.7,0.31,0.57,0.57,0.5,0.62,0.61
82,0.4,0.61,0.7,0.31,0.58,0.6,0.51,0.63,0.61
83,0.4,0.61,0.71,0.32,0.59,0.6,0.51,0.63,0.62
84,0.4,0.62,0.72,0.32,0.6,0.6,0.53,0.64,0.63
85,0.41,0.63,0.72,0.33,0.6,0.61,0.53,0.64,0.63
86,0.42,0.64,0.72,0.33,0.61,0.62,0.54,0.64,0.65
87,0.42,0.64,0.73,0.34,0.62,0.62,0.55,0.65,0.65
88,0.42,0.64,0.72,0.34,0.62,0.63,0.55,0.66,0.65
89,0.43,0.65,0.73,0.35,0.63,0.64,0.57,0.67,0.66
90,0.44,0.66,0.74,0.35,0.64,0.65,0.58,0.67,0.67
91,0.43,0.66,0.75,0.35,0.65,0.65,0.58,0.67,0.67
92,0.44,0.67,0.74,0.36,0.65,0.66,0.6,0.68,0.67
93,0.45,0.68,0.75,0.36,0.66,0.67,0.6,0.69,0.68
94,0.45,0.68,0.75,0.37,0.67,0.67,0.6,0.69,0.69
95,0.46,0.69,0.76,0.37,0.67,0.67,0.6,0.7,0.69
96,0.46,0.69,0.76,0.37,0.67,0.68,0.61,0.7,0.7
97,0.46,0.7,0.77,0.38,0.68,0.69,0.61,0.71,0.7
98,0.47,0.7,0.77,0.38,0.69,0.69,0.63,0.71,0.7
99,0.47,0.71,0.77,0.39,0.69,0.7,0.64,0.72,0.71
100,0.48,0.71,0.77,0.39,0.7,0.69,0.64,0.72,0.71
101,0.48,0.71,0.77,0.39,0.7,0.7,0.66,0.72,0.72
102,0.48,0.72,0.78,0.4,0.71,0.71,0.65,0.72,0.72
103,0.48,0.72,0.78,0.41,0.71,0.72,0.65,0.73,0.73
104,0.49,0.73,0.78,0.41,0.71,0.73,0.65,0.74,0.73
105,0.49,0.73,0.78,0.41,0.72,0.72,0.65,0.74,0.73
106,0.5,0.74,0.79,0.42,0.73,0.73,0.66,0.74,0.74
107,0.5,0.74,0.79,0.42,0.73,0.74,0.63,0.74,0.74
108,0.5,0.75,0.8,0.42,0.74,0.74,0.66,0.75,0.75
109,0.51,0.75,0.8,0.43,0.74,0.74,0.67,0.76,0.75
110,0.52,0.75,0.8,0.43,0.75,0.74,0.68,0.76,0.75
111,0.51,0.76,0.8,0.42,0.75,0.76,0.71,0.77,0.76
112,0.52,0.76,0.8,0.43,0.75,0.75,0.68,0.76,0.76
113,0.52,0.76,0.81,0.44,0.76,0.75,0.7,0.77,0.76
114,0.53,0.77,0.81,0.44,0.76,0.76,0.71,0.78,0.76
115,0.53,0.77,0.81,0.45,0.77,0.76,0.71,0.77,0.77
116,0.54,0.78,0.81,0.46,0.77,0.77,0.71,0.78,0.76
117,0.54,0.78,0.82,0.46,0.78,0.78,0.72,0.78,0.77
118,0.54,0.78,0.81,0.46,0.78,0.77,0.71,0.79,0.78
119,0.55,0.79,0.83,0.47,0.79,0.78,0.72,0.78,0.78
120,0.55,0.79,0.82,0.47,0.79,0.78,0.72,0.79,0.79
121,0.55,0.79,0.82,0.48,0.79,0.78,0.72,0.79,0.79
122,0.56,0.8,0.82,0.47,0.8,0.79,0.73,0.8,0.79
123,0.56,0.8,0.84,0.48,0.8,0.79,0.73,0.79,0.8
124,0.57,0.8,0.83,0.48,0.8,0.79,0.73,0.8,0.79
125,0.57,0.81,0.84,0.49,0.81,0.8,0.73,0.8,0.8
126,0.57,0.81,0.84,0.48,0.81,0.8,0.75,0.81,0.8
127,0.57,0.81,0.85,0.49,0.81,0.8,0.75,0.81,0.8
128,0.58,0.82,0.85,0.5,0.82,0.8,0.73,0.81,0.81
129,0.58,0.82,0.85,0.5,0.82,0.81,0.75,0.82,0.81
130,0.59,0.82,0.84,0.5,0.82,0.81,0.77,0.82,0.81
131,0.59,0.83,0.86,0.5,0.83,0.81,0.75,0.82,0.82
132,0.59,0.83,0.85,0.51,0.83,0.81,0.77,0.83,0.82
133,0.6,0.83,0.85,0.52,0.83,0.83,0.77,0.83,0.82
134,0.59,0.84,0.86,0.52,0.84,0.83,0.77,0.83,0.82
135,0.6,0.84,0.86,0.52,0.84,0.83,0.77,0.83,0.83
136,0.61,0.84,0.86,0.53,0.84,0.82,0.81,0.84,0.83
137,0.61,0.85,0.86,0.53,0.85,0.83,0.77,0.84,0.83
138,0.62,0.85,0.87,0.53,0.85,0.84,0.79,0.85,0.84
139,0.62,0.85,0.87,0.54,0.85,0.83,0.79,0.85,0.84
140,0.62,0.85,0.87,0.54,0.85,0.84,0.8,0.85,0.84
141,0.62,0.85,0.87,0.54,0.86,0.84,0.79,0.85,0.84
142,0.63,0.86,0.86,0.55,0.86,0.85,0.79,0.85,0.85
143,0.63,0.86,0.88,0.55,0.86,0.84,0.8,0.86,0.85
144,0.63,0.86,0.88,0.55,0.86,0.85,0.82,0.86,0.85
145,0.64,0.87,0.87,0.56,0.86,0.85,0.8,0.86,0.85
146,0.64,0.87,0.87,0.56,0.87,0.85,0.8,0.86,0.86
147,0.64,0.87,0.88,0.57,0.87,0.85,0.82,0.87,0.86
148,0.65,0.87,0.89,0.57,0.87,0.86,0.8,0.86,0.87
149,0.65,0.87,0.89,0.57,0.88,0.87,0.82,0.87,0.86
150,0.66,0.88,0.88,0.58,0.88,0.86,0.82,0.87,0.86
151,0.66,0.88,0.88,0.58,0.88,0.88,0.83,0.87,0.87
152,0.66,0.88,0.88,0.59,0.88,0.87,0.83,0.88,0.86
153,0.66,0.88,0.89,0.59,0.89,0.87,0.84,0.88,0.87
154,0.67,0.89,0.89,0.59,0.89,0.87,0.82,0.88,0.87
155,0.67,0.89,0.89,0.59,0.89,0.88,0.82,0.88,0.88
156,0.67,0.89,0.9,0.6,0.89,0.88,0.83,0.88,0.88
157,0.67,0.89,0.89,0.6,0.9,0.88,0.83,0.88,0.88
158,0.68,0.89,0.89,0.61,0.9,0.88,0.83,0.88,0.89
159,0.68,0.9,0.91,0.61,0.9,0.89,0.84,0.89,0.88
160,0.69,0.9,0.91,0.61,0.9,0.88,0.84,0.89,0.88
161,0.69,0.9,0.9,0.62,0.9,0.88,0.86,0.89,0.89
162,0.7,0.91,0.91,0.62,0.91,0.89,0.84,0.9,0.89
163,0.7,0.91,0.9,0.63,0.91,0.89,0.86,0.89,0.89
164,0.71,0.91,0.9,0.63,0.91,0.89,0.84,0.9,0.9
165,0.71,0.91,0.92,0.63,0.91,0.89,0.86,0.9,0.9
166,0.7,0.91,0.9,0.63,0.91,0.89,0.86,0.9,0.9
167,0.71,0.91,0.92,0.64,0.92,0.9,0.86,0.9,0.89
168,0.71,0.92,0.92,0.65,0.92,0.89,0.84,0.9,0.89
169,0.72,0.92,0.91,0.65,0.92,0.9,0.87,0.91,0.91
170,0.72,0.92,0.93,0.65,0.92,0.89,0.88,0.91,0.9
171,0.72,0.92,0.93,0.66,0.92,0.9,0.87,0.91,0.9
172,0.73,0.92,0.93,0.66,0.93,0.91,0.87,0.91,0.91
173,0.72,0.92,0.92,0.66,0.93,0.9,0.88,0.92,0.91
174,0.73,0.93,0.92,0.67,0.93,0.91,0.88,0.92,0.91
175,0.74,0.93,0.93,0.67,0.93,0.91,0.89,0.92,0.91
176,0.74,0.93,0.93,0.67,0.93,0.91,0.88,0.92,0.92
177,0.74,0.93,0.93,0.67,0.93,0.92,0.88,0.93,0.92
178,0.74,0.93,0.93,0.68,0.94,0.92,0.89,0.92,0.92
179,0.75,0.94,0.93,0.68,0.94,0.92,0.88,0.93,0.92
180,0.75,0.94,0.94,0.68,0.94,0.92,0.9,0.93,0.92
181,0.75,0.94,0.93,0.69,0.94,0.92,0.89,0.93,0.93
182,0.76,0.94,0.93,0.69,0.94,0.92,0.89,0.93,0.92
183,0.76,0.94,0.94,0.69,0.95,0.92,0.9,0.93,0.93
184,0.76,0.94,0.93,0.69,0.94,0.92,0.9,0.93,0.92
185,0.77,0.94,0.94,0.7,0.95,0.94,0.89,0.94,0.93
186,0.76,0.94,0.94,0.7,0.95,0.92,0.91,0.93,0.93
187,0.77,0.95,0.94,0.71,0.95,0.93,0.9,0.94,0.93
188,0.77,0.95,0.94,0.71,0.95,0.94,0.89,0.94,0.93
189,0.77,0.95,0.94,0.72,0.95,0.93,0.9,0.94,0.93
190,0.78,0.95,0.95,0.71,0.95,0.94,0.9,0.94,0.94
191,0.78,0.95,0.95,0.72,0.96,0.93,0.91,0.94,0.94
192,0.78,0.95,0.94,0.72,0.96,0.94,0.92,0.95,0.94
193,0.79,0.96,0.95,0.72,0.96,0.94,0.89,0.95,0.94
194,0.79,0.96,0.94,0.74,0.96,0.94,0.9,0.95,0.94
195,0.8,0.96,0.95,0.73,0.96,0.94,0.91,0.95,0.94
196,0.8,0.96,0.95,0.74,0.96,0.94,0.91,0.95,0.94
197,0.8,0.96,0.95,0.75,0.96,0.95,0.89,0.95,0.95
198,0.81,0.97,0.96,0.75,0.96,0.95,0.91,0.96,0.95
199,0.81,0.96,0.95,0.75,0.97,0.95,0.93,0.96,0.95
200,0.81,0.97,0.96,0.76,0.97,0.95,0.91,0.96,0.95
201,0.81,0.97,0.95,0.76,0.97,0.95,0.93,0.96,0.96
202,0.82,0.97,0.97,0.76,0.97,0.94,0.93,0.96,0.96
203,0.82,0.97,0.96,0.77,0.97,0.96,0.92,0.97,0.96
204,0.82,0.97,0.95,0.78,0.97,0.95,0.92,0.96,0.96
205,0.82,0.97,0.95,0.77,0.97,0.95,0.96,0.96,0.97
206,0.83,0.97,0.96,0.78,0.98,0.95,0.95,0.97,0.97
207,0.83,0.98,0.97,0.79,0.98,0.96,0.95,0.97,0.96
208,0.84,0.98,0.97,0.79,0.98,0.97,0.95,0.97,0.97
209,0.84,0.98,0.97,0.78,0.98,0.96,0.93,0.97,0.97
210,0.84,0.98,0.97,0.79,0.98,0.96,0.95,0.97,0.97
211,0.85,0.98,0.97,0.79,0.98,0.97,0.95,0.97,0.97
212,0.84,0.98,0.97,0.79,0.98,0.97,0.95,0.97,0.97
213,0.85,0.98,0.98,0.79,0.98,0.97,0.95,0.98,0.97
214,0.85,0.98,0.98,0.8,0.99,0.97,0.96,0.98,0.97
215,0.85,0.98,0.98,0.8,0.98,0.97,0.96,0.98,0.97
216,0.85,0.99,0.97,0.8,0.99,0.98,0.96,0.98,0.97
217,0.86,0.99,0.98,0.81,0.99,0.97,0.96,0.98,0.98
218,0.86,0.99,0.98,0.82,0.99,0.97,0.99,0.98,0.98
219,0.86,0.99,0.98,0.82,0.99,0.98,0.96,0.99,0.98
220,0.86,0.99,0.98,0.83,0.99,0.97,0.95,0.99,0.98
221,0.87,0.99,0.98,0.83,0.99,0.98,0.96,0.99,0.98
222,0.87,0.99,0.98,0.83,0.99,0.98,0.98,0.99,0.98
223,0.88,0.99,0.97,0.83,0.99,0.98,0.98,0.99,0.98
224,0.88,0.99,0.98,0.83,0.99,0.98,0.98,0.99,0.98
225,0.88,1.0,0.98,0.84,1.0,0.99,0.98,0.99,0.99
226,0.88,1.0,0.99,0.84,1.0,0.98,0.98,0.99,0.99
227,0.89,1.0,0.98,0.84,1.0,0.98,0.98,0.99,0.99
228,0.89,1.0,0.99,0.85,1.0,0.99,0.97,1.0,0.99
229,0.91,1.0,0.99,0.86,1.0,1.0,0.98,1.0,1.0
230,0.94,1.0,1.0,0.89,1.0,0.98,0.99,0.99,0.99
231,0.96,1.0,0.99,0.91,1.0,0.99,1.0,1.0,0.99
232,0.99,0.99,0.98,0.97,0.99,0.98,0.98,0.98,0.97
233,1.0,0.99,0.96,0.99,0.99,0.98,0.96,0.96,0.95
234,1.0,0.98,0.97,0.99,0.99,0.98,0.97,0.95,0.95
235,1.0,0.98,0.95,1.0,0.98,0.97,0.97,0.93,0.92
236,0.99,0.97,0.95,1.0,0.98,0.95,0.93,0.92,0.91
237,0.97,0.97,0.93,0.99,0.97,0.94,0.92,0.88,0.87
238,0.97,0.96,0.93,0.99,0.97,0.93,0.91,0.88,0.86
239,0.95,0.96,0.92,0.97,0.96,0.92,0.89,0.84,0.83
240,0.93,0.95,0.9,0.95,0.95,0.91,0.87,0.81,0.8
241,0.89,0.94,0.88,0.93,0.94,0.89,0.84,0.77,0.76
242,0.88,0.93,0.88,0.9,0.94,0.88,0.84,0.74,0.73
243,0.87,0.93,0.88,0.89,0.94,0.87,0.84,0.73,0.72
244,0.86,0.92,0.86,0.88,0.93,0.86,0.84,0.71,0.69
245,0.83,0.92,0.86,0.86,0.92,0.85,0.81,0.68,0.67
246,0.82,0.91,0.86,0.84,0.92,0.84,0.8,0.66,0.65
247,0.8,0.9,0.85,0.81,0.91,0.83,0.77,0.64,0.63
248,0.76,0.89,0.82,0.78,0.9,0.81,0.79,0.6,0.59
249,0.75,0.88,0.81,0.77,0.89,0.8,0.77,0.59,0.58
250,0.7,0.87,0.8,0.73,0.88,0.78,0.75,0.56,0.55
251,0.7,0.87,0.81,0.73,0.88,0.78,0.74,0.55,0.53
252,0.69,0.86,0.8,0.71,0.87,0.77,0.73,0.53,0.52
253,0.67,0.85,0.78,0.7,0.86,0.77,0.73,0.52,0.51
254,0.65,0.84,0.78,0.67,0.85,0.75,0.72,0.5,0.49
255,0.63,0.84,0.77,0.66,0.85,0.73,0.71,0.48,0.47
256,0.61,0.83,0.76,0.64,0.84,0.73,0.71,0.48,0.46
257,0.6,0.82,0.75,0.63,0.84,0.71,0.7,0.46,0.46
258,0.59,0.81,0.74,0.61,0.83,0.71,0.68,0.45,0.44
259,0.57,0.8,0.74,0.6,0.82,0.69,0.68,0.43,0.43
260,0.55,0.79,0.73,0.57,0.81,0.69,0.66,0.42,0.41
261,0.55,0.79,0.76,0.57,0.81,0.67,0.66,0.41,0.41
262,0.53,0.78,0.71,0.55,0.8,0.67,0.66,0.4,0.39
263,0.52,0.77,0.72,0.54,0.79,0.66,0.65,0.39,0.38
264,0.5,0.77,0.7,0.53,0.79,0.65,0.65,0.38,0.38
265,0.5,0.76,0.7,0.52,0.78,0.64,0.64,0.37,0.37
266,0.5,0.76,0.7,0.51,0.78,0.65,0.64,0.37,0.36
267,0.48,0.74,0.68,0.5,0.77,0.64,0.63,0.35,0.35
268,0.47,0.74,0.68,0.49,0.76,0.63,0.64,0.35,0.35
269,0.45,0.72,0.65,0.47,0.75,0.61,0.61,0.33,0.33
270,0.43,0.72,0.65,0.46,0.74,0.6,0.58,0.33,0.32
271,0.43,0.71,0.65,0.46,0.74,0.59,0.61,0.32,0.32
272,0.42,0.7,0.64,0.44,0.73,0.58,0.6,0.31,0.31
273,0.41,0.69,0.63,0.44,0.72,0.57,0.6,0.3,0.3
274,0.4,0.69,0.64,0.42,0.71,0.56,0.6,0.3,0.3
275,0.39,0.67,0.62,0.42,0.7,0.55,0.58,0.29,0.28
276,0.39,0.67,0.61,0.41,0.7,0.55,0.57,0.28,0.28
277,0.37,0.66,0.6,0.39,0.69,0.53,0.57,0.28,0.27
278,0.35,0.65,0.59,0.37,0.67,0.52,0.55,0.27,0.26
279,0.35,0.64,0.58,0.38,0.67,0.52,0.58,0.27,0.26
280,0.35,0.64,0.59,0.37,0.66,0.51,0.56,0.25,0.25
281,0.34,0.62,0.57,0.36,0.65,0.5,0.55,0.24,0.25
282,0.33,0.62,0.56,0.35,0.65,0.5,0.55,0.24,0.24
283,0.32,0.6,0.55,0.34,0.63,0.48,0.54,0.23,0.23
284,0.32,0.6,0.54,0.34,0.63,0.48,0.54,0.23,0.23
285,0.3,0.59,0.54,0.33,0.62,0.47,0.54,0.22,0.22
286,0.3,0.58,0.53,0.33,0.61,0.46,0.51,0.22,0.22
287,0.29,0.57,0.54,0.31,0.6,0.45,0.51,0.21,0.21
288,0.29,0.57,0.51,0.32,0.6,0.45,0.5,0.21,0.21
289,0.28,0.56,0.51,0.31,0.59,0.44,0.55,0.2,0.2
290,0.27,0.55,0.5,0.31,0.59,0.43,0.49,0.19,0.19
291,0.27,0.54,0.49,0.3,0.57,0.42,0.49,0.2,0.19
292,0.27,0.53,0.49,0.29,0.57,0.42,0.49,0.19,0.19
293,0.26,0.53,0.48,0.29,0.56,0.41,0.49,0.18,0.19
294,0.25,0.52,0.48,0.29,0.55,0.4,0.47,0.18,0.18
295,0.25,0.51,0.46,0.27,0.55,0.4,0.47,0.18,0.17
296,0.24,0.51,0.46,0.26,0.54,0.39,0.41,0.17,0.17
297,0.24,0.5,0.45,0.26,0.53,0.39,0.46,0.17,0.17
298,0.24,0.49,0.44,0.27,0.53,0.38,0.46,0.16,0.17
299,0.23,0.48,0.44,0.25,0.52,0.37,0.44,0.16,0.16
300,0.23,0.48,0.44,0.25,0.52,0.37,0.41,0.16,0.16
301,0.22,0.47,0.43,0.24,0.5,0.36,0.43,0.16,0.16
302,0.21,0.46,0.42,0.24,0.49,0.35,0.43,0.14,0.14
303,0.21,0.45,0.4,0.23,0.49,0.34,0.42,0.14,0.15
304,0.2,0.45,0.41,0.23,0.49,0.34,0.42,0.14,0.14
305,0.2,0.43,0.4,0.23,0.47,0.33,0.41,0.14,0.14
306,0.19,0.43,0.39,0.22,0.46,0.31,0.41,0.13,0.13
307,0.19,0.42,0.38,0.22,0.45,0.31,0.41,0.12,0.13
308,0.19,0.42,0.38,0.21,0.45,0.31,0.4,0.13,0.13
309,0.18,0.4,0.36,0.2,0.44,0.3,0.4,0.12,0.12
310,0.18,0.4,0.36,0.22,0.44,0.3,0.4,0.12,0.12
311,0.17,0.39,0.35,0.2,0.43,0.29,0.37,0.11,0.11
312,0.17,0.38,0.34,0.2,0.42,0.28,0.37,0.11,0.12
313,0.16,0.38,0.33,0.2,0.41,0.27,0.37,0.11,0.11
314,0.16,0.37,0.33,0.21,0.41,0.27,0.36,0.11,0.11
315,0.16,0.36,0.33,0.19,0.4,0.27,0.36,0.1,0.11
316,0.16,0.36,0.33,0.19,0.39,0.26,0.35,0.1,0.1
317,0.15,0.35,0.32,0.18,0.38,0.25,0.34,0.1,0.1
318,0.15,0.35,0.31,0.18,0.38,0.25,0.34,0.1,0.09
319,0.15,0.33,0.3,0.18,0.37,0.25,0.34,0.09,0.09
320,0.14,0.32,0.3,0.17,0.36,0.24,0.33,0.08,0.09
321,0.13,0.32,0.28,0.17,0.35,0.23,0.33,0.08,0.08
322,0.14,0.32,0.29,0.17,0.35,0.23,0.32,0.09,0.08
323,0.13,0.3,0.28,0.17,0.34,0.24,0.32,0.08,0.08
324,0.13,0.3,0.27,0.16,0.33,0.22,0.32,0.08,0.07
325,0.12,0.29,0.27,0.15,0.33,0.21,0.32,0.08,0.07
326,0.12,0.28,0.26,0.15,0.31,0.2,0.3,0.07,0.08
327,0.12,0.28,0.25,0.15,0.31,0.2,0.29,0.07,0.07
328,0.12,0.27,0.24,0.15,0.3,0.19,0.29,0.07,0.07
329,0.11,0.26,0.24,0.14,0.29,0.19,0.27,0.06,0.07
330,0.11,0.26,0.24,0.13,0.29,0.19,0.27,0.07,0.06
331,0.11,0.25,0.23,0.14,0.28,0.18,0.28,0.06,0.06
332,0.1,0.24,0.22,0.14,0.27,0.17,0.25,0.06,0.06
333,0.1,0.23,0.22,0.13,0.26,0.17,0.26,0.06,0.05
334,0.08,0.23,0.21,0.13,0.26,0.17,0.25,0.05,0.05
335,0.09,0.22,0.21,0.13,0.25,0.17,0.23,0.05,0.05
336,0.1,0.22,0.2,0.13,0.24,0.16,0.23,0.05,0.05
337,0.09,0.21,0.19,0.12,0.24,0.15,0.23,0.05,0.04
338,0.09,0.21,0.2,0.13,0.23,0.15,0.23,0.04,0.05
339,0.09,0.2,0.17,0.13,0.22,0.14,0.22,0.04,0.04
340,0.09,0.19,0.18,0.12,0.22,0.14,0.25,0.04,0.04
341,0.09,0.18,0.17,0.12,0.21,0.13,0.22,0.03,0.04
342,0.08,0.18,0.17,0.11,0.2,0.12,0.21,0.04,0.04
343,0.09,0.17,0.16,0.12,0.2,0.12,0.21,0.04,0.03
344,0.08,0.17,0.15,0.11,0.19,0.12,0.2,0.03,0.03
345,0.08,0.16,0.15,0.1,0.19,0.12,0.2,0.04,0.03
346,0.07,0.16,0.15,0.11,0.18,0.14,0.19,0.04,0.03
347,0.07,0.16,0.14,0.1,0.18,0.11,0.19,0.03,0.03
348,0.07,0.14,0.13,0.1,0.17,0.11,0.18,0.03,0.03
349,0.07,0.14,0.15,0.1,0.17,0.11,0.19,0.03,0.03
350,0.07,0.13,0.13,0.1,0.16,0.1,0.16,0.03,0.02
351,0.07,0.13,0.13,0.1,0.15,0.1,0.2,0.02,0.02
352,0.06,0.13,0.12,0.09,0.15,0.1,0.15,0.03,0.02
353,0.07,0.12,0.12,0.09,0.14,0.09,0.16,0.03,0.02
354,0.06,0.12,0.12,0.09,0.14,0.09,0.15,0.03,0.02
355,0.06,0.11,0.11,0.09,0.13,0.08,0.15,0.02,0.02
356,0.05,0.11,0.11,0.09,0.13,0.09,0.15,0.02,0.03
357,0.05,0.1,0.1,0.08,0.12,0.08,0.14,0.02,0.02
358,0.06,0.1,0.09,0.07,0.12,0.07,0.15,0.03,0.02
359,0.05,0.09,0.09,0.07,0.11,0.07,0.16,0.02,0.02
360,0.05,0.09,0.1,0.07,0.11,0.07,0.14,0.02,0.02
361,0.05,0.08,0.09,0.07,0.1,0.06,0.14,0.02,0.01
362,0.05,0.08,0.09,0.07,0.09,0.06,0.12,0.02,0.01
363,0.05,0.07,0.09,0.07,0.09,0.06,0.13,0.02,0.02
364,0.04,0.07,0.06,0.07,0.08,0.06,0.12,0.03,0.02
365,0.04,0.06,0.07,0.07,0.08,0.06,0.12,0.02,0.01
366,0.05,0.06,0.07,0.06,0.08,0.05,0.09,0.02,0.01
367,0.04,0.05,0.06,0.06,0.07,0.06,0.12,0.02,0.01
368,0.04,0.05,0.06,0.07,0.07,0.05,0.08,0.01,0.01
369,0.04,0.05,0.06,0.06,0.06,0.04,0.11,0.02,0.01
370,0.03,0.04,0.06,0.05,0.06,0.04,0.09,0.02,0.01
371,0.04,0.04,0.05,0.06,0.05,0.04,0.09,0.02,0.01
372,0.03,0.03,0.05,0.06,0.05,0.04,0.08,0.02,0.01
373,0.03,0.03,0.02,0.05,0.05,0.04,0.07,0.02,0.01
374,0.03,0.03,0.04,0.05,0.04,0.03,0.08,0.02,0.01
375,0.03,0.03,0.04,0.05,0.04,0.03,0.08,0.02,0.01
376,0.03,0.03,0.04,0.05,0.04,0.03,0.08,0.02,0.01
377,0.03,0.03,0.04,0.05,0.04,0.03,0.08,0.02,0.01
378,0.03,0.03,0.04,0.05,0.04,0.03,0.08,0.02,0.01
379,0.03,0.03,0.04,0.05,0.04,0.03,0.08,0.02,0.01
380,0.03,0.03,0.04,0.05,0.04,0.03,0.08,0.02,0.01
381,0.03,0.03,0.04,0.05,0.04,0.03,0.08,0.02,0.01
382,0.03,0.03,0.04,0.05,0.04,0.03,0.08,0.02,0.01
383,0.03,0.03,0.04,0.05,0.04,0.03,0.08,0.02,0.01
384,0.03,0.03,0.04,0.05,0.04,0.03,0.08,0.02,0.01
385,0.03,0.03,0.04,0.05,0.04,0.03,0.08,0.02,0.01
386,0.03,0.03,0.04,0.05,0.04,0.03,0.08,0.02,0.01
387,0.03,0.03,0.04,0.05,0.04,0.03,0.08,0.02,0.01
388,0.03,0.03,0.04,0.05,0.04,0.03,0.08,0.02,0.01
389,0.03,0.03,0.04,0.05,0.04,0.03,0.08,0.02,0.01
390,0.03,0.03,0.04,0.05,0.04,0.03,0.08,0.02,0.01
391,0.03,0.03,0.04,0.05,0.04,0.03,0.08,0.02,0.01
392,0.03,0.03,0.04,0.05,0.04,0.03,0.08,0.02,0.01
393,0.03,0.03,0.04,0.05,0.04,0.03,0.08,0.02,0.01
394,0.03,0.03,0.04,0.05,0.04,0.03,0.08,0.02,0.01
395,0.03,0.03,0.04,0.05,0.04,0.03,0.08,0.02,0.01
396,0.03,0.03,0.04,0.05,0.04,0.03,0.08,0.02,0.01
397,0.03,0.03,0.04,0.05,0.04,0.03,0.08,0.02,0.01
398,0.03,0.03,0.04,0.05,0.04,0.03,0.08,0.02,0.01
399,0.03,0.03,0.04,0.05,0.04,0.03,0.08,0.02,0.01
400,0.03,0.03,0.04,0.05,0.04,0.03,0.08,0.02,0.01
401,0.03,0.03,0.04,0.05,0.04,0.03,0.08,0.02,0.01
402,0.03,0.03,0.04,0.05,0.04,0.03,0.08,0.02,0.01
403,0.03,0.03,0.04,0.05,0.04,0.03,0.08,0.02,0.01
404,0.03,0.03,0.04,0.05,0.04,0.03,0.08,0.02,0.01
405,0.03,0.03,0.04,0.05,0.04,0.03,0.08,0.02,0.01
406,0.03,0.03,0.04,0.05,0.04,0.03,0.08,0.02,0.01
407,0.03,0.03,0.04,0.05,0.04,0.03,0.08,0.02,0.01
408,0.03,0.03,0.04,0.05,0.04,0.03,0.08,0.02,0.01
409,0.03,0.03,0.04,0.05,0.04,0.03,0.08,0.02,0.01
410,0.03,0.03,0.04,0.05,0.04,0.03,0.08,0.02,0.01
411,0.03,0.03,0.04,0.05,0.04,0.03,0.08,0.02,0.01
412,0.03,0.03,0.04,0.05,0.04,0.03,0.08,0.02,0.01
413,0.03,0.03,0.04,0.05,0.04,0.03,0.08,0.02,0.01
414,0.03,0.03,0.04,0.05,0.04,0.03,0.08,0.02,0.01
415,0.03,0.03,0.04,0.05,0.04,0.03,0.08,0.02,0.01
416,0.03,0.03,0.04,0.05,0.04,0.03,0.08,0.02,0.01
417,0.03,0.03,0.04,0.05,0.04,0.03,0.08,0.02,0.01
418,0.03,0.03,0.04,0.05,0.04,0.03,0.08,0.02,0.01
419,0.03,0.03,0.04,0.05,0.04,0.03,0.08,0.02,0.01
420,0.03,0.03,0.04,0.05,0.04,0.03,0.08,0.02,0.01
421,0.03,0.03,0.04,0.05,0.04,0.03,0.08,0.02,0.01
422,0.03,0.03,0.04,0.05,0.04,0.03,0.08,0.02,0.01
423,0.03,0.03,0.04,0.05,0.04,0.03,0.08,0.02,0.01
424,0.03,0.03,0.04,0.05,0.04,0.03,0.08,0.02,0.01
425,0.03,0.03,0.04,0.05,0.04,0.03,0.08,0.02,0.01
426,0.03,0.03,0.04,0.05,0.04,0.03,0.08,0.02,0.01
427,0.03,0.03,0.04,0.05,0.04,0.03,0.08,0.02,0.01
428,0.03,0.03,0.04,0.05,0.04,0.03,0.08,0.02,0.01
429,0.03,0.03,0.04,0.05,0.04,0.03,0.08,0.02,0.01
430,0.03,0.03,0.04,0.05,0.04,0.03,0.08,0.02,0.01
431,0.03,0.03,0.04,0.05,0.04,0.03,0.08,0.02,0.01
432,0.03,0.03,0.04,0.05,0.04,0.03,0.08,0.02,0.01
433,0.03,0.03,0.04,0.05,0.04,0.03,0.08,0.02,0.01
434,0.03,0.03,0.04,0.05,0.04,0.03,0.08,0.02,0.01
435,0.03,0.03,0.04,0.05,0.04,0.03,0.08,0.02,0.01
436,0.03,0.03,0.04,0.05,0.04,0.03,0.08,0.02,0.01
437,0.03,0.03,0.04,0.05,0.04,0.03,0.08,0.02,0.01
438,0.03,0.03,0.04,0.05,0.04,0.03,0.08,0.02,0.01
439,0.03,0.03,0.04,0.05,0.04,0.03,0.08,0.02,0.01
440,0.03,0.03,0.04,0.05,0.04,0.03,0.08,0.02,0.01
441,0.03,0.03,0.04,0.05,0.04,0.03,0.08,0.02,0.01
442,0.03,0.03,0.04,0.05,0.04,0.03,0.08,0.02,0.01
443,0.03,0.03,0.04,0.05,0.04,0.03,0.08,0.02,0.01
444,0.03,0.03,0.04,0.05,0.04,0.03,0.08,0.02,0.01
445,0.03,0.03,0.04,0.05,0.04,0.03,0.08,0.02,0.01
446,0.03,0.03,0.04,0.05,0.04,0.03,0.08,0.02,0.01
447,0.03,0.03,0.04,0.05,0.04,0.03,0.08,0.02,0.01
448,0.03,0.03,0.04,0.05,0.04,0.03,0.08,0.02,0.01
449,0.03,0.03,0.04,0.05,0.04,0.03,0.08,0.02,0.01
450,0.03,0.03,0.04,0.05,0.04,0.03,0.08,0.02,0.01
451,0.03,0.03,0.04,0.05,0.04,0.03,0.08,0.02,0.01
452,0.03,0.03,0.04,0.05,0.04,0.03,0.08,0.02,0.01
453,0.03,0.03,0.04,0.05,0.04,0.03,0.08,0.02,0.01
454,0.03,0.03,0.04,0.05,0.04,0.03,0.08,0.02,0.01
455,0.03,0.03,0.04,0.05,0.04,0.03,0.08,0.02,0.01
456,0.03,0.03,0.04,0.05,0.04,0.03,0.08,0.02,0.01
457,0.03,0.03,0.04,0.05,0.04,0.03,0.08,0.02,0.01
458,0.03,0.03,0.04,0.05,0.04,0.03,0.08,0.02,0.01
459,0.03,0.03,0.04,0.05,0.04,0.03,0.08,0.02,0.01
460,0.03,0.03,0.04,0.05,0.04,0.03,0.08,0.02,0.01
461,0.03,0.03,0.04,0.05,0.04,0.03,0.08,0.02,0.01
462,0.03,0.03,0.04,0.05,0.04,0.03,0.08,0.02,0.01
463,0.03,0.03,0.04,0.05,0.04,0.03,0.08,0.02,0.01
464,0.03,0.03,0.04,0.05,0.04,0.03,0.08,0.02,0.01
465,0.03,0.03,0.04,0.05,0.04,0.03,0.08,0.02,0.01
466,0.03,0.03,0.04,0.05,0.04,0.03,0.08,0.02,0.01
467,0.03,0.03,0.04,0.05,0.04,0.03,0.08,0.02,0.01
468,0.03,0.03,0.04,0.05,0.04,0.03,0.08,0.02,0.01
469,0.03,0.03,0.04,0.05,0.04,0.03,0.08,0.02,0.01
470,0.03,0.03,0.04,0.05,0.04,0.03,0.08,0.02,0.01
471,0.03,0.03,0.04,0.05,0.04,0.03,0.08,0.02,0.01
472,0.03,0.03,0.04,0.05,0.04,0.03,0.08,0.02,0.01
473,0.03,0.03,0.04,0.05,0.04,0.03,0.08,0.02,0.01
474,0.03,0.03,0.04,0.05,0.04,0.03,0.08,0.02,0.01
475,0.03,0.03,0.04,0.05,0.04,0.03,0.08,0.02,0.01
476,0.03,0.03,0.04,0.05,0.04,0.03,0.08,0.02,0.01
477,0.03,0.03,0.04,0.05,0.04,0.03,0.08,0.02,0.01
478,0.03,0.03,0.04,0.05,0.04,0.03,0.08,0.02,0.01
479,0.03,0.03,0.04,0.05,0.04,0.03,0.08,0.02,0.01
480,0.03,0.03,0.04,0.05,0.04,0.03,0.08,0.02,0.01
481,0.03,0.03,0.04,0.05,0.04,0.03,0.08,0.02,0.01
482,0.03,0.03,0.04,0.05,0.04,0.03,0.08,0.02,0.01
483,0.03,0.03,0.04,0.05,0.04,0.03,0.08,0.02,0.01
484,0.03,0.03,0.04,0.05,0.04,0.03,0.08,0.02,0.01
485,0.03,0.03,0.04,0.05,0.04,0.03,0.08,0.02,0.01
486,0.03,0.03,0.04,0.05,0.04,0.03,0.08,0.02,0.01
487,0.03,0.03,0.04,0.05,0.04,0.03,0.08,0.02,0.01
488,0.03,0.03,0.04,0.05,0.04,0.03,0.08,0.02,0.01
489,0.03,0.03,0.04,0.05,0.04,0.03,0.08,0.02,0.01
490,0.03,0.03,0.04,0.05,0.04,0.03,0.08,0.02,0.01
491,0.03,0.03,0.04,0.05,0.04,0.03,0.08,0.02,0.01
492,0.03,0.03,0.04,0.05,0.04,0.03,0.08,0.02,0.01
493,0.03,0.03,0.04,0.05,0.04,0.03,0.08,0.02,0.01
494,0.03,0.03,0.04,0.05,0.04,0.03,0.08,0.02,0.01
495,0.03,0.03,0.04,0.05,0.04,0.03,0.08,0.02,0.01
496,0.03,0.03,0.04,0.05,0.04,0.03,0.08,0.02,0.01
497,0.03,0.03,0.04,0.05,0.04,0.03,0.08,0.02,0.01
498,0.03,0.03,0.04,0.05,0.04,0.03,0.08,0.02,0.01
499,0.03,0.03,0.04,0.05,0.04,0.03,0.08,0.02,0.01
500,0.03,0.03,0.04,0.05,0.04,0.03,0.08,0.02,0.01
501,0.03,0.03,0.04,0.05,0.04,0.03,0.08,0.02,0.01
502,0.03,0.03,0.04,0.05,0.04,0.03,0.08,0.02,0.01
503,0.03,0.03,0.04,0.05,0.04,0.03,0.08,0.02,0.01
504,0.03,0.03,0.04,0.05,0.04,0.03,0.08,0.02,0.01
505,0.03,0.03,0.04,0.05,0.04,0.03,0.08,0.02,0.01
506,0.03,0.03,0.04,0.05,0.04,0.03,0.08,0.02,0.01
507,0.03,0.03,0.04,0.05,0.04,0.03,0.08,0.02,0.01
508,0.03,0.03,0.04,0.05,0.04,0.03,0.08,0.02,0.01
509,0.03,0.03,0.04,0.05,0.04,0.03,0.08,0.02,0.01
510,0.03,0.03,0.04,0.05,0.04,0.03,0.08,0.02,0.01
511,0.03,0.03,0.04,0.05,0.04,0.03,0.08,0.02,0.01
