2.0,103737.0,69.168,117.0,117.0,44.1075,44413.5,29.614,51.0,51.0,19.0407,130590.5,87.0713,146.0,146.0,55.8457,65783.0,43.8653,72.0,72.0,25.9085,344712.5,229.852,367.0,367.0,146.0677,416260.0,277.5647,442.0,442.0,177.8444,390048.0,260.0667,422.0,422.0,165.4351,401962.5,268.0133,442.0,442.0,171.4622
3.0,118737.5,79.1833,135.0,135.0,52.6509,95581.0,63.746,114.0,114.0,45.2102,174089.0,116.096,196.0,196.0,78.326,44168.5,29.4627,47.0,47.0,10.6189,109569.0,73.07,131.0,131.0,49.7636,127133.5,84.7853,152.0,152.0,57.9783,109003.0,72.6873,128.0,128.0,47.6645,110925.0,73.9713,131.0,131.0,48.1101
4.0,135676.5,90.4747,152.0,152.0,62.274,81332.5,54.236,96.0,96.0,37.7351,240548.0,160.412,258.0,258.0,109.4964,315919.5,210.708,364.0,364.0,150.13,301528.5,201.094,348.0,348.0,144.7918,367478.0,245.0833,426.0,426.0,179.4994,352882.5,235.3233,409.0,409.0,167.9386,325378.5,216.988,382.0,382.0,156.2584
2.0,108621.0,72.4227,129.0,129.0,50.8566,46954.0,31.3067,57.0,57.0,21.4948,173194.0,115.474,198.0,198.0,82.0055,168103.5,112.1013,172.0,172.0,59.1119,230864.5,153.932,273.0,273.0,109.0779,282583.0,188.4207,337.0,337.0,134.2712,254802.5,169.886,319.0,319.0,122.1149,247718.0,165.1653,305.0,305.0,118.0419
4.0,92961.5,61.984,102.0,102.0,39.4682,59741.0,39.832,71.0,71.0,25.9941,195484.0,130.3387,206.0,206.0,82.4234,290089.0,193.45,321.0,321.0,124.6153,179572.0,119.738,208.0,208.0,78.8268,238474.5,159.0187,277.0,277.0,104.7375,212067.5,141.4013,257.0,257.0,93.1753,187937.0,125.3133,233.0,233.0,83.1727
3.0,104859.5,69.92,127.0,127.0,50.9251,90313.0,60.2247,111.0,111.0,44.9765,152591.0,101.7487,188.0,188.0,74.3284,58864.0,39.2567,54.0,54.0,14.5618,93042.5,62.0393,122.0,122.0,45.5591,109636.0,73.106,147.0,147.0,55.4695,101804.0,67.8773,139.0,139.0,50.679,97793.5,65.2047,134.0,134.0,48.0906
4.0,87067.0,58.0507,102.0,102.0,39.1319,50060.0,33.3767,68.0,68.0,24.2504,165932.0,110.6313,186.0,186.0,77.108,198638.0,132.4533,231.0,231.0,84.9774,220748.0,147.1887,280.0,280.0,103.9852,275508.5,183.706,347.0,347.0,131.3645,247298.5,164.884,315.0,315.0,116.9197,237256.0,158.19,315.0,315.0,112.4854
3.0,90649.0,60.4427,101.0,101.0,37.638,62116.5,41.4227,71.0,71.0,26.2259,123783.5,82.5373,139.0,139.0,52.623,80647.5,53.7867,78.0,78.0,22.5338,128957.5,85.9867,141.0,141.0,52.8352,153735.0,102.5107,170.0,170.0,63.9328,133358.0,88.9173,148.0,148.0,55.0639,135134.5,90.1033,147.0,147.0,54.8433
4.0,107417.5,71.6213,118.0,118.0,44.2943,58475.0,38.99,63.0,63.0,23.8124,183646.0,122.4467,197.0,197.0,76.9833,162774.0,108.5433,175.0,175.0,69.5742,326315.5,217.5867,345.0,345.0,136.6415,401640.0,267.8187,426.0,426.0,170.3881,366455.0,244.3387,399.0,399.0,154.3562,366902.0,244.6393,405.0,405.0,154.7222
3.0,100964.0,67.3187,127.0,127.0,50.3312,61531.0,41.0293,78.0,78.0,31.0344,129957.0,86.6513,163.0,163.0,65.3035,89222.5,59.5013,96.0,96.0,31.1445,143782.5,95.868,179.0,179.0,71.9649,167982.0,112.0067,211.0,211.0,84.7686,151884.5,101.2673,195.0,195.0,74.645,146177.5,97.4633,189.0,189.0,71.9011
2.0,70089.5,46.7313,82.0,82.0,28.451,32773.0,21.8513,39.0,39.0,11.6825,89661.5,59.7787,110.0,110.0,38.5425,50550.0,33.7033,58.0,58.0,16.3563,260056.0,173.4,274.0,274.0,104.9481,316663.0,211.1493,337.0,337.0,130.0819,301688.5,201.1507,316.0,316.0,122.4416,324927.0,216.648,353.0,353.0,130.9559
0.0,26249.5,17.5067,34.0,34.0,10.668,22040.5,14.7,29.0,29.0,10.4444,47248.5,31.512,61.0,61.0,21.3576,29018.5,19.3507,27.0,27.0,6.6705,7808.0,5.2087,9.0,9.0,1.6284,8198.0,5.4693,11.0,11.0,2.0931,5414.0,3.6113,7.0,7.0,1.3273,6214.5,4.146,8.0,8.0,1.5247
1.0,65147.0,43.4353,76.0,76.0,26.4126,66351.5,44.2427,79.0,79.0,26.4826,176738.0,117.8347,192.0,192.0,74.7257,322730.5,215.216,360.0,360.0,135.5323,117995.0,78.6687,143.0,143.0,51.3092,165426.0,110.2933,196.0,196.0,73.7198,128453.0,85.6407,156.0,156.0,57.7759,83328.0,55.554,103.0,103.0,36.9983
2.0,53458.0,35.6427,65.0,65.0,24.2035,25217.5,16.8147,29.0,29.0,10.5732,61391.0,40.932,75.0,75.0,28.1854,82608.5,55.09,83.0,83.0,24.3536,94607.0,63.0787,118.0,118.0,44.938,111429.5,74.2973,142.0,142.0,53.5614,93579.0,62.392,129.0,129.0,45.5176,92156.5,61.4433,125.0,125.0,44.9288
2.0,43660.0,29.1127,59.0,59.0,19.8992,18543.5,12.3653,25.0,25.0,8.0609,54523.0,36.3547,75.0,75.0,25.5979,45164.0,30.13,63.0,63.0,19.8615,152189.5,101.4767,181.0,181.0,70.6385,187814.0,125.234,225.0,225.0,87.5061,182512.0,121.6913,218.0,218.0,83.6325,186557.0,124.3893,228.0,228.0,85.5017
0.0,31869.0,21.2527,40.0,40.0,12.7992,39768.5,26.5247,45.0,45.0,16.4965,75158.0,50.1247,88.0,88.0,32.3234,64048.0,42.7173,59.0,59.0,15.0248,4424.5,2.9507,6.0,6.0,1.3303,7963.0,5.3113,10.0,10.0,2.2532,5534.5,3.6913,7.0,7.0,1.744,7445.5,4.966,10.0,10.0,2.5131
4.0,56565.5,37.7233,65.0,65.0,25.5468,31422.5,20.9547,35.0,35.0,14.2354,122692.5,81.8213,132.0,132.0,55.4411,146883.5,97.968,168.0,168.0,66.2797,178739.5,119.2147,205.0,205.0,83.2282,229580.0,153.126,268.0,268.0,110.0497,210194.0,140.1833,235.0,235.0,95.8441,205312.5,136.9313,236.0,236.0,94.66
3.0,149647.0,99.776,172.0,172.0,67.1843,106850.5,71.244,121.0,121.0,48.1817,224433.5,149.6427,243.0,243.0,97.9874,89348.5,59.5793,88.0,88.0,26.8729,204434.0,136.3073,230.0,230.0,92.8533,247646.0,165.122,278.0,278.0,112.9895,226200.5,150.8133,272.0,272.0,105.3112,220599.5,147.0807,254.0,254.0,101.9236
4.0,72965.0,48.6567,81.0,81.0,30.0522,46315.5,30.8833,53.0,53.0,18.9892,160453.5,106.9927,163.0,163.0,64.8286,213368.5,142.3093,245.0,245.0,92.2938,201622.5,134.4593,226.0,226.0,87.1326,266900.0,177.9947,296.0,296.0,115.9534,234730.0,156.5307,260.0,260.0,99.8546,225621.5,150.4593,258.0,258.0,95.9177
3.0,134243.0,89.5167,150.0,150.0,59.3958,104901.5,69.956,120.0,120.0,48.0118,204074.5,136.09,221.0,221.0,90.6134,83723.5,55.8387,78.0,78.0,23.156,156031.0,104.046,177.0,177.0,72.3133,185179.0,123.4867,212.0,212.0,86.5288,175912.5,117.294,207.0,207.0,79.8501,166034.5,110.7093,196.0,196.0,76.2108
1.0,63272.0,42.1873,78.0,78.0,27.4702,43368.5,28.9153,59.0,59.0,19.1097,167621.5,111.7567,189.0,189.0,73.6563,267595.5,178.4393,313.0,313.0,119.8954,193064.5,128.7293,238.0,238.0,86.4716,262161.0,174.806,315.0,315.0,116.0947,204005.5,136.0233,249.0,249.0,91.9461,168146.5,112.118,214.0,214.0,76.0306
2.0,48629.5,32.4227,61.0,61.0,21.5802,24674.5,16.4513,30.0,30.0,10.0463,48314.5,32.21,65.0,65.0,23.1318,103731.0,69.1653,100.0,100.0,24.2995,135353.5,90.2493,154.0,154.0,61.4682,171948.5,114.6547,196.0,196.0,77.4363,173302.5,115.5493,204.0,204.0,77.6773,163199.0,108.814,193.0,193.0,73.6228
4.0,77716.5,51.8173,84.0,84.0,30.2981,46038.0,30.694,49.0,49.0,18.9751,135187.5,90.1327,138.0,138.0,54.7573,130467.5,86.9913,136.0,136.0,50.0408,255346.5,170.262,267.0,267.0,101.8295,314763.5,209.8847,331.0,331.0,127.1665,282940.5,188.652,297.0,297.0,112.1204,281247.0,187.5247,300.0,300.0,112.7878
3.0,124784.0,83.2,140.0,140.0,54.0998,60713.0,40.484,69.0,69.0,25.6709,213838.5,142.58,229.0,229.0,92.7487,165156.5,110.1407,166.0,166.0,57.9435,257848.0,171.926,274.0,274.0,109.3735,313289.0,208.8987,333.0,333.0,133.7505,281076.0,187.404,304.0,304.0,120.9373,270779.5,180.542,296.0,296.0,116.5881
1.0,24064.0,16.044,35.0,35.0,10.3975,29210.0,19.4767,41.0,41.0,13.2536,100200.0,66.806,123.0,123.0,47.7129,102593.0,68.412,121.0,121.0,47.4745,46156.0,30.776,71.0,71.0,21.0225,80053.0,53.38,113.0,113.0,38.9661,35446.5,23.6347,58.0,58.0,16.7139,25690.5,17.132,34.0,34.0,8.195
0.0,80605.5,53.7453,90.0,90.0,35.0508,81574.0,54.3927,89.0,89.0,35.9121,142780.5,95.2027,157.0,157.0,61.6784,24013.5,16.016,40.0,40.0,12.7948,18036.5,12.0287,23.0,23.0,7.1027,12541.0,8.3653,15.0,15.0,4.0001,5290.5,3.5287,9.0,9.0,1.5336,6000.0,4.002,8.0,8.0,1.6283
4.0,100244.0,66.8533,114.0,114.0,47.3917,73131.5,48.7713,84.0,84.0,33.9952,194498.5,129.712,210.0,210.0,90.5102,237991.0,158.7407,288.0,288.0,122.5437,261061.0,174.124,316.0,316.0,132.6191,329232.5,219.5973,389.0,389.0,167.1618,316188.5,210.8773,388.0,388.0,156.2671,290704.5,193.888,365.0,365.0,146.4291
3.0,132400.0,88.282,148.0,148.0,56.0546,73335.5,48.9013,84.0,84.0,31.2407,224245.0,149.5267,237.0,237.0,95.4628,125968.5,84.0067,122.0,122.0,39.7286,180039.5,120.0507,204.0,204.0,77.5961,214239.5,142.8607,245.0,245.0,92.4624,204375.0,136.27,235.0,235.0,86.6078,186684.0,124.4767,216.0,216.0,79.1198
4.0,119838.0,79.906,130.0,130.0,49.1691,72216.0,48.1533,78.0,78.0,29.429,203229.0,135.5073,211.0,211.0,83.3305,217490.5,145.0393,242.0,242.0,95.9828,347180.0,231.5093,370.0,370.0,145.0749,423675.0,282.5233,450.0,450.0,179.4451,389821.5,259.9287,421.0,421.0,160.8404,391358.5,260.956,419.0,419.0,162.3202
2.0,88045.0,58.706,99.0,99.0,38.3544,40440.5,26.9673,46.0,46.0,17.4873,146445.5,97.6467,157.0,157.0,64.479,128488.5,85.6913,133.0,133.0,45.1385,174936.0,116.6467,199.0,199.0,79.0249,211094.0,140.7627,244.0,244.0,95.4336,194768.0,129.8633,226.0,226.0,86.4482,180970.5,120.6667,209.0,209.0,80.7649
1.0,33540.5,22.364,42.0,42.0,13.8379,26272.0,17.5187,31.0,31.0,11.0901,100302.0,66.8747,115.0,115.0,45.6057,124969.0,83.3373,148.0,148.0,55.8844,65044.0,43.3687,88.0,88.0,27.5596,98768.5,65.856,115.0,115.0,43.6546,49930.5,33.29,74.0,74.0,21.913,33406.5,22.2733,47.0,47.0,12.9474
3.0,152616.0,101.772,181.0,181.0,73.9976,88126.0,58.7733,115.0,115.0,44.728,234643.5,156.48,276.0,276.0,114.8396,135699.5,90.5067,149.0,149.0,53.8854,218421.5,145.6553,252.0,252.0,107.5111,255999.5,170.7193,302.0,302.0,129.0047,243995.0,162.696,283.0,283.0,117.911,229714.5,153.1773,273.0,273.0,112.6603
2.0,90005.5,60.0113,108.0,108.0,41.9966,40611.0,27.078,49.0,49.0,18.6338,108168.5,72.122,133.0,133.0,51.1573,66849.5,44.5793,72.0,72.0,26.2382,303847.0,202.6013,340.0,340.0,140.4141,366463.0,244.3593,408.0,408.0,170.4778,352449.0,234.9973,398.0,398.0,161.8398,365844.0,243.9307,406.0,406.0,168.2801
3.0,113158.5,75.4507,123.0,123.0,46.7891,94121.5,62.7613,102.0,102.0,39.3375,175983.5,117.3433,187.0,187.0,72.2476,54399.0,36.2793,49.0,49.0,10.9637,109479.5,72.9987,121.0,121.0,45.7904,127944.5,85.312,142.0,142.0,53.9953,114100.5,76.0747,130.0,130.0,48.4719,111262.5,74.184,126.0,126.0,46.9858
4.0,133840.0,89.2427,141.0,141.0,55.4583,89041.5,59.37,95.0,95.0,37.4726,230287.5,153.55,234.0,234.0,95.3564,325181.0,216.8553,348.0,348.0,138.2025,359326.0,239.6127,386.0,386.0,153.9585,438666.0,292.5247,470.0,470.0,190.2025,427089.5,284.782,458.0,458.0,181.5111,412298.0,274.9233,445.0,445.0,176.6392
2.0,112205.5,74.814,128.0,128.0,48.6011,45981.0,30.658,53.0,53.0,19.9847,177399.5,118.284,188.0,188.0,77.5724,134892.0,89.9547,136.0,136.0,49.9728,210814.5,140.568,229.0,229.0,94.074,251820.5,167.916,277.0,277.0,113.073,226744.5,151.182,252.0,252.0,99.82,214130.5,142.7747,238.0,238.0,95.0888
4.0,103072.5,68.7373,117.0,117.0,44.08,81885.0,54.61,97.0,97.0,35.8328,201329.5,134.2593,215.0,215.0,85.1367,300366.0,200.3467,369.0,369.0,140.3512,255600.0,170.4607,289.0,289.0,113.0857,310323.5,206.9607,351.0,351.0,140.1353,309453.5,206.3647,366.0,366.0,138.6561,276146.5,184.1573,327.0,327.0,124.7338
3.0,93688.5,62.4707,109.0,109.0,41.584,65120.0,43.426,77.0,77.0,29.7493,165701.0,110.4927,181.0,181.0,73.8503,98647.0,65.7907,100.0,100.0,30.6306,100701.5,67.1467,113.0,113.0,44.1884,112613.5,75.0913,126.0,126.0,51.185,103961.5,69.316,119.0,119.0,46.9112,93229.5,62.1613,107.0,107.0,41.9705
4.0,91920.0,61.296,99.0,99.0,37.4888,57751.0,38.5113,65.0,65.0,23.4262,165618.0,110.4367,174.0,174.0,68.1737,187090.5,124.7773,213.0,213.0,82.2946,235249.0,156.8833,262.0,262.0,100.8825,298793.0,199.264,334.0,334.0,130.3242,268743.0,179.2087,302.0,302.0,114.9081,265456.0,177.0193,293.0,293.0,114.6641
3.0,61139.5,40.766,72.0,72.0,26.3406,32715.0,21.8153,38.0,38.0,13.5998,111645.5,74.4413,121.0,121.0,49.1792,89831.5,59.908,87.0,87.0,27.5886,100671.0,67.124,108.0,108.0,43.7227,119020.0,79.3613,128.0,128.0,52.1233,107182.5,71.4627,123.0,123.0,46.7419,98423.0,65.6233,111.0,111.0,42.8348
4.0,94682.0,63.1293,114.0,114.0,42.8305,52447.0,34.9687,62.0,62.0,24.3518,149492.5,99.6713,172.0,172.0,68.8898,176228.5,117.5127,201.0,201.0,77.7725,280864.5,187.272,325.0,325.0,128.9713,350557.5,233.746,407.0,407.0,162.5605,332469.5,221.6727,415.0,415.0,153.5035,338673.0,225.8107,412.0,412.0,156.6689
3.0,77884.5,51.9287,97.0,97.0,36.8984,37268.5,24.8473,47.0,47.0,18.0377,136627.0,91.0953,160.0,160.0,63.5998,93299.5,62.2127,99.0,99.0,34.5299,132305.0,88.2153,156.0,156.0,62.6024,159542.5,106.3807,191.0,191.0,75.4722,143732.0,95.8307,190.0,190.0,68.028,132527.5,88.3613,172.0,172.0,62.6686
2.0,24260.0,16.1807,37.0,37.0,11.5599,14622.5,9.7527,20.0,20.0,5.8302,28180.0,18.7953,46.0,46.0,14.2101,25515.0,17.018,30.0,30.0,8.1763,109152.0,72.8047,143.0,143.0,56.5837,145313.5,96.926,193.0,193.0,77.0052,167270.5,111.5573,208.0,208.0,83.1525,202416.0,134.9993,246.0,246.0,102.0597
0.0,92190.5,61.4787,104.0,104.0,41.0348,93963.0,62.666,106.0,106.0,43.9219,155098.5,103.4327,169.0,169.0,70.3887,63341.0,42.2433,54.0,54.0,13.6021,15255.0,10.1747,18.0,18.0,5.1627,8688.5,5.7947,12.0,12.0,3.3517,6288.5,4.1933,8.0,8.0,1.8173,7989.0,5.328,8.0,8.0,2.0054
2.0,65441.0,43.6453,86.0,86.0,32.122,27722.5,18.4893,35.0,35.0,12.7602,76722.0,51.1693,102.0,102.0,38.6628,44755.0,29.8513,50.0,50.0,17.1993,208034.5,138.7487,249.0,249.0,102.1432,254452.0,169.7107,308.0,308.0,128.1466,249833.5,166.614,306.0,306.0,120.2934,256497.0,171.0587,312.0,312.0,124.388
0.0,15240.0,10.1633,21.0,21.0,6.099,15022.5,10.0213,24.0,24.0,8.1099,36916.5,24.62,52.0,52.0,17.7649,41510.5,27.69,50.0,50.0,12.5586,15231.5,10.1573,15.0,15.0,3.1915,18612.0,12.4113,18.0,18.0,3.9894,8502.5,5.6687,9.0,9.0,1.9156,11802.0,7.8693,12.0,12.0,2.4588
1.0,74159.5,49.4453,85.0,85.0,31.1634,63473.5,42.3207,75.0,75.0,27.3496,166379.5,110.9287,183.0,183.0,72.2019,281904.0,187.9853,312.0,312.0,121.137,141264.5,94.186,193.0,193.0,62.5451,177288.5,118.2067,229.0,229.0,78.7101,160181.5,106.7987,217.0,217.0,72.559,126788.5,84.5353,172.0,172.0,56.8759
2.0,56613.5,37.75,64.0,64.0,24.6901,26414.5,17.6147,30.0,30.0,11.6402,92359.0,61.5873,102.0,102.0,40.6759,98381.0,65.6147,99.0,99.0,31.5958,105428.5,70.3027,119.0,119.0,48.2399,127980.5,85.3453,144.0,144.0,58.8503,114420.5,76.294,132.0,132.0,51.4477,107619.0,71.7607,123.0,123.0,48.1857
2.0,47230.5,31.492,57.0,57.0,18.3628,21264.5,14.1773,25.0,25.0,8.0112,57866.0,38.5827,69.0,69.0,22.8422,46092.5,30.7367,44.0,44.0,12.3218,128858.5,85.9193,143.0,143.0,52.1023,156785.5,104.5433,172.0,172.0,64.5768,145763.0,97.1873,169.0,169.0,59.5306,147288.5,98.2047,168.0,168.0,60.5008
0.0,34554.5,23.0393,42.0,42.0,13.6166,41829.0,27.892,48.0,48.0,16.0504,82303.0,54.8787,92.0,92.0,31.4228,43429.5,28.9607,37.0,37.0,6.6296,4839.5,3.228,9.0,9.0,2.0855,5929.0,3.9553,12.0,12.0,3.0448,5133.0,3.4247,11.0,11.0,2.5777,5477.5,3.6547,12.0,12.0,3.0745
4.0,62641.0,41.7667,72.0,72.0,26.7593,41942.5,27.9653,49.0,49.0,18.1994,118859.5,79.2467,131.0,131.0,52.3911,162658.0,108.4667,180.0,180.0,66.45,150944.5,100.6447,169.0,169.0,65.7878,189978.5,126.674,211.0,211.0,84.1193,172906.0,115.2847,203.0,203.0,75.9226,169212.5,112.8227,192.0,192.0,73.545
3.0,144393.5,96.2873,160.0,160.0,64.3313,104052.0,69.39,116.0,116.0,47.4123,209851.0,139.946,230.0,230.0,93.1369,77010.5,51.3613,73.0,73.0,21.7299,187967.0,125.344,221.0,221.0,87.5223,229429.5,152.998,269.0,269.0,107.6023,205858.0,137.264,238.0,238.0,93.9971,204159.5,136.1347,237.0,237.0,93.5112
4.0,78292.5,52.206,85.0,85.0,31.4069,51136.5,34.098,59.0,59.0,21.5789,147639.5,98.4433,159.0,159.0,60.994,193347.0,128.9433,220.0,220.0,82.8386,164272.5,109.5387,189.0,189.0,68.7111,209709.5,139.8393,241.0,241.0,89.1009,179750.0,119.854,219.0,219.0,75.83,175473.0,117.004,206.0,206.0,73.0252
3.0,132871.5,88.592,138.0,138.0,50.5622,109710.0,73.1527,113.0,113.0,42.1955,205054.0,136.724,204.0,204.0,75.6085,81476.0,54.336,70.0,70.0,18.5032,161001.0,107.348,168.0,168.0,62.9039,195536.0,130.3773,202.0,202.0,75.737,172107.5,114.7487,196.0,196.0,68.972,169942.5,113.306,188.0,188.0,67.8887
4.0,80980.0,53.9947,90.0,90.0,33.4358,48114.5,32.078,54.0,54.0,20.9943,135064.0,90.0513,142.0,142.0,56.6416,168270.5,112.206,174.0,174.0,65.1645,215846.5,143.9213,232.0,232.0,90.7655,269495.5,179.6987,290.0,290.0,113.6817,240877.5,160.606,275.0,275.0,101.4244,244415.0,162.9667,273.0,273.0,102.3043
3.0,131291.0,87.542,146.0,146.0,56.4161,62952.5,41.9773,72.0,72.0,26.4559,203519.5,135.7053,220.0,220.0,88.3626,137633.0,91.7853,141.0,141.0,49.7688,242120.0,161.4433,267.0,267.0,105.4891,298670.0,199.1567,332.0,332.0,130.9097,263184.0,175.48,296.0,296.0,113.6857,261018.0,174.0387,298.0,298.0,113.221
1.0,45582.0,30.3947,55.0,55.0,19.975,44656.0,29.7773,55.0,55.0,19.8006,111494.0,74.3433,130.0,130.0,51.17,180502.0,120.3867,219.0,219.0,85.8288,33182.0,22.1253,58.0,58.0,15.2278,51369.0,34.254,75.0,75.0,24.3123,31938.0,21.2953,68.0,68.0,15.6797,20514.0,13.6767,40.0,40.0,9.9169
0.0,67153.0,44.7767,82.0,82.0,31.4117,73853.0,49.2467,90.0,90.0,35.8259,118310.0,78.8893,136.0,136.0,54.0601,25048.5,16.7053,30.0,30.0,7.2361,11203.0,7.4707,15.0,15.0,4.7937,5107.5,3.4067,8.0,8.0,1.7297,5164.0,3.446,12.0,12.0,2.4566,5463.0,3.6453,11.0,11.0,2.4649
4.0,102215.5,68.1587,109.0,109.0,42.2256,68395.5,45.602,75.0,75.0,28.8756,184072.5,122.7347,192.0,192.0,76.7093,268624.5,179.14,290.0,290.0,113.7894,223863.5,149.2787,255.0,255.0,98.9787,281900.5,187.9853,317.0,317.0,124.8743,272213.0,181.51,318.0,318.0,120.7287,256686.0,171.1593,298.0,298.0,114.004
3.0,108487.5,72.3347,131.0,131.0,50.117,64736.0,43.166,78.0,78.0,29.9929,187086.5,124.7447,216.0,216.0,85.6867,120579.5,80.4147,126.0,126.0,40.6869,144566.0,96.3933,173.0,173.0,65.8917,170375.0,113.606,203.0,203.0,78.3881,154157.0,102.7827,192.0,192.0,71.9245,142611.5,95.0867,174.0,174.0,65.6872
4.0,110991.5,74.0073,118.0,118.0,42.7738,72025.0,48.0233,73.0,73.0,27.7567,183178.0,122.136,184.0,184.0,69.973,236288.0,157.572,239.0,239.0,91.9562,282544.5,188.4,289.0,289.0,111.6288,348101.0,232.1187,353.0,353.0,138.2872,319011.5,212.706,333.0,333.0,124.7103,317859.0,211.94,330.0,330.0,125.3611
2.0,89083.0,59.4,97.0,97.0,37.0969,37987.5,25.3313,42.0,42.0,15.0491,139768.0,93.1967,148.0,148.0,59.0716,103306.0,68.8953,107.0,107.0,37.674,171458.0,114.3293,195.0,195.0,74.9918,206514.0,137.7093,236.0,236.0,91.4254,185772.0,123.8667,216.0,216.0,80.0634,177434.5,118.31,207.0,207.0,77.0475
1.0,38160.0,25.444,43.0,43.0,13.3552,35934.0,23.9593,41.0,41.0,13.1312,97152.0,64.7733,102.0,102.0,37.8095,166604.0,111.1007,171.0,171.0,58.3408,30943.0,20.632,46.0,46.0,10.887,48156.5,32.1093,64.0,64.0,18.2876,30657.5,20.442,45.0,45.0,10.164,21709.0,14.4753,31.0,31.0,6.9402
3.0,138395.0,92.2807,164.0,164.0,64.8922,83852.5,55.916,103.0,103.0,39.6588,228749.5,152.534,262.0,262.0,107.0331,139873.0,93.284,147.0,147.0,55.1054,191309.0,127.566,228.0,228.0,91.7402,228513.0,152.38,273.0,273.0,110.598,212671.0,141.802,255.0,255.0,101.593,198065.5,132.066,241.0,241.0,95.1083
4.0,63436.5,42.296,70.0,70.0,26.2897,34115.5,22.7447,41.0,41.0,14.9285,134991.0,90.0013,143.0,143.0,57.0071,203891.0,135.9593,215.0,215.0,80.4452,218994.0,146.02,237.0,237.0,89.4252,283356.0,188.9393,311.0,311.0,117.123,260642.0,173.7847,280.0,280.0,106.9567,266649.0,177.792,293.0,293.0,109.2229
3.0,148440.0,98.9827,163.0,163.0,64.0868,114437.5,76.3147,128.0,128.0,51.5416,215044.5,143.394,235.0,235.0,93.9869,93042.0,62.0493,85.0,85.0,24.3312,191071.5,127.4107,210.0,210.0,85.7102,226246.5,150.8693,248.0,248.0,102.8474,211417.0,140.9647,236.0,236.0,94.1465,216081.5,144.078,244.0,244.0,95.7494
2.0,91307.5,60.8787,111.0,111.0,41.0436,45490.0,30.3307,53.0,53.0,19.9979,107520.5,71.6893,133.0,133.0,48.8278,88315.0,58.8953,93.0,93.0,32.3213,231127.5,154.106,273.0,273.0,104.3872,278450.0,185.6627,329.0,329.0,126.2332,254696.5,169.8147,319.0,319.0,116.1732,256727.5,171.17,317.0,317.0,116.5909
3.0,95688.5,63.8093,114.0,114.0,44.7433,79204.0,52.8213,97.0,97.0,38.3071,146536.0,97.7233,175.0,175.0,68.8544,43308.0,28.8873,49.0,49.0,12.5644,93704.0,62.4893,114.0,114.0,44.5185,110266.0,73.536,137.0,137.0,52.9825,99257.5,66.1867,126.0,126.0,45.961,96727.0,64.5,123.0,123.0,45.1649
4.0,111609.0,74.4147,125.0,125.0,48.2019,77072.5,51.3867,86.0,86.0,34.7014,186849.0,124.5773,199.0,199.0,81.0882,268756.5,179.2133,293.0,293.0,113.3179,249299.0,166.2207,292.0,292.0,111.0255,306757.0,204.5347,352.0,352.0,136.5988,280557.5,187.0553,354.0,354.0,126.28,272959.0,181.9907,331.0,331.0,122.8846
2.0,111075.5,74.064,124.0,124.0,48.7577,55015.5,36.6873,65.0,65.0,23.5919,174419.5,116.304,187.0,187.0,77.0952,149515.0,99.7213,167.0,167.0,61.142,216542.0,144.3947,236.0,236.0,95.622,259285.0,172.9033,282.0,282.0,116.171,234383.5,156.2813,255.0,255.0,102.201,223870.0,149.2753,245.0,245.0,97.8635
4.0,78955.0,52.6433,88.0,88.0,34.7511,67603.5,45.0733,78.0,78.0,30.1341,159419.0,106.288,176.0,176.0,70.9035,265577.0,177.096,298.0,298.0,117.3596,155780.0,103.868,194.0,194.0,72.0857,204488.0,136.3487,245.0,245.0,93.9982,188701.0,125.8153,242.0,242.0,87.5871,173015.0,115.358,218.0,218.0,79.3456
3.0,80148.5,53.442,95.0,95.0,36.268,56561.0,37.7167,67.0,67.0,25.4934,151257.5,100.8593,168.0,168.0,68.6423,85746.5,57.1867,87.0,87.0,27.6145,89427.5,59.6293,102.0,102.0,39.9516,104323.0,69.5647,119.0,119.0,47.0484,100270.0,66.8553,120.0,120.0,44.7463,88714.5,59.1527,104.0,104.0,39.2625
4.0,78365.0,52.264,96.0,96.0,39.222,52246.0,34.8427,64.0,64.0,25.7542,137229.0,91.5173,159.0,159.0,68.4326,166322.5,110.9387,207.0,207.0,87.9595,178983.0,119.3693,216.0,216.0,92.9633,223994.5,149.3927,271.0,271.0,118.0257,199032.5,132.7287,247.0,247.0,102.4364,196777.5,131.228,243.0,243.0,101.142
3.0,57354.5,38.2413,68.0,68.0,25.7716,26339.0,17.562,31.0,31.0,11.6129,105722.5,70.4913,124.0,124.0,48.8548,67368.0,44.9227,71.0,71.0,22.0387,105782.5,70.534,121.0,121.0,46.4284,128674.5,85.8013,148.0,148.0,56.7621,115639.5,77.1033,136.0,136.0,50.6957,109033.0,72.7007,125.0,125.0,47.0889
4.0,101549.5,67.7133,118.0,118.0,43.9332,57034.5,38.0307,67.0,67.0,24.8771,152250.0,101.5167,168.0,168.0,66.9702,149054.5,99.4033,172.0,172.0,67.0253,268925.0,179.3273,306.0,306.0,119.134,328233.5,218.8813,371.0,371.0,146.749,299749.0,199.8733,343.0,343.0,130.6566,300708.0,200.5133,345.0,345.0,131.9575
3.0,81744.5,54.508,98.0,98.0,32.4765,41124.0,27.4233,51.0,51.0,16.2221,156305.5,104.2287,158.0,158.0,62.443,124123.0,82.7807,118.0,118.0,39.403,158573.5,105.742,161.0,161.0,62.6106,188635.5,125.7927,190.0,190.0,75.9476,172851.0,115.256,180.0,180.0,67.3984,157101.5,104.7567,163.0,163.0,61.5902
2.0,71793.5,47.8693,84.0,84.0,29.7962,37434.5,24.962,43.0,43.0,15.0728,79471.5,52.9893,92.0,92.0,33.3596,62061.0,41.3887,62.0,62.0,19.8299,204943.0,136.6527,212.0,212.0,85.5516,249390.5,166.2947,259.0,259.0,103.8272,233279.5,155.5393,249.0,249.0,96.6116,236199.5,157.488,248.0,248.0,97.5962
0.0,6192.5,4.1293,9.0,9.0,2.2481,11204.5,7.474,14.0,14.0,4.6143,20115.5,13.4153,26.0,26.0,8.7851,27186.5,18.1327,26.0,26.0,5.8265,7640.5,5.096,9.0,9.0,2.3698,10665.0,7.1133,12.0,12.0,3.3642,8594.0,5.732,11.0,11.0,2.8072,9563.5,6.3787,12.0,12.0,3.3575
1.0,55563.5,37.05,65.0,65.0,24.5616,55720.0,37.1533,66.0,66.0,25.0706,139954.5,93.3187,157.0,157.0,63.9608,247750.5,165.2313,289.0,289.0,116.9915,83479.0,55.662,123.0,123.0,40.8978,115325.5,76.8993,149.0,149.0,57.1326,97984.5,65.332,141.0,141.0,48.0781,69158.5,46.112,104.0,104.0,33.5873
2.0,50457.5,33.6413,55.0,55.0,20.3641,25207.5,16.8073,28.0,28.0,7.9244,87978.0,58.6567,94.0,94.0,35.7249,66146.0,44.1027,65.0,65.0,19.0016,103232.5,68.8313,109.0,109.0,41.1573,128270.0,85.5287,135.0,135.0,50.6297,110625.0,73.7587,125.0,125.0,45.2368,102552.5,68.3773,111.0,111.0,41.5084
2.0,45257.5,30.178,54.0,54.0,17.9066,22291.5,14.8647,26.0,26.0,8.4369,51617.5,34.4173,59.0,59.0,20.6375,36083.0,24.0627,38.0,38.0,11.0065,133409.0,88.9527,150.0,150.0,57.0328,163253.5,108.854,182.0,182.0,70.6356,151703.0,101.1453,174.0,174.0,67.4362,152773.0,101.8593,174.0,174.0,67.2332
0.0,22949.0,15.302,37.0,37.0,10.9503,35155.0,23.4453,50.0,50.0,16.3482,54459.0,36.3147,77.0,77.0,26.182,43288.5,28.872,40.0,40.0,10.7936,10071.0,6.7167,12.0,12.0,3.0766,14678.5,9.7907,18.0,18.0,5.0015,10643.5,7.0993,14.0,14.0,3.7842,12264.5,8.1807,17.0,17.0,4.7861
4.0,54381.5,36.26,61.0,61.0,22.8493,40518.0,27.016,45.0,45.0,17.3599,108156.0,72.1107,119.0,119.0,48.0017,169620.5,113.112,187.0,187.0,72.0825,153150.5,102.118,176.0,176.0,68.1974,192306.5,128.2287,220.0,220.0,88.1242,184941.0,123.3113,218.0,218.0,82.5777,174286.0,116.208,205.0,205.0,78.4056
3.0,130206.5,86.818,147.0,147.0,55.2619,101248.0,67.512,113.0,113.0,43.4999,179798.0,119.884,206.0,206.0,77.7468,35021.5,23.35,37.0,37.0,9.3701,144630.0,96.4353,169.0,169.0,64.2403,171728.0,114.506,200.0,200.0,77.0631,143177.0,95.4613,178.0,178.0,64.1603,141666.0,94.4553,169.0,169.0,63.3231
4.0,59743.5,39.836,69.0,69.0,27.4954,44231.0,29.4913,55.0,55.0,20.9329,122174.5,81.4587,138.0,138.0,57.507,198088.0,132.0993,237.0,237.0,95.7652,132897.5,88.6127,162.0,162.0,64.9496,174700.0,116.488,212.0,212.0,86.8281,153956.5,102.65,196.0,196.0,76.2085,145220.5,96.826,182.0,182.0,71.9611
3.0,108233.5,72.1653,125.0,125.0,47.8306,84890.5,56.6013,99.0,99.0,37.9958,150207.5,100.1513,179.0,179.0,67.2595,36784.5,24.5267,39.0,39.0,8.7974,105514.0,70.3533,129.0,129.0,48.0414,124870.0,83.2613,151.0,151.0,56.4084,102086.5,68.0647,126.0,126.0,47.068,103205.0,68.8113,127.0,127.0,47.2066
4.0,71544.5,47.7127,84.0,84.0,34.0385,43827.5,29.228,53.0,53.0,20.0915,159441.0,106.3267,175.0,175.0,74.8216,219609.5,146.478,268.0,268.0,110.8225,202818.0,135.2713,247.0,247.0,100.7807,265607.0,177.152,323.0,323.0,134.5269,241277.5,160.912,284.0,284.0,117.5768,230211.0,153.5347,283.0,283.0,114.0504
3.0,142438.0,94.9787,145.0,145.0,52.1485,111613.5,74.43,113.0,113.0,41.2835,210825.0,140.5793,211.0,211.0,77.396,53499.5,35.6773,49.0,49.0,10.1151,171005.5,114.0333,182.0,182.0,64.8939,200190.5,133.498,213.0,213.0,76.8464,192787.5,128.548,210.0,210.0,72.4705,199506.0,133.03,216.0,216.0,75.2092
4.0,78773.0,52.526,84.0,84.0,29.1672,47886.0,31.9293,51.0,51.0,18.2646,130205.5,86.8153,135.0,135.0,51.5204,174781.0,116.556,182.0,182.0,68.0683,218453.5,145.666,229.0,229.0,87.4135,277599.5,185.1093,292.0,292.0,112.2978,259305.5,172.8987,282.0,282.0,104.8662,252795.0,168.5587,271.0,271.0,102.8293
3.0,80245.0,53.5007,95.0,95.0,37.0052,51147.0,34.104,62.0,62.0,23.0737,99643.0,66.4333,118.0,118.0,46.0769,46013.0,30.6793,57.0,57.0,18.6503,123780.5,82.528,151.0,151.0,56.0983,147643.5,98.4413,179.0,179.0,66.4301,112535.0,75.028,149.0,149.0,50.7968,112506.5,75.0093,141.0,141.0,50.8645
1.0,36990.0,24.6653,46.0,46.0,15.8868,36755.5,24.5093,45.0,45.0,16.5162,103136.5,68.7667,120.0,120.0,48.2656,178998.0,119.376,215.0,215.0,88.3849,50671.0,33.786,66.0,66.0,22.5353,79078.0,52.728,103.0,103.0,37.772,45309.5,30.2113,65.0,65.0,19.4522,33304.0,22.206,46.0,46.0,13.3593
0.0,67701.5,45.1453,84.0,84.0,31.5961,68725.0,45.8327,86.0,86.0,34.2393,98449.0,65.6513,122.0,122.0,47.0634,16203.0,10.8067,16.0,16.0,3.3492,17026.5,11.3553,19.0,19.0,4.874,14113.5,9.412,14.0,14.0,2.6678,8793.0,5.8633,9.0,9.0,1.5839,11353.0,7.5707,11.0,11.0,1.9845
4.0,88661.0,59.114,99.0,99.0,37.5706,61236.0,40.8247,72.0,72.0,28.1669,163900.5,109.274,176.0,176.0,71.2698,278448.5,185.6673,297.0,297.0,117.1864,205238.0,136.8447,231.0,231.0,89.4054,266732.5,177.85,293.0,293.0,116.4672,255105.5,170.0893,309.0,309.0,113.86,234770.5,156.5327,272.0,272.0,105.0377
3.0,71077.5,47.3913,88.0,88.0,32.162,60863.0,40.588,77.0,77.0,26.2521,92488.0,61.6687,109.0,109.0,41.066,25441.5,16.9727,41.0,41.0,13.7859,74895.5,49.9353,104.0,104.0,35.8887,89618.0,59.7527,118.0,118.0,42.6148,67088.0,44.7273,101.0,101.0,33.7084,67469.5,44.9813,100.0,100.0,33.9392
4.0,103558.0,69.0573,114.0,114.0,43.5025,71167.0,47.4573,77.0,77.0,28.8635,169498.0,113.028,178.0,178.0,71.0205,241806.5,161.272,267.0,267.0,105.82,246148.0,164.144,271.0,271.0,106.6084,304347.0,202.9587,340.0,340.0,135.0061,283408.0,188.9787,326.0,326.0,122.8385,278024.0,185.3907,319.0,319.0,120.9045
2.0,39176.5,26.12,47.0,47.0,16.5709,22560.5,15.0447,26.0,26.0,8.747,55678.5,37.1233,66.0,66.0,23.1856,55805.0,37.216,57.0,57.0,19.841,71564.0,47.716,78.0,78.0,29.273,85690.0,57.136,94.0,94.0,35.5031,66847.5,44.5693,79.0,79.0,27.5197,68862.0,45.9127,77.0,77.0,27.9628
1.0,24510.0,16.3453,30.0,30.0,9.1425,17560.0,11.7087,22.0,22.0,7.364,73735.0,49.166,85.0,85.0,31.7403,116442.5,77.6593,136.0,136.0,50.5447,31457.5,20.978,40.0,40.0,12.3123,50842.0,33.906,65.0,65.0,22.8674,26988.0,17.998,38.0,38.0,11.8541,19360.0,12.912,26.0,26.0,8.0447
3.0,91021.0,60.6973,110.0,110.0,40.8549,63352.5,42.25,79.0,79.0,31.1123,113316.0,75.5653,139.0,139.0,51.7496,32921.0,21.9573,40.0,40.0,12.8238,106523.5,71.0367,129.0,129.0,46.7573,128741.5,85.8573,157.0,157.0,57.4814,100790.5,67.21,131.0,131.0,42.8265,107220.0,71.4993,131.0,131.0,44.9023
2.0,93532.5,62.3647,115.0,115.0,43.5974,39920.5,26.6153,50.0,50.0,19.1725,105760.5,70.5153,132.0,132.0,50.685,69356.5,46.2473,76.0,76.0,26.3471,232752.5,155.198,283.0,283.0,110.6395,283900.5,189.3093,346.0,346.0,135.8479,260828.5,173.9107,331.0,331.0,124.3062,262614.5,175.1047,330.0,330.0,124.6689
3.0,97390.5,64.948,107.0,107.0,37.8574,80357.5,53.5913,85.0,85.0,30.9159,131091.0,87.422,147.0,147.0,50.9076,20354.5,13.5767,24.0,24.0,8.568,67287.5,44.8787,78.0,78.0,25.1603,76638.5,51.118,89.0,89.0,29.1767,63378.5,42.2687,72.0,72.0,21.5042,66203.0,44.1533,75.0,75.0,22.5502
4.0,107477.0,71.664,128.0,128.0,50.0639,80095.5,53.408,97.0,97.0,36.4955,184167.5,122.7973,205.0,205.0,84.5665,267329.5,178.2853,318.0,318.0,127.4507,212087.0,141.42,256.0,256.0,103.4327,261948.5,174.6727,322.0,322.0,129.3324,244055.0,162.7273,306.0,306.0,117.9146,231527.5,154.3753,297.0,297.0,112.9035
2.0,52485.0,34.9953,68.0,68.0,23.2833,24783.0,16.5267,31.0,31.0,10.3121,73566.0,49.0507,97.0,97.0,32.4044,55824.0,37.2307,62.0,62.0,20.1559,115103.0,76.75,137.0,137.0,50.8986,137795.0,91.8847,159.0,159.0,61.6203,106761.5,71.1847,136.0,136.0,47.2917,111650.0,74.4453,135.0,135.0,48.7972
4.0,68949.0,45.97,83.0,83.0,32.924,58316.5,38.8807,72.0,72.0,28.1643,139983.5,93.328,163.0,163.0,68.5265,244974.5,163.3533,298.0,298.0,115.1425,124183.0,82.7967,156.0,156.0,62.1625,164944.5,109.976,206.0,206.0,82.5924,146120.5,97.422,194.0,194.0,74.7068,136474.0,90.9913,182.0,182.0,69.4186
3.0,60236.5,40.1673,75.0,75.0,27.4088,57722.0,38.494,70.0,70.0,26.9436,82700.0,55.1473,97.0,97.0,38.4615,27753.0,18.5093,32.0,32.0,9.7601,41723.0,27.8227,51.0,51.0,19.1955,49773.0,33.1927,64.0,64.0,22.8038,40598.5,27.0707,56.0,56.0,18.751,38053.5,25.374,50.0,50.0,17.7654
4.0,81882.0,54.594,95.0,95.0,35.1951,54185.0,36.1267,63.0,63.0,23.4513,138269.0,92.186,153.0,153.0,60.178,189600.5,126.4293,205.0,205.0,79.516,170233.0,113.5033,193.0,193.0,74.3223,213567.5,142.3993,245.0,245.0,94.6132,180384.5,120.2673,219.0,219.0,80.3871,176092.5,117.4053,209.0,209.0,79.2304
3.0,41030.5,27.358,47.0,47.0,17.1797,32675.0,21.788,40.0,40.0,13.762,53636.0,35.7627,61.0,61.0,22.6128,23488.0,15.6607,30.0,30.0,9.0099,50285.5,33.5293,56.0,56.0,20.6829,62026.5,41.36,69.0,69.0,25.813,44947.0,29.9687,52.0,52.0,18.7077,48763.0,32.5147,54.0,54.0,19.5909
4.0,89894.0,59.9493,100.0,100.0,39.8319,54767.5,36.5213,60.0,60.0,24.4271,140292.0,93.556,157.0,157.0,62.5016,164617.5,109.792,182.0,182.0,74.0009,211487.0,141.0313,234.0,234.0,96.6407,260206.0,173.5253,290.0,290.0,120.3085,232376.0,154.9513,264.0,264.0,104.4355,231209.5,154.1753,264.0,264.0,105.2846
3.0,55714.0,37.1473,61.0,61.0,22.137,33949.0,22.634,36.0,36.0,13.5701,72887.0,48.5947,85.0,85.0,29.9448,31895.5,21.2667,34.0,34.0,7.8857,81950.5,54.6407,91.0,91.0,33.0705,103156.5,68.7833,109.0,109.0,41.2178,80784.0,53.862,91.0,91.0,32.7458,82512.5,55.0153,90.0,90.0,32.7561
4.0,87438.0,58.3027,98.0,98.0,37.5602,46974.5,31.322,55.0,55.0,20.7243,157102.0,104.7507,168.0,168.0,68.4244,195474.5,130.36,225.0,225.0,87.8693,280060.0,186.7553,305.0,305.0,123.6709,351339.0,234.2907,382.0,382.0,157.4051,332111.5,221.452,360.0,360.0,145.3188,336151.0,224.148,361.0,361.0,147.8861
3.0,114542.0,76.3793,133.0,133.0,51.4616,67715.0,45.1567,77.0,77.0,30.6783,146461.0,97.6633,168.0,168.0,65.8063,89002.0,59.356,85.0,85.0,25.8754,232660.5,155.1393,269.0,269.0,103.689,280267.5,186.8893,320.0,320.0,126.7585,250160.5,166.7993,298.0,298.0,109.8083,247214.5,164.8373,287.0,287.0,108.8579
2.0,64877.0,43.2613,75.0,75.0,27.3212,29742.0,19.8333,34.0,34.0,12.2338,74320.0,49.5573,88.0,88.0,33.0914,48279.5,32.198,52.0,52.0,17.8497,158069.5,105.4,176.0,176.0,70.3053,190049.0,126.728,213.0,213.0,85.9444,171098.5,114.0813,211.0,211.0,76.1776,170297.5,113.5487,199.0,199.0,76.4433
0.0,15604.5,10.4067,23.0,23.0,7.0777,18598.0,12.404,27.0,27.0,9.5876,18198.5,12.1367,23.0,23.0,7.6819,11193.0,7.4667,13.0,13.0,3.3742,3284.5,2.19,5.0,5.0,1.3498,4651.5,3.102,6.0,6.0,1.6696,5576.5,3.7193,6.0,6.0,1.3776,5774.5,3.8507,7.0,7.0,1.4442
1.0,50839.5,33.9,63.0,63.0,21.5785,46064.5,30.7147,57.0,57.0,19.9101,114691.5,76.474,141.0,141.0,50.9691,177044.5,118.072,211.0,211.0,80.9963,45155.0,30.112,68.0,68.0,19.7315,63069.5,42.0573,89.0,89.0,28.639,48624.0,32.4213,80.0,80.0,23.0575,41775.5,27.856,63.0,63.0,19.0422
2.0,37063.0,24.718,52.0,52.0,13.5904,17091.0,11.4,26.0,26.0,5.3554,48887.0,32.6027,62.0,62.0,18.0576,37937.0,25.3047,52.0,52.0,11.5326,70714.0,47.1593,93.0,93.0,27.6381,86936.0,57.9807,112.0,112.0,34.3406,69489.0,46.342,100.0,100.0,26.6356,71166.5,47.462,99.0,99.0,26.3659
2.0,45080.5,30.0587,53.0,53.0,19.2967,20322.0,13.5493,24.0,24.0,8.3694,55729.5,37.1573,67.0,67.0,24.1023,37915.0,25.282,40.0,40.0,12.0645,90293.0,60.2047,105.0,105.0,39.9608,110058.0,73.386,128.0,128.0,48.7013,92904.5,61.9427,113.0,113.0,41.7338,91278.0,60.8593,111.0,111.0,40.5305
0.0,44675.0,29.7907,65.0,65.0,20.6115,56965.0,37.992,76.0,76.0,27.4293,57838.0,38.5713,81.0,81.0,27.7868,24878.0,16.596,31.0,31.0,10.4528,14721.5,9.8187,24.0,24.0,4.0288,18288.0,12.198,30.0,30.0,4.8949,16953.5,11.308,28.0,28.0,4.285,21253.5,14.176,32.0,32.0,5.0578
4.0,63046.5,42.0387,71.0,71.0,25.5156,33924.5,22.618,41.0,41.0,14.4764,104471.5,69.6567,116.0,116.0,42.2713,103368.0,68.9287,112.0,112.0,38.651,104137.0,69.4387,119.0,119.0,42.0052,130051.5,86.7207,149.0,149.0,53.3277,103882.5,69.266,121.0,121.0,41.9185,106270.0,70.8587,121.0,121.0,42.5464
3.0,95522.0,63.6933,119.0,119.0,45.3119,48616.0,32.4173,59.0,59.0,22.926,180577.0,120.4093,211.0,211.0,86.87,52863.0,35.2453,72.0,72.0,26.5532,219063.0,146.0853,285.0,285.0,110.9496,289311.0,192.9413,379.0,379.0,148.9595,254359.0,169.6093,327.0,327.0,125.2309,281440.0,187.6793,388.0,388.0,143.6459
4.0,57343.5,38.2353,73.0,73.0,27.5947,40683.0,27.1267,57.0,57.0,19.6845,100036.5,66.6993,137.0,137.0,50.0731,105345.5,70.256,158.0,158.0,55.0181,85033.0,56.7,117.0,117.0,41.9488,103900.0,69.2827,150.0,150.0,52.8477,85321.5,56.8893,126.0,126.0,42.5125,82139.0,54.7687,122.0,122.0,40.878
3.0,108943.0,72.638,119.0,119.0,46.8606,100350.0,66.9107,113.0,113.0,44.9107,189473.0,126.334,204.0,204.0,82.0703,27591.0,18.3947,28.0,28.0,7.0665,150727.0,100.506,175.0,175.0,65.1035,156801.5,104.5607,183.0,183.0,66.7971,153698.0,102.48,185.0,185.0,65.2657,218838.0,145.9147,254.0,254.0,94.2439
4.0,82527.5,55.0233,93.0,93.0,32.0752,53205.0,35.4747,59.0,59.0,19.9936,130033.5,86.696,140.0,140.0,50.9655,138761.0,92.53,139.0,139.0,47.4539,139891.0,93.27,153.0,153.0,55.9743,175021.5,116.696,191.0,191.0,69.925,145454.0,96.9773,171.0,171.0,59.5364,143763.0,95.85,170.0,170.0,59.0563
3.0,53943.5,35.97,75.0,75.0,27.8733,41851.5,27.908,58.0,58.0,21.3819,94605.5,63.084,124.0,124.0,49.574,19925.0,13.2887,26.0,26.0,4.8578,107988.0,72.0153,164.0,164.0,60.366,120030.0,80.0507,194.0,194.0,69.1575,155350.0,103.5887,241.0,241.0,84.1521,233626.0,155.786,330.0,330.0,125.3355
1.0,19934.0,13.2947,34.0,34.0,9.3728,25029.0,16.6907,42.0,42.0,12.2102,45558.0,30.3833,88.0,88.0,23.1026,69033.0,46.0507,101.0,101.0,32.2357,5686.5,3.7927,10.0,10.0,1.9505,9502.0,6.338,14.0,14.0,4.0546,5375.5,3.5853,13.0,13.0,2.71,4143.5,2.7633,9.0,9.0,1.9272
0.0,96430.5,64.298,107.0,107.0,40.2928,94228.5,62.8313,103.0,103.0,40.4653,172118.5,114.766,186.0,186.0,72.7974,18624.0,12.4193,21.0,21.0,6.5138,71166.0,47.458,78.0,78.0,30.2327,46538.5,31.0367,51.0,51.0,19.0699,12447.5,8.3007,13.0,13.0,3.6057,21831.0,14.5587,21.0,21.0,5.5219
4.0,95466.0,63.6513,102.0,102.0,38.0109,69500.0,46.3387,80.0,80.0,28.2489,159198.0,106.1407,178.0,178.0,65.696,212934.5,141.99,244.0,244.0,85.6179,149018.5,99.358,187.0,187.0,62.9216,187103.0,124.7527,231.0,231.0,80.1628,157536.0,105.0327,234.0,234.0,70.5132,153828.5,102.562,220.0,220.0,67.6969
3.0,111421.5,74.3007,128.0,128.0,49.7841,99668.5,66.47,119.0,119.0,45.4914,186135.0,124.1273,213.0,213.0,84.2336,50274.0,33.53,69.0,69.0,16.9996,176905.0,117.9813,214.0,214.0,85.2879,197421.0,131.666,250.0,250.0,97.9632,222759.0,148.548,264.0,264.0,104.6441,285861.0,190.6347,326.0,326.0,135.6851
4.0,87365.0,58.2493,102.0,102.0,39.8497,57971.5,38.654,70.0,70.0,25.7233,132160.0,88.1133,158.0,158.0,60.6068,148479.5,99.0127,166.0,166.0,62.3433,147041.0,98.036,178.0,178.0,69.292,180582.0,120.4027,219.0,219.0,84.3317,141419.0,94.2847,199.0,199.0,68.2624,139621.0,93.086,187.0,187.0,66.9522
2.0,15668.5,10.448,25.0,25.0,6.3817,8396.5,5.6007,14.0,14.0,3.8778,19635.5,13.094,31.0,31.0,7.7419,42224.0,28.164,51.0,51.0,13.4292,105495.5,70.3507,141.0,141.0,46.0973,132936.5,88.6533,190.0,190.0,61.6817,177066.5,118.0693,217.0,217.0,75.1365,259226.5,172.858,307.0,307.0,109.1572
1.0,22902.5,15.27,31.0,31.0,9.6512,22487.5,14.992,29.0,29.0,9.6564,54567.0,36.3807,75.0,75.0,23.0282,85419.0,56.958,90.0,90.0,31.8123,9051.0,6.0353,16.0,16.0,3.7162,19055.0,12.706,27.0,27.0,7.4904,14717.5,9.8147,26.0,26.0,5.5824,13541.5,9.0307,22.0,22.0,5.1499
3.0,124908.0,83.2847,128.0,128.0,48.671,102702.0,68.4807,105.0,105.0,40.0185,212459.0,141.6627,211.0,211.0,82.3301,23059.5,15.3753,26.0,26.0,6.4694,240890.0,160.6273,247.0,247.0,95.97,276274.0,184.2267,292.0,292.0,111.932,297083.5,198.0847,306.0,306.0,114.94,395246.5,263.5393,400.0,400.0,152.9161
1.0,58747.5,39.174,67.0,67.0,22.2791,40826.5,27.2227,49.0,49.0,16.136,154421.5,102.9627,159.0,159.0,60.8769,276175.0,184.182,294.0,294.0,108.9833,108088.0,72.074,132.0,132.0,42.5306,162209.5,108.1647,176.0,176.0,65.0905,107248.0,71.5167,132.0,132.0,41.5765,76359.5,50.9213,87.0,87.0,28.6963
0.0,89915.5,59.958,99.0,99.0,37.2279,88618.0,59.0967,98.0,98.0,38.4966,139953.0,93.3233,155.0,155.0,59.4625,30632.5,20.432,33.0,33.0,7.2101,24531.5,16.36,28.0,28.0,10.3691,14819.0,9.8833,18.0,18.0,6.2748,5718.0,3.8127,7.0,7.0,1.7826,7120.5,4.748,8.0,8.0,2.0875
2.0,72490.0,48.3347,90.0,90.0,31.3249,35863.0,23.9127,42.0,42.0,14.4396,92796.0,61.872,125.0,125.0,41.1535,54325.0,36.2253,59.0,59.0,19.3629,124490.5,83.0107,142.0,142.0,53.2167,146985.5,98.0147,167.0,167.0,63.6364,113991.5,76.006,143.0,143.0,49.9742,115591.5,77.0747,138.0,138.0,49.7713
3.0,93209.5,62.1513,111.0,111.0,45.4358,91961.5,61.324,111.0,111.0,45.0942,158751.0,105.8567,189.0,189.0,78.0814,7100.0,4.7353,8.0,8.0,1.7701,96359.0,64.2587,123.0,123.0,49.6556,75112.0,50.0907,101.0,101.0,39.8004,71530.0,47.6947,94.0,94.0,34.8584,105645.0,70.4447,135.0,135.0,51.8154
4.0,92569.0,61.7227,114.0,114.0,41.3878,58520.0,39.0193,78.0,78.0,26.9172,140441.5,93.638,174.0,174.0,64.2049,144627.0,96.4433,175.0,175.0,65.7457,142110.5,94.756,188.0,188.0,66.6365,175102.5,116.758,231.0,231.0,82.4802,147136.0,98.1027,218.0,218.0,69.8813,144242.5,96.1753,211.0,211.0,67.1317
2.0,17563.0,11.7147,29.0,29.0,4.5327,6634.0,4.4267,17.0,17.0,2.8077,16666.5,11.1167,31.0,31.0,4.8406,17131.0,11.43,36.0,36.0,6.3277,91201.0,60.832,126.0,126.0,38.6451,103649.0,69.1407,145.0,145.0,44.752,151058.0,100.7447,201.0,201.0,64.4,228464.0,152.3727,292.0,292.0,100.053
4.0,63142.5,42.102,77.0,77.0,27.948,45986.0,30.66,61.0,61.0,20.7583,108104.0,72.0793,137.0,137.0,47.1305,134592.0,89.7553,159.0,159.0,58.8634,72891.0,48.6047,99.0,99.0,33.793,96019.5,64.0293,125.0,125.0,44.5288,81269.5,54.1887,126.0,126.0,38.5778,76827.5,51.228,111.0,111.0,35.8383
3.0,100791.0,67.2113,120.0,120.0,44.686,93106.5,62.09,109.0,109.0,41.573,173603.5,115.7667,203.0,203.0,77.6749,13788.5,9.1987,34.0,34.0,6.5866,116219.5,77.5093,150.0,150.0,56.1456,110204.5,73.5027,151.0,151.0,54.2724,110729.5,73.8407,140.0,140.0,51.9136,162176.5,108.1513,203.0,203.0,75.7354
4.0,74680.0,49.7973,85.0,85.0,32.1166,50707.0,33.8127,57.0,57.0,20.7085,116963.5,77.988,136.0,136.0,51.4926,123049.0,82.0587,135.0,135.0,53.1252,107862.5,71.922,126.0,126.0,49.2628,133294.0,88.8833,158.0,158.0,61.8887,107516.0,71.6873,132.0,132.0,49.5834,103693.5,69.14,126.0,126.0,47.7041
3.0,55575.0,37.0593,65.0,65.0,24.7275,48460.5,32.318,57.0,57.0,22.0156,105625.0,70.4367,117.0,117.0,46.7487,21315.5,14.216,20.0,20.0,4.8726,71680.0,47.804,86.0,86.0,33.9315,75690.5,50.48,91.0,91.0,34.7631,86198.0,57.48,105.0,105.0,38.1541,136803.0,91.2273,164.0,164.0,60.1786
4.0,87708.5,58.4873,102.0,102.0,39.4663,44590.5,29.734,53.0,53.0,19.9051,124327.0,82.9047,143.0,143.0,55.37,89555.0,59.726,98.0,98.0,38.0368,142260.0,94.8707,169.0,169.0,64.7463,170435.0,113.6647,208.0,208.0,79.1979,140917.5,93.968,174.0,174.0,63.3748,138675.0,92.4753,170.0,170.0,62.8763
3.0,57067.5,38.0553,68.0,68.0,26.3975,46788.0,31.202,56.0,56.0,22.4013,103706.0,69.1573,121.0,121.0,48.9577,14076.5,9.3853,14.0,14.0,3.2741,105100.0,70.0933,131.0,131.0,52.0654,118203.5,78.8353,155.0,155.0,59.9297,146374.5,97.608,178.0,178.0,69.2507,221242.0,147.536,266.0,266.0,105.6305
2.0,61639.0,41.1,74.0,74.0,27.5512,26383.5,17.592,31.0,31.0,11.1506,77384.0,51.598,94.0,94.0,34.0594,41778.0,27.86,46.0,46.0,14.871,106092.0,70.744,128.0,128.0,48.684,127785.0,85.2133,155.0,155.0,59.1306,103788.0,69.204,135.0,135.0,47.4186,106131.5,70.7687,131.0,131.0,47.996
0.0,62276.0,41.5247,65.0,65.0,22.6232,63978.0,42.6633,67.0,67.0,23.797,109301.5,72.8827,115.0,115.0,39.769,17476.0,11.6587,24.0,24.0,6.7767,41333.5,27.5627,44.0,44.0,15.376,27458.5,18.31,29.0,29.0,9.3989,11557.0,7.706,15.0,15.0,2.9765,13428.5,8.9533,17.0,17.0,3.6386
1.0,40097.5,26.7347,59.0,59.0,17.1537,41981.5,27.9913,59.0,59.0,17.8379,75950.0,50.6387,126.0,126.0,34.387,126247.0,84.19,159.0,159.0,50.9885,20997.0,13.9987,30.0,30.0,9.7082,31089.0,20.7287,40.0,40.0,13.6449,29180.5,19.4553,44.0,44.0,13.7044,25308.5,16.874,34.0,34.0,10.8402
2.0,10466.5,6.9793,15.0,15.0,2.9627,6626.0,4.4187,13.0,13.0,1.9375,10816.5,7.2127,17.0,17.0,3.5251,28133.5,18.7627,33.0,33.0,7.1708,48575.0,32.3927,60.0,60.0,21.1017,56681.0,37.8,72.0,72.0,24.9642,85866.5,57.258,104.0,104.0,38.2304,130548.5,87.0547,160.0,160.0,60.1531
2.0,39617.0,26.4147,47.0,47.0,17.4545,17325.0,11.5513,21.0,21.0,7.5295,51278.5,34.1887,62.0,62.0,22.3926,34711.0,23.1467,37.0,37.0,11.533,62183.5,41.4613,74.0,74.0,27.002,74282.0,49.5293,89.0,89.0,32.3785,58774.5,39.188,69.0,69.0,25.6792,60065.5,40.0493,71.0,71.0,25.5695
0.0,101650.0,67.7887,116.0,116.0,42.0396,96280.5,64.212,112.0,112.0,41.4492,170847.5,113.938,195.0,195.0,73.3847,10894.5,7.2693,24.0,24.0,5.2769,79559.5,53.066,99.0,99.0,32.8959,64962.5,43.3313,83.0,83.0,24.3798,30606.5,20.4133,40.0,40.0,8.3798,38909.5,25.9513,50.0,50.0,10.9702
4.0,53493.5,35.6693,65.0,65.0,22.6346,25833.0,17.226,35.0,35.0,11.1862,80029.0,53.3607,98.0,98.0,35.6244,57674.0,38.4647,75.0,75.0,27.2097,79749.0,53.178,99.0,99.0,34.438,98275.0,65.534,120.0,120.0,43.276,78156.0,52.114,100.0,100.0,33.6888,78109.0,52.084,97.0,97.0,32.8428
3.0,109174.5,72.7967,127.0,127.0,46.3045,107922.5,71.9653,125.0,125.0,45.8314,176348.5,117.5913,200.0,200.0,75.4565,23487.5,15.668,33.0,33.0,9.1594,150138.5,100.1213,177.0,177.0,65.8619,130726.5,87.1813,165.0,165.0,58.3242,165762.0,110.5293,207.0,207.0,73.5842,232305.5,154.9033,272.0,272.0,101.907
4.0,47227.5,31.4887,58.0,58.0,20.0692,31921.0,21.2827,43.0,43.0,14.2211,73505.0,49.0073,102.0,102.0,33.3674,85140.5,56.776,105.0,105.0,34.6817,56968.0,37.984,68.0,68.0,25.5152,73617.5,49.0873,92.0,92.0,32.9568,58577.5,39.056,75.0,75.0,26.7339,57093.0,38.0673,71.0,71.0,25.372
3.0,113254.0,75.5207,127.0,127.0,50.4597,102354.0,68.2567,113.0,113.0,46.8591,186446.0,124.3293,205.0,205.0,83.5981,21882.0,14.592,23.0,23.0,5.7585,158220.5,105.5193,187.0,187.0,74.9596,162394.5,108.3047,202.0,202.0,77.4848,185370.0,123.6153,212.0,212.0,82.4165,247359.5,164.958,281.0,281.0,111.0375
4.0,105595.5,70.406,117.0,117.0,46.9841,74864.5,49.9187,89.0,89.0,33.027,203301.0,135.548,217.0,217.0,91.0671,257043.0,171.4053,304.0,304.0,121.1246,307521.0,205.0573,355.0,355.0,141.7206,383562.5,255.7673,439.0,439.0,177.4941,349810.5,233.242,399.0,399.0,160.4894,333842.5,222.5993,387.0,387.0,154.4128
3.0,124955.5,83.3313,141.0,141.0,56.5773,96301.5,64.2273,113.0,113.0,44.6945,161865.5,107.9467,188.0,188.0,74.1363,72717.5,48.5013,73.0,73.0,20.9776,151463.0,101.006,178.0,178.0,69.9088,181617.5,121.1187,218.0,218.0,85.6363,156794.0,104.554,199.0,199.0,71.6246,154780.0,103.2133,192.0,192.0,70.2378
4.0,59232.0,39.492,76.0,76.0,28.5156,31062.5,20.7093,44.0,44.0,16.0414,83859.5,55.9107,107.0,107.0,41.3364,68633.0,45.7667,86.0,86.0,30.5404,91203.0,60.8107,116.0,116.0,44.692,113660.0,75.7867,143.0,143.0,55.7313,94693.0,63.136,136.0,136.0,45.3643,92572.5,61.7233,128.0,128.0,44.669
3.0,80805.5,53.8813,91.0,91.0,33.997,55870.5,37.2567,60.0,60.0,22.7246,135196.5,90.15,148.0,148.0,56.4002,24399.5,16.27,28.0,28.0,8.9759,212866.5,141.944,236.0,236.0,91.6577,263063.0,175.4193,297.0,297.0,114.399,306998.0,204.6987,330.0,330.0,127.5365,404801.5,269.9173,417.0,417.0,165.2422
1.0,23702.5,15.804,34.0,34.0,9.8837,25725.5,17.1533,34.0,34.0,10.481,52223.5,34.8187,84.0,84.0,23.3858,82453.5,54.9847,99.0,99.0,33.9916,11568.0,7.7133,21.0,21.0,4.5627,19346.5,12.8993,29.0,29.0,7.9261,11766.5,7.8447,27.0,27.0,5.4513,10757.5,7.172,20.0,20.0,4.3157
0.0,87918.0,58.6207,105.0,105.0,42.6336,96027.5,64.0333,115.0,115.0,46.6834,161456.5,107.656,189.0,189.0,78.8499,33969.5,22.6587,37.0,37.0,9.0729,65334.0,43.5667,81.0,81.0,32.5157,38794.5,25.8693,48.0,48.0,19.2929,13761.0,9.1753,16.0,16.0,4.1327,16425.0,10.9507,20.0,20.0,5.612
4.0,70254.5,46.8393,84.0,84.0,30.1748,54674.5,36.4527,67.0,67.0,23.0358,115114.5,76.7473,152.0,152.0,50.3153,163687.5,109.1507,176.0,176.0,63.2918,103841.0,69.2327,133.0,133.0,46.1,130742.5,87.1713,152.0,152.0,56.7368,111040.5,74.0313,143.0,143.0,50.0694,102385.5,68.2607,124.0,124.0,45.7584
3.0,116717.5,77.8267,128.0,128.0,47.622,99474.0,66.334,106.0,106.0,38.2879,194012.0,129.3687,209.0,209.0,79.2192,35406.5,23.6173,42.0,42.0,8.602,201393.5,134.2973,225.0,225.0,84.0319,228749.5,152.5427,264.0,264.0,95.2269,242890.5,161.9567,279.0,279.0,101.8418,319125.0,212.792,353.0,353.0,134.552
4.0,81789.0,54.5307,94.0,94.0,33.9989,49035.0,32.692,57.0,57.0,20.6322,125010.0,83.346,150.0,150.0,52.4593,138892.0,92.6153,156.0,156.0,55.1574,142345.5,94.9073,173.0,173.0,61.9337,179432.0,119.6387,215.0,215.0,77.0474,146660.5,97.7827,182.0,182.0,63.225,144006.5,96.014,177.0,177.0,62.1853
2.0,13242.0,8.8313,24.0,24.0,5.0856,18509.5,12.344,19.0,19.0,3.659,13424.0,8.9513,24.0,24.0,4.8445,26872.5,17.916,33.0,33.0,8.2934,91109.5,60.7667,127.0,127.0,45.0947,112476.0,75.0213,166.0,166.0,57.4259,164063.5,109.4133,221.0,221.0,78.5149,239572.0,159.7707,300.0,300.0,114.3013
1.0,15819.0,10.5473,23.0,23.0,5.6811,20223.0,13.484,28.0,28.0,8.2314,35199.0,23.4687,55.0,55.0,14.8543,62762.5,41.8573,72.0,72.0,24.2202,5164.5,3.4433,6.0,6.0,1.0527,7510.0,5.0073,9.0,9.0,1.9988,4526.5,3.018,8.0,8.0,1.4734,5023.0,3.3487,7.0,7.0,1.2958
3.0,114955.5,76.648,140.0,140.0,51.2499,99925.0,66.63,121.0,121.0,44.0731,186913.5,124.6287,225.0,225.0,85.505,45737.0,30.4987,57.0,57.0,12.6653,209454.0,139.6627,249.0,249.0,95.436,231609.0,154.4387,271.0,271.0,105.744,258661.5,172.462,303.0,303.0,118.1354,343304.0,228.9013,385.0,385.0,156.0605
2.0,73276.0,48.8613,100.0,100.0,37.8975,31361.0,20.9113,42.0,42.0,16.0243,94007.5,62.6827,137.0,137.0,49.291,55786.5,37.2027,73.0,73.0,25.6916,135045.5,90.0513,184.0,184.0,71.7395,165290.5,110.226,231.0,231.0,89.9778,136698.5,91.15,200.0,200.0,72.2813,140885.0,93.944,200.0,200.0,74.9404
3.0,105850.0,70.5833,116.0,116.0,46.1201,100611.5,67.0947,109.0,109.0,44.7923,179766.5,119.876,195.0,195.0,79.8423,14475.0,9.6547,15.0,15.0,3.4826,126540.5,84.3933,147.0,147.0,59.1405,117073.0,78.082,142.0,142.0,55.0463,123992.0,82.686,139.0,139.0,54.6086,163459.5,109.008,187.0,187.0,73.2164
4.0,87597.0,58.404,109.0,109.0,42.6314,61486.0,40.9953,77.0,77.0,29.127,141851.0,94.5753,175.0,175.0,68.8095,179167.0,119.4767,220.0,220.0,83.8431,144336.0,96.236,186.0,186.0,72.8106,179178.5,119.4713,237.0,237.0,90.6495,159945.0,106.6407,227.0,227.0,80.7469,152215.0,101.488,216.0,216.0,76.7636
2.0,27541.0,18.3673,48.0,48.0,14.5314,11048.5,7.3687,18.0,18.0,5.0958,33638.0,22.4347,62.0,62.0,17.9437,36349.0,24.246,48.0,48.0,14.0284,167187.0,111.5067,246.0,246.0,83.5994,209882.5,139.992,325.0,325.0,110.4998,265817.0,177.2647,332.0,332.0,122.5817,353504.0,235.7433,423.0,423.0,160.28
4.0,63734.0,42.4953,76.0,76.0,28.7303,49008.5,32.6753,62.0,62.0,22.2246,121618.0,81.0873,148.0,148.0,55.0797,169931.5,113.322,199.0,199.0,77.4068,82080.5,54.7287,105.0,105.0,39.3236,105814.0,70.556,135.0,135.0,50.4695,94257.0,62.8453,129.0,129.0,45.1882,86371.5,57.5887,118.0,118.0,40.995
3.0,94299.0,62.8753,113.0,113.0,44.8837,83748.0,55.8413,106.0,106.0,41.5335,161255.5,107.5213,193.0,193.0,78.4235,24679.5,16.4553,33.0,33.0,10.1538,124714.5,83.1613,154.0,154.0,60.6592,131370.0,87.602,168.0,168.0,64.8579,136400.0,90.9447,172.0,172.0,65.2748,184967.5,123.3313,225.0,225.0,88.4225
4.0,66581.0,44.3933,74.0,74.0,28.3678,41652.5,27.7713,47.0,47.0,18.0206,112397.0,74.9387,127.0,127.0,50.0608,124001.5,82.6887,147.0,147.0,56.9277,122171.5,81.46,140.0,140.0,55.4106,156452.5,104.3213,185.0,185.0,71.7604,128738.5,85.836,160.0,160.0,58.3212,127236.5,84.836,156.0,156.0,57.4692
3.0,7057.0,4.7073,16.0,16.0,2.8732,10065.0,6.7153,13.0,13.0,3.4924,6295.0,4.1993,18.0,18.0,3.5475,19604.0,13.0753,27.0,27.0,6.4509,13669.0,9.118,26.0,26.0,5.0579,20702.5,13.8087,35.0,35.0,7.3585,13809.5,9.2107,27.0,27.0,5.7061,16057.0,10.71,31.0,31.0,6.6529
4.0,100161.0,66.7893,113.0,113.0,43.1959,50696.0,33.8033,57.0,57.0,22.1915,147081.0,98.074,165.0,165.0,63.1313,106733.0,71.1813,119.0,119.0,46.1859,176270.0,117.546,191.0,191.0,75.9576,211643.5,141.1407,228.0,228.0,93.1965,185867.0,123.9387,207.0,207.0,79.7228,179909.0,119.9693,197.0,197.0,76.3546
3.0,7475.5,4.988,11.0,11.0,2.1379,9231.5,6.1627,26.0,26.0,7.4569,8135.0,5.4273,11.0,11.0,1.7487,16458.5,10.982,36.0,36.0,11.2316,16333.5,10.896,20.0,20.0,5.3145,20073.0,13.3907,25.0,25.0,6.1351,31362.5,20.918,31.0,31.0,9.7405,32393.5,21.6053,31.0,31.0,9.8211
4.0,114368.0,76.256,124.0,124.0,48.2052,67183.5,44.7947,75.0,75.0,29.1348,196217.0,130.828,204.0,204.0,82.5394,232557.0,155.0767,253.0,253.0,101.3493,342737.5,228.5393,365.0,365.0,147.0262,420585.5,280.4533,448.0,448.0,182.6696,393114.5,262.1167,417.0,417.0,167.8994,391349.5,260.942,419.0,419.0,168.0078
2.0,72830.0,48.56,92.0,92.0,35.3647,30144.0,20.1007,39.0,39.0,14.5171,82175.5,54.7907,103.0,103.0,39.9246,97369.5,64.9373,100.0,100.0,32.2504,150469.5,100.328,190.0,190.0,74.3634,177528.0,118.3733,229.0,229.0,90.0442,156842.5,104.5727,216.0,216.0,77.9293,151650.5,101.112,202.0,202.0,75.8807
2.0,71587.5,47.7347,84.0,84.0,30.6573,36106.5,24.0773,41.0,41.0,14.5732,94970.0,63.3253,109.0,109.0,40.6926,61310.0,40.89,68.0,68.0,21.8325,129306.0,86.2227,146.0,146.0,55.9712,159228.0,106.18,177.0,177.0,69.2152,139222.0,92.8293,170.0,170.0,60.0246,135351.5,90.25,155.0,155.0,58.3463
0.0,15391.0,10.2687,19.0,19.0,4.2942,13744.5,9.17,22.0,22.0,5.9783,17318.0,11.554,23.0,23.0,5.7742,24241.5,16.17,36.0,36.0,11.3257,24221.5,16.1593,30.0,30.0,6.5028,29391.0,19.6073,36.0,36.0,7.7896,23474.0,15.6593,30.0,30.0,6.3898,25916.5,17.2887,33.0,33.0,7.1297
1.0,19871.5,13.25,29.0,29.0,8.0569,18998.0,12.668,25.0,25.0,7.8409,85934.0,57.2987,101.0,101.0,36.6273,124646.0,83.1273,142.0,142.0,53.2573,19054.0,12.704,32.0,32.0,8.2929,44080.5,29.3933,59.0,59.0,19.2755,16943.0,11.2967,32.0,32.0,7.4253,13816.5,9.2133,21.0,21.0,4.2084
3.0,154956.5,103.3233,172.0,172.0,66.185,115212.5,76.8267,125.0,125.0,49.8066,204946.0,136.6567,236.0,236.0,86.8659,80908.5,53.9547,81.0,81.0,22.7314,210367.0,140.268,233.0,233.0,90.0736,252553.5,168.402,291.0,291.0,109.7283,228031.0,152.038,269.0,269.0,98.4543,223486.0,149.01,263.0,263.0,96.1824
