0,0.1,0.01,0.88,0.0,0.0,0.08,0.84,0.0,0.01
1,0.1,0.01,0.75,0.0,0.0,0.04,0.91,0.0,0.0
2,0.12,0.01,0.75,0.01,0.0,0.04,1.0,0.0,0.0
3,0.15,0.02,0.75,0.02,0.01,0.04,0.79,0.0,0.0
4,0.19,0.03,0.83,0.05,0.02,0.04,0.79,0.01,0.03
5,0.2,0.03,0.78,0.05,0.02,0.08,0.84,0.01,0.03
6,0.22,0.04,0.7,0.06,0.03,0.12,0.84,0.03,0.05
7,0.24,0.05,0.83,0.07,0.04,0.08,0.79,0.03,0.05
8,0.26,0.06,0.75,0.09,0.05,0.08,0.84,0.03,0.06
9,0.27,0.06,0.75,0.11,0.06,0.12,0.79,0.03,0.07
10,0.29,0.07,0.75,0.12,0.07,0.08,0.84,0.04,0.08
11,0.29,0.07,0.75,0.13,0.07,0.12,0.79,0.04,0.08
12,0.3,0.08,0.83,0.13,0.07,0.16,0.79,0.05,0.09
13,0.32,0.08,0.78,0.15,0.09,0.12,0.88,0.06,0.11
14,0.34,0.09,0.78,0.17,0.1,0.12,0.84,0.07,0.12
15,0.35,0.1,0.78,0.19,0.11,0.12,0.76,0.09,0.13
16,0.37,0.12,0.88,0.21,0.13,0.16,0.76,0.11,0.15
17,0.37,0.12,0.75,0.22,0.13,0.12,0.84,0.12,0.15
18,0.39,0.13,0.78,0.23,0.14,0.16,0.76,0.13,0.17
19,0.39,0.14,0.75,0.24,0.15,0.25,0.76,0.14,0.17
20,0.4,0.14,0.83,0.25,0.16,0.12,0.76,0.15,0.19
21,0.41,0.15,0.83,0.26,0.17,0.16,0.72,0.16,0.2
22,0.42,0.16,0.83,0.27,0.18,0.21,0.72,0.17,0.21
23,0.43,0.17,0.78,0.28,0.18,0.16,0.72,0.17,0.21
24,0.44,0.18,0.75,0.3,0.2,0.21,0.79,0.2,0.24
25,0.45,0.19,0.75,0.31,0.2,0.25,0.76,0.2,0.24
26,0.46,0.2,0.75,0.32,0.22,0.21,0.72,0.22,0.25
27,0.46,0.21,0.78,0.33,0.22,0.25,0.76,0.23,0.26
28,0.47,0.23,0.78,0.34,0.24,0.21,0.76,0.25,0.27
29,0.48,0.24,0.75,0.35,0.25,0.29,0.72,0.25,0.29
30,0.49,0.25,0.66,0.36,0.26,0.25,0.72,0.26,0.3
31,0.5,0.26,0.75,0.38,0.27,0.21,0.76,0.28,0.31
32,0.5,0.27,0.78,0.38,0.27,0.29,0.76,0.29,0.32
33,0.51,0.28,0.78,0.39,0.28,0.29,0.72,0.3,0.32
34,0.53,0.3,0.75,0.41,0.3,0.33,0.68,0.31,0.34
35,0.53,0.31,0.7,0.41,0.31,0.29,0.68,0.33,0.35
36,0.54,0.32,0.7,0.42,0.31,0.29,0.68,0.33,0.36
37,0.54,0.33,0.7,0.43,0.32,0.29,0.68,0.34,0.37
38,0.55,0.34,0.7,0.44,0.34,0.25,0.56,0.35,0.37
39,0.55,0.35,0.7,0.45,0.34,0.33,0.68,0.36,0.39
40,0.56,0.37,0.66,0.46,0.36,0.25,0.63,0.37,0.41
41,0.57,0.38,0.66,0.46,0.36,0.29,0.63,0.38,0.41
42,0.58,0.4,0.66,0.48,0.38,0.33,0.68,0.39,0.42
43,0.58,0.41,0.61,0.48,0.39,0.33,0.63,0.4,0.43
44,0.59,0.42,0.66,0.49,0.4,0.33,0.6,0.41,0.43
45,0.6,0.43,0.66,0.5,0.41,0.33,0.68,0.42,0.45
46,0.6,0.45,0.61,0.51,0.41,0.42,0.6,0.43,0.45
47,0.6,0.45,0.61,0.51,0.42,0.33,0.6,0.43,0.45
48,0.61,0.46,0.61,0.52,0.43,0.46,0.68,0.45,0.46
49,0.61,0.47,0.61,0.53,0.44,0.37,0.6,0.46,0.47
50,0.63,0.49,0.57,0.54,0.45,0.37,0.56,0.47,0.48
51,0.63,0.5,0.57,0.54,0.46,0.37,0.63,0.47,0.49
52,0.63,0.51,0.57,0.55,0.47,0.37,0.56,0.48,0.51
53,0.63,0.51,0.61,0.55,0.47,0.42,0.56,0.47,0.5
54,0.64,0.52,0.61,0.56,0.48,0.33,0.56,0.49,0.5
55,0.64,0.53,0.48,0.56,0.49,0.42,0.6,0.5,0.52
56,0.65,0.55,0.53,0.57,0.5,0.37,0.63,0.51,0.52
57,0.65,0.56,0.57,0.58,0.52,0.37,0.56,0.51,0.54
58,0.66,0.56,0.53,0.58,0.52,0.37,0.56,0.52,0.54
59,0.66,0.57,0.53,0.59,0.53,0.37,0.56,0.53,0.54
60,0.67,0.58,0.53,0.59,0.54,0.42,0.56,0.53,0.54
61,0.67,0.59,0.48,0.6,0.55,0.42,0.52,0.53,0.56
62,0.68,0.6,0.53,0.6,0.55,0.46,0.52,0.55,0.55
63,0.68,0.61,0.53,0.61,0.56,0.46,0.56,0.55,0.57
64,0.68,0.62,0.45,0.62,0.57,0.42,0.6,0.56,0.58
65,0.69,0.62,0.48,0.62,0.58,0.46,0.49,0.56,0.58
66,0.69,0.63,0.48,0.62,0.59,0.37,0.52,0.56,0.58
67,0.7,0.64,0.45,0.63,0.6,0.42,0.52,0.58,0.59
68,0.7,0.65,0.45,0.64,0.61,0.37,0.49,0.58,0.6
69,0.7,0.65,0.45,0.64,0.62,0.42,0.44,0.59,0.6
70,0.71,0.67,0.4,0.65,0.63,0.46,0.44,0.6,0.61
71,0.72,0.68,0.45,0.66,0.64,0.29,0.52,0.61,0.62
72,0.72,0.68,0.45,0.66,0.65,0.42,0.49,0.61,0.63
73,0.72,0.68,0.45,0.66,0.65,0.46,0.44,0.61,0.63
74,0.72,0.69,0.45,0.67,0.66,0.46,0.52,0.61,0.63
75,0.73,0.7,0.45,0.67,0.66,0.42,0.44,0.62,0.64
76,0.73,0.7,0.4,0.68,0.67,0.33,0.49,0.63,0.64
77,0.74,0.71,0.4,0.68,0.68,0.42,0.4,0.64,0.65
78,0.74,0.72,0.45,0.69,0.69,0.51,0.4,0.64,0.65
79,0.74,0.73,0.35,0.69,0.7,0.46,0.4,0.65,0.66
80,0.75,0.73,0.35,0.7,0.7,0.54,0.4,0.65,0.67
81,0.76,0.74,0.4,0.7,0.72,0.46,0.44,0.65,0.67
82,0.76,0.75,0.31,0.71,0.72,0.46,0.49,0.66,0.68
83,0.76,0.75,0.4,0.71,0.73,0.46,0.44,0.67,0.68
84,0.76,0.76,0.31,0.72,0.73,0.46,0.37,0.67,0.69
85,0.76,0.76,0.35,0.72,0.74,0.42,0.4,0.68,0.69
86,0.77,0.77,0.31,0.72,0.74,0.46,0.4,0.69,0.7
87,0.77,0.78,0.31,0.73,0.75,0.42,0.37,0.69,0.7
88,0.78,0.78,0.27,0.73,0.76,0.46,0.44,0.69,0.71
89,0.78,0.78,0.31,0.73,0.76,0.46,0.44,0.69,0.7
90,0.79,0.79,0.31,0.74,0.77,0.46,0.4,0.71,0.72
91,0.79,0.79,0.27,0.74,0.77,0.42,0.4,0.7,0.71
92,0.79,0.8,0.27,0.75,0.78,0.46,0.37,0.71,0.72
93,0.79,0.8,0.27,0.75,0.79,0.42,0.32,0.72,0.73
94,0.8,0.81,0.27,0.76,0.79,0.46,0.32,0.73,0.73
95,0.8,0.81,0.35,0.76,0.8,0.46,0.44,0.73,0.74
96,0.81,0.82,0.27,0.76,0.8,0.42,0.37,0.73,0.74
97,0.8,0.82,0.45,0.77,0.81,0.46,0.32,0.73,0.74
98,0.81,0.83,0.18,0.77,0.81,0.51,0.32,0.74,0.75
99,0.81,0.83,0.27,0.78,0.82,0.46,0.32,0.74,0.75
100,0.82,0.84,0.22,0.78,0.82,0.37,0.24,0.75,0.75
101,0.82,0.84,0.22,0.78,0.83,0.42,0.28,0.75,0.75
102,0.82,0.84,0.27,0.79,0.83,0.42,0.28,0.76,0.76
103,0.82,0.85,0.18,0.79,0.84,0.51,0.28,0.76,0.77
104,0.83,0.85,0.22,0.79,0.84,0.46,0.28,0.77,0.77
105,0.83,0.86,0.18,0.8,0.85,0.42,0.28,0.77,0.77
106,0.83,0.86,0.18,0.8,0.85,0.46,0.28,0.77,0.78
107,0.84,0.86,0.27,0.81,0.85,0.46,0.28,0.78,0.77
108,0.84,0.87,0.18,0.81,0.86,0.42,0.28,0.79,0.79
109,0.84,0.87,0.1,0.82,0.86,0.37,0.28,0.79,0.8
110,0.85,0.88,0.13,0.82,0.87,0.46,0.24,0.8,0.8
111,0.85,0.88,0.18,0.82,0.87,0.46,0.28,0.8,0.8
112,0.85,0.88,0.13,0.83,0.87,0.54,0.28,0.8,0.81
113,0.86,0.88,0.13,0.83,0.88,0.58,0.28,0.81,0.81
114,0.86,0.89,0.22,0.83,0.88,0.46,0.24,0.81,0.82
115,0.86,0.89,0.13,0.84,0.88,0.42,0.24,0.81,0.82
116,0.86,0.89,0.13,0.84,0.89,0.42,0.24,0.82,0.82
117,0.87,0.9,0.13,0.84,0.89,0.42,0.16,0.82,0.83
118,0.87,0.9,0.18,0.84,0.9,0.54,0.21,0.83,0.83
119,0.87,0.9,0.0,0.85,0.9,0.42,0.21,0.83,0.83
120,0.87,0.9,0.13,0.85,0.9,0.42,0.21,0.84,0.84
121,0.88,0.91,0.18,0.85,0.9,0.46,0.12,0.84,0.84
122,0.88,0.91,0.1,0.86,0.91,0.46,0.24,0.84,0.85
123,0.88,0.91,0.1,0.86,0.91,0.42,0.16,0.85,0.85
124,0.89,0.92,0.1,0.87,0.91,0.51,0.16,0.85,0.87
125,0.89,0.92,0.18,0.87,0.92,0.46,0.21,0.86,0.86
126,0.89,0.92,0.13,0.87,0.92,0.51,0.16,0.86,0.85
127,0.89,0.92,0.1,0.87,0.92,0.46,0.16,0.86,0.86
128,0.89,0.92,0.13,0.87,0.92,0.46,0.12,0.86,0.87
129,0.9,0.92,0.1,0.88,0.92,0.42,0.16,0.87,0.87
130,0.9,0.93,0.13,0.88,0.93,0.42,0.16,0.87,0.87
131,0.9,0.93,0.1,0.88,0.93,0.42,0.16,0.87,0.87
132,0.9,0.93,0.1,0.88,0.93,0.42,0.16,0.87,0.88
133,0.91,0.93,0.05,0.89,0.93,0.51,0.16,0.89,0.88
134,0.91,0.94,0.1,0.89,0.93,0.46,0.16,0.89,0.88
135,0.91,0.94,0.1,0.89,0.94,0.46,0.12,0.88,0.89
136,0.91,0.94,0.1,0.89,0.94,0.42,0.16,0.89,0.89
137,0.92,0.94,0.0,0.9,0.94,0.46,0.16,0.89,0.89
138,0.92,0.95,0.05,0.9,0.94,0.46,0.12,0.9,0.89
139,0.92,0.95,0.1,0.91,0.94,0.42,0.12,0.89,0.9
140,0.92,0.95,0.13,0.91,0.95,0.46,0.12,0.9,0.9
141,0.92,0.95,0.05,0.91,0.95,0.46,0.16,0.9,0.91
142,0.93,0.95,0.0,0.91,0.95,0.46,0.21,0.9,0.91
143,0.93,0.95,0.05,0.92,0.95,0.46,0.21,0.9,0.91
144,0.94,0.96,0.1,0.91,0.95,0.37,0.12,0.91,0.92
145,0.93,0.96,0.13,0.92,0.95,0.46,0.12,0.91,0.91
146,0.93,0.96,0.05,0.92,0.96,0.46,0.09,0.91,0.91
147,0.94,0.96,0.1,0.92,0.96,0.46,0.12,0.92,0.92
148,0.94,0.96,0.05,0.92,0.96,0.42,0.0,0.92,0.93
149,0.94,0.96,0.1,0.92,0.96,0.54,0.12,0.92,0.93
150,0.94,0.97,0.05,0.93,0.96,0.46,0.12,0.92,0.93
151,0.94,0.97,0.1,0.93,0.96,0.46,0.16,0.93,0.93
152,0.95,0.97,0.1,0.94,0.97,0.51,0.16,0.94,0.94
153,0.95,0.97,0.05,0.94,0.97,0.51,0.04,0.93,0.94
154,0.95,0.97,0.05,0.94,0.97,0.51,0.09,0.94,0.94
155,0.95,0.97,0.1,0.94,0.97,0.51,0.12,0.93,0.94
156,0.95,0.97,0.05,0.95,0.97,0.46,0.09,0.94,0.94
157,0.95,0.97,0.1,0.95,0.97,0.51,0.09,0.95,0.94
158,0.96,0.98,0.05,0.95,0.98,0.42,0.16,0.94,0.96
159,0.96,0.98,0.05,0.95,0.98,0.51,0.09,0.95,0.95
160,0.96,0.98,0.05,0.95,0.98,0.51,0.09,0.94,0.96
161,0.96,0.98,0.1,0.96,0.98,0.54,0.09,0.96,0.96
162,0.96,0.98,0.05,0.96,0.98,0.54,0.09,0.96,0.97
163,0.97,0.98,0.1,0.96,0.98,0.54,0.04,0.96,0.96
164,0.97,0.98,0.05,0.97,0.98,0.54,0.09,0.96,0.97
165,0.97,0.98,0.1,0.96,0.98,0.51,0.04,0.96,0.96
166,0.98,0.99,0.05,0.97,0.99,0.58,0.09,0.96,0.97
167,0.98,0.99,0.1,0.97,0.99,0.63,0.12,0.97,0.97
168,0.98,0.99,0.05,0.97,0.99,0.51,0.04,0.97,0.98
169,0.98,0.99,0.1,0.97,0.99,0.54,0.04,0.97,0.98
170,0.98,0.99,0.05,0.97,0.99,0.51,0.09,0.97,0.98
171,0.98,0.99,0.05,0.98,0.99,0.58,0.04,0.97,0.98
172,0.98,0.99,0.05,0.98,0.99,0.58,0.04,0.97,0.98
173,0.99,0.99,0.13,0.98,0.99,0.51,0.04,0.98,0.98
174,0.99,1.0,0.1,0.99,0.99,0.54,0.09,0.98,0.99
175,0.99,1.0,0.1,0.99,1.0,0.54,0.04,0.98,0.99
176,0.99,1.0,0.1,0.99,1.0,0.54,0.09,0.99,0.99
177,0.99,1.0,0.13,0.99,1.0,0.54,0.0,0.99,0.99
178,1.0,1.0,0.1,0.99,1.0,0.63,0.04,1.0,1.0
179,1.0,1.0,0.13,0.99,1.0,0.58,0.09,0.99,1.0
180,1.0,1.0,0.13,1.0,1.0,0.63,0.09,0.99,1.0
181,0.98,1.0,0.4,1.0,1.0,0.7,0.12,0.98,0.97
182,0.97,0.99,0.35,0.99,1.0,0.75,0.21,0.96,0.98
183,0.94,0.99,0.45,0.96,0.99,0.84,0.21,0.94,0.92
184,0.87,0.97,0.48,0.91,0.98,0.96,0.24,0.87,0.86
185,0.83,0.96,0.48,0.88,0.98,1.0,0.24,0.82,0.82
186,0.8,0.95,0.48,0.85,0.97,0.91,0.24,0.8,0.79
187,0.76,0.95,0.57,0.81,0.97,0.84,0.24,0.76,0.75
188,0.71,0.94,0.53,0.77,0.96,0.96,0.32,0.72,0.7
189,0.67,0.93,0.53,0.74,0.95,0.91,0.37,0.69,0.68
190,0.64,0.92,0.57,0.7,0.94,0.88,0.32,0.66,0.64
191,0.59,0.9,0.57,0.64,0.93,0.84,0.37,0.61,0.61
192,0.58,0.9,0.57,0.64,0.93,0.96,0.32,0.61,0.6
193,0.54,0.89,0.61,0.6,0.92,0.88,0.37,0.58,0.57
194,0.52,0.88,0.57,0.58,0.91,0.79,0.37,0.56,0.55
195,0.48,0.87,0.61,0.53,0.9,0.79,0.32,0.53,0.52
196,0.46,0.86,0.57,0.51,0.9,0.79,0.44,0.51,0.5
197,0.44,0.85,0.66,0.48,0.89,0.75,0.44,0.49,0.49
198,0.43,0.85,0.61,0.47,0.89,0.7,0.44,0.48,0.46
199,0.4,0.84,0.57,0.45,0.88,0.7,0.4,0.47,0.45
200,0.39,0.83,0.61,0.42,0.87,0.63,0.49,0.44,0.43
201,0.37,0.82,0.66,0.41,0.86,0.67,0.49,0.44,0.43
202,0.35,0.81,0.75,0.39,0.86,0.67,0.49,0.42,0.41
203,0.33,0.8,0.7,0.37,0.85,0.58,0.49,0.4,0.38
204,0.32,0.79,0.66,0.35,0.84,0.54,0.56,0.38,0.38
205,0.32,0.79,0.75,0.35,0.84,0.67,0.49,0.38,0.37
206,0.3,0.78,0.66,0.33,0.83,0.54,0.52,0.37,0.36
207,0.28,0.77,0.7,0.32,0.82,0.46,0.56,0.36,0.34
208,0.28,0.77,0.7,0.31,0.82,0.51,0.52,0.36,0.34
209,0.26,0.75,0.7,0.29,0.8,0.42,0.56,0.33,0.32
210,0.26,0.75,0.66,0.29,0.8,0.46,0.56,0.33,0.32
211,0.24,0.73,0.75,0.26,0.79,0.42,0.56,0.31,0.3
212,0.24,0.73,0.7,0.26,0.79,0.46,0.6,0.31,0.3
213,0.22,0.71,0.7,0.25,0.77,0.37,0.56,0.3,0.29
214,0.22,0.71,0.7,0.24,0.77,0.42,0.56,0.31,0.28
215,0.2,0.7,0.83,0.23,0.76,0.33,0.6,0.29,0.27
216,0.2,0.69,0.7,0.22,0.75,0.33,0.63,0.27,0.28
217,0.19,0.68,0.75,0.21,0.74,0.33,0.63,0.27,0.26
218,0.18,0.67,0.78,0.2,0.74,0.29,0.6,0.26,0.25
219,0.17,0.66,0.78,0.2,0.73,0.29,0.63,0.25,0.24
220,0.17,0.65,0.78,0.19,0.72,0.25,0.68,0.25,0.23
221,0.16,0.65,0.78,0.18,0.71,0.33,0.63,0.24,0.23
222,0.16,0.64,0.66,0.18,0.71,0.25,0.63,0.24,0.23
223,0.16,0.63,0.75,0.17,0.7,0.16,0.68,0.23,0.22
224,0.15,0.63,0.78,0.17,0.7,0.25,0.72,0.23,0.21
225,0.14,0.62,0.7,0.16,0.68,0.25,0.72,0.23,0.21
226,0.14,0.61,0.78,0.15,0.68,0.25,0.68,0.22,0.2
227,0.13,0.6,0.75,0.15,0.67,0.21,0.72,0.21,0.2
228,0.13,0.59,0.92,0.15,0.66,0.25,0.63,0.19,0.19
229,0.13,0.58,0.78,0.13,0.65,0.25,0.6,0.2,0.18
230,0.12,0.58,0.83,0.14,0.65,0.21,0.68,0.2,0.18
231,0.12,0.57,0.75,0.13,0.64,0.21,0.68,0.2,0.18
232,0.12,0.56,0.83,0.13,0.63,0.12,0.79,0.19,0.18
233,0.12,0.56,0.78,0.13,0.63,0.16,0.76,0.2,0.18
234,0.11,0.55,0.78,0.13,0.62,0.25,0.72,0.18,0.17
235,0.11,0.54,0.75,0.12,0.61,0.21,0.72,0.18,0.17
236,0.11,0.54,0.78,0.12,0.61,0.21,0.68,0.18,0.17
237,0.1,0.53,0.83,0.11,0.6,0.16,0.72,0.19,0.17
238,0.1,0.52,0.75,0.11,0.59,0.21,0.76,0.17,0.16
239,0.1,0.51,0.83,0.11,0.58,0.16,0.76,0.17,0.15
240,0.09,0.51,0.88,0.11,0.58,0.21,0.76,0.17,0.15
241,0.09,0.5,0.83,0.1,0.57,0.16,0.79,0.17,0.15
242,0.09,0.49,0.83,0.1,0.56,0.12,0.76,0.17,0.15
243,0.09,0.48,0.83,0.1,0.56,0.25,0.76,0.16,0.14
244,0.09,0.48,0.88,0.1,0.55,0.21,0.76,0.16,0.15
245,0.08,0.47,0.78,0.09,0.54,0.16,0.84,0.15,0.14
246,0.08,0.46,0.78,0.09,0.53,0.16,0.76,0.15,0.13
247,0.08,0.46,0.75,0.09,0.53,0.12,0.79,0.16,0.13
248,0.08,0.45,0.78,0.09,0.52,0.16,0.76,0.14,0.13
249,0.08,0.44,0.66,0.08,0.51,0.08,0.72,0.14,0.13
250,0.07,0.43,0.78,0.08,0.5,0.12,0.76,0.14,0.13
251,0.07,0.43,0.75,0.08,0.5,0.12,0.84,0.14,0.12
252,0.07,0.42,0.78,0.08,0.49,0.16,0.79,0.14,0.13
253,0.07,0.41,0.75,0.07,0.48,0.33,0.84,0.13,0.12
254,0.06,0.4,0.78,0.07,0.47,0.08,0.79,0.13,0.11
255,0.06,0.4,0.88,0.07,0.47,0.21,0.79,0.13,0.11
256,0.06,0.39,0.78,0.07,0.46,0.16,0.76,0.13,0.12
257,0.06,0.38,0.75,0.07,0.45,0.12,0.76,0.12,0.12
258,0.06,0.38,0.78,0.07,0.45,0.12,0.79,0.12,0.11
259,0.06,0.37,0.78,0.07,0.44,0.12,0.76,0.12,0.13
260,0.06,0.37,0.78,0.06,0.43,0.16,0.91,0.12,0.11
261,0.05,0.36,0.83,0.06,0.43,0.12,0.79,0.12,0.11
262,0.05,0.36,0.78,0.06,0.42,0.12,0.79,0.12,0.11
263,0.05,0.35,0.83,0.06,0.41,0.12,0.88,0.12,0.1
264,0.06,0.34,0.78,0.06,0.41,0.08,0.79,0.12,0.1
265,0.05,0.34,0.78,0.06,0.4,0.21,0.79,0.11,0.1
266,0.05,0.33,0.83,0.06,0.39,0.08,0.84,0.12,0.09
267,0.05,0.32,0.83,0.05,0.39,0.08,0.84,0.11,0.1
268,0.05,0.32,0.83,0.05,0.38,0.12,0.84,0.11,0.1
269,0.05,0.31,0.88,0.05,0.37,0.12,0.84,0.11,0.09
270,0.05,0.31,0.83,0.05,0.37,0.16,0.84,0.11,0.1
271,0.04,0.3,0.78,0.05,0.37,0.12,0.79,0.11,0.1
272,0.04,0.29,0.78,0.05,0.36,0.0,0.84,0.11,0.09
273,0.05,0.29,0.83,0.05,0.35,0.12,0.84,0.11,0.09
274,0.04,0.29,0.75,0.05,0.35,0.16,0.84,0.1,0.09
275,0.04,0.28,0.78,0.05,0.34,0.08,0.84,0.1,0.09
276,0.04,0.27,0.83,0.04,0.33,0.12,0.84,0.1,0.09
277,0.04,0.26,0.78,0.05,0.32,0.16,0.84,0.1,0.08
278,0.03,0.26,0.83,0.04,0.32,0.08,0.84,0.1,0.08
279,0.04,0.25,0.88,0.04,0.31,0.04,0.84,0.1,0.08
280,0.02,0.25,0.78,0.04,0.31,0.16,0.88,0.1,0.08
281,0.04,0.24,0.78,0.04,0.3,0.16,0.84,0.1,0.08
282,0.04,0.23,0.78,0.04,0.29,0.16,0.84,0.1,0.08
283,0.03,0.23,0.92,0.04,0.29,0.12,0.84,0.1,0.07
284,0.03,0.23,0.83,0.04,0.29,0.08,0.88,0.09,0.07
285,0.03,0.22,0.83,0.04,0.28,0.12,0.84,0.08,0.07
286,0.03,0.22,0.88,0.04,0.28,0.08,0.84,0.1,0.07
287,0.03,0.21,0.83,0.04,0.27,0.12,0.84,0.09,0.07
288,0.05,0.21,0.78,0.03,0.26,0.08,0.84,0.09,0.08
289,0.03,0.2,0.88,0.03,0.26,0.12,0.91,0.09,0.07
290,0.03,0.2,0.92,0.03,0.25,0.08,0.88,0.09,0.07
291,0.03,0.2,0.83,0.03,0.25,0.12,0.88,0.08,0.07
292,0.03,0.19,0.83,0.03,0.24,0.04,0.88,0.09,0.07
293,0.03,0.18,0.83,0.03,0.24,0.08,0.91,0.09,0.07
294,0.03,0.18,0.57,0.03,0.23,0.12,0.91,0.08,0.07
295,0.03,0.17,0.78,0.03,0.22,0.12,0.84,0.08,0.07
296,0.03,0.17,0.88,0.03,0.22,0.12,0.91,0.09,0.07
297,0.03,0.16,0.78,0.03,0.21,0.12,0.84,0.09,0.07
298,0.03,0.16,0.83,0.03,0.21,0.12,0.84,0.08,0.07
299,0.03,0.16,0.88,0.03,0.21,0.16,0.84,0.09,0.07
300,0.03,0.15,0.83,0.03,0.2,0.12,0.91,0.09,0.06
301,0.03,0.15,0.78,0.03,0.19,0.12,0.88,0.08,0.07
302,0.02,0.14,0.83,0.03,0.19,0.16,0.88,0.08,0.07
303,0.03,0.13,0.88,0.03,0.18,0.16,0.84,0.08,0.07
304,0.03,0.13,0.88,0.03,0.18,0.12,0.84,0.09,0.06
305,0.02,0.13,0.88,0.03,0.18,0.16,0.88,0.08,0.07
306,0.02,0.12,0.88,0.03,0.17,0.12,0.88,0.08,0.06
307,0.02,0.12,0.83,0.03,0.16,0.12,0.88,0.08,0.07
308,0.02,0.11,0.88,0.02,0.16,0.12,0.88,0.08,0.06
309,0.02,0.11,0.88,0.02,0.15,0.12,0.84,0.08,0.06
310,0.02,0.11,0.88,0.02,0.15,0.25,0.88,0.08,0.07
311,0.02,0.1,0.83,0.02,0.15,0.21,0.88,0.08,0.07
312,0.02,0.1,0.88,0.03,0.14,0.21,0.91,0.07,0.06
313,0.02,0.1,0.88,0.03,0.14,0.16,0.88,0.08,0.07
314,0.02,0.09,0.92,0.02,0.13,0.21,0.91,0.08,0.06
315,0.02,0.09,1.0,0.02,0.13,0.16,0.91,0.08,0.06
316,0.02,0.09,0.88,0.02,0.13,0.29,0.91,0.07,0.06
317,0.02,0.08,0.83,0.02,0.12,0.16,0.88,0.07,0.06
318,0.02,0.08,0.88,0.02,0.12,0.16,0.96,0.08,0.06
319,0.02,0.07,0.92,0.02,0.11,0.16,0.84,0.08,0.07
320,0.02,0.07,0.92,0.02,0.11,0.21,0.88,0.08,0.07
321,0.02,0.06,0.96,0.02,0.1,0.21,0.88,0.08,0.06
322,0.01,0.06,0.88,0.02,0.1,0.21,0.88,0.07,0.06
323,0.01,0.06,0.96,0.02,0.1,0.21,0.96,0.08,0.06
324,0.01,0.05,0.88,0.02,0.09,0.16,0.96,0.08,0.06
325,0.01,0.05,0.83,0.02,0.09,0.16,0.91,0.07,0.06
326,0.01,0.04,0.83,0.02,0.08,0.25,0.91,0.07,0.06
327,0.01,0.04,0.96,0.01,0.08,0.25,0.91,0.07,0.05
328,0.01,0.04,0.88,0.01,0.07,0.25,0.91,0.07,0.06
329,0.01,0.03,0.88,0.01,0.07,0.16,0.96,0.06,0.05
330,0.01,0.03,0.88,0.01,0.06,0.21,0.96,0.08,0.05
331,0.01,0.03,0.88,0.01,0.06,0.21,0.96,0.07,0.06
332,0.0,0.02,0.88,0.01,0.05,0.21,0.88,0.07,0.05
333,0.0,0.02,0.88,0.01,0.05,0.25,0.88,0.07,0.05
334,0.0,0.01,0.88,0.01,0.05,0.16,0.84,0.07,0.05
335,0.0,0.01,0.78,0.01,0.04,0.16,0.88,0.07,0.05
336,0.0,0.01,0.88,0.01,0.04,0.21,0.96,0.07,0.05
337,0.0,0.0,0.83,0.01,0.03,0.16,0.91,0.07,0.05
338,0.0,0.0,0.83,0.01,0.03,0.16,0.91,0.07,0.05
339,0.0,0.0,0.83,0.01,0.03,0.16,0.91,0.07,0.05
340,0.0,0.0,0.83,0.01,0.03,0.16,0.91,0.07,0.05
341,0.0,0.0,0.83,0.01,0.03,0.16,0.91,0.07,0.05
342,0.0,0.0,0.83,0.01,0.03,0.16,0.91,0.07,0.05
343,0.0,0.0,0.83,0.01,0.03,0.16,0.91,0.07,0.05
344,0.0,0.0,0.83,0.01,0.03,0.16,0.91,0.07,0.05
345,0.0,0.0,0.83,0.01,0.03,0.16,0.91,0.07,0.05
346,0.0,0.0,0.83,0.01,0.03,0.16,0.91,0.07,0.05
347,0.0,0.0,0.83,0.01,0.03,0.16,0.91,0.07,0.05
348,0.0,0.0,0.83,0.01,0.03,0.16,0.91,0.07,0.05
349,0.0,0.0,0.83,0.01,0.03,0.16,0.91,0.07,0.05
350,0.0,0.0,0.83,0.01,0.03,0.16,0.91,0.07,0.05
351,0.0,0.0,0.83,0.01,0.03,0.16,0.91,0.07,0.05
352,0.0,0.0,0.83,0.01,0.03,0.16,0.91,0.07,0.05
353,0.0,0.0,0.83,0.01,0.03,0.16,0.91,0.07,0.05
354,0.0,0.0,0.83,0.01,0.03,0.16,0.91,0.07,0.05
355,0.0,0.0,0.83,0.01,0.03,0.16,0.91,0.07,0.05
356,0.0,0.0,0.83,0.01,0.03,0.16,0.91,0.07,0.05
357,0.0,0.0,0.83,0.01,0.03,0.16,0.91,0.07,0.05
358,0.0,0.0,0.83,0.01,0.03,0.16,0.91,0.07,0.05
359,0.0,0.0,0.83,0.01,0.03,0.16,0.91,0.07,0.05
360,0.0,0.0,0.83,0.01,0.03,0.16,0.91,0.07,0.05
361,0.0,0.0,0.83,0.01,0.03,0.16,0.91,0.07,0.05
362,0.0,0.0,0.83,0.01,0.03,0.16,0.91,0.07,0.05
363,0.0,0.0,0.83,0.01,0.03,0.16,0.91,0.07,0.05
364,0.0,0.0,0.83,0.01,0.03,0.16,0.91,0.07,0.05
365,0.0,0.0,0.83,0.01,0.03,0.16,0.91,0.07,0.05
366,0.0,0.0,0.83,0.01,0.03,0.16,0.91,0.07,0.05
367,0.0,0.0,0.83,0.01,0.03,0.16,0.91,0.07,0.05
368,0.0,0.0,0.83,0.01,0.03,0.16,0.91,0.07,0.05
369,0.0,0.0,0.83,0.01,0.03,0.16,0.91,0.07,0.05
370,0.0,0.0,0.83,0.01,0.03,0.16,0.91,0.07,0.05
371,0.0,0.0,0.83,0.01,0.03,0.16,0.91,0.07,0.05
372,0.0,0.0,0.83,0.01,0.03,0.16,0.91,0.07,0.05
373,0.0,0.0,0.83,0.01,0.03,0.16,0.91,0.07,0.05
374,0.0,0.0,0.83,0.01,0.03,0.16,0.91,0.07,0.05
375,0.0,0.0,0.83,0.01,0.03,0.16,0.91,0.07,0.05
376,0.0,0.0,0.83,0.01,0.03,0.16,0.91,0.07,0.05
377,0.0,0.0,0.83,0.01,0.03,0.16,0.91,0.07,0.05
378,0.0,0.0,0.83,0.01,0.03,0.16,0.91,0.07,0.05
379,0.0,0.0,0.83,0.01,0.03,0.16,0.91,0.07,0.05
380,0.0,0.0,0.83,0.01,0.03,0.16,0.91,0.07,0.05
381,0.0,0.0,0.83,0.01,0.03,0.16,0.91,0.07,0.05
382,0.0,0.0,0.83,0.01,0.03,0.16,0.91,0.07,0.05
383,0.0,0.0,0.83,0.01,0.03,0.16,0.91,0.07,0.05
384,0.0,0.0,0.83,0.01,0.03,0.16,0.91,0.07,0.05
385,0.0,0.0,0.83,0.01,0.03,0.16,0.91,0.07,0.05
386,0.0,0.0,0.83,0.01,0.03,0.16,0.91,0.07,0.05
387,0.0,0.0,0.83,0.01,0.03,0.16,0.91,0.07,0.05
388,0.0,0.0,0.83,0.01,0.03,0.16,0.91,0.07,0.05
389,0.0,0.0,0.83,0.01,0.03,0.16,0.91,0.07,0.05
390,0.0,0.0,0.83,0.01,0.03,0.16,0.91,0.07,0.05
391,0.0,0.0,0.83,0.01,0.03,0.16,0.91,0.07,0.05
392,0.0,0.0,0.83,0.01,0.03,0.16,0.91,0.07,0.05
393,0.0,0.0,0.83,0.01,0.03,0.16,0.91,0.07,0.05
394,0.0,0.0,0.83,0.01,0.03,0.16,0.91,0.07,0.05
395,0.0,0.0,0.83,0.01,0.03,0.16,0.91,0.07,0.05
396,0.0,0.0,0.83,0.01,0.03,0.16,0.91,0.07,0.05
397,0.0,0.0,0.83,0.01,0.03,0.16,0.91,0.07,0.05
398,0.0,0.0,0.83,0.01,0.03,0.16,0.91,0.07,0.05
399,0.0,0.0,0.83,0.01,0.03,0.16,0.91,0.07,0.05
400,0.0,0.0,0.83,0.01,0.03,0.16,0.91,0.07,0.05
401,0.0,0.0,0.83,0.01,0.03,0.16,0.91,0.07,0.05
402,0.0,0.0,0.83,0.01,0.03,0.16,0.91,0.07,0.05
403,0.0,0.0,0.83,0.01,0.03,0.16,0.91,0.07,0.05
404,0.0,0.0,0.83,0.01,0.03,0.16,0.91,0.07,0.05
405,0.0,0.0,0.83,0.01,0.03,0.16,0.91,0.07,0.05
406,0.0,0.0,0.83,0.01,0.03,0.16,0.91,0.07,0.05
407,0.0,0.0,0.83,0.01,0.03,0.16,0.91,0.07,0.05
408,0.0,0.0,0.83,0.01,0.03,0.16,0.91,0.07,0.05
409,0.0,0.0,0.83,0.01,0.03,0.16,0.91,0.07,0.05
410,0.0,0.0,0.83,0.01,0.03,0.16,0.91,0.07,0.05
411,0.0,0.0,0.83,0.01,0.03,0.16,0.91,0.07,0.05
412,0.0,0.0,0.83,0.01,0.03,0.16,0.91,0.07,0.05
413,0.0,0.0,0.83,0.01,0.03,0.16,0.91,0.07,0.05
414,0.0,0.0,0.83,0.01,0.03,0.16,0.91,0.07,0.05
415,0.0,0.0,0.83,0.01,0.03,0.16,0.91,0.07,0.05
416,0.0,0.0,0.83,0.01,0.03,0.16,0.91,0.07,0.05
417,0.0,0.0,0.83,0.01,0.03,0.16,0.91,0.07,0.05
418,0.0,0.0,0.83,0.01,0.03,0.16,0.91,0.07,0.05
419,0.0,0.0,0.83,0.01,0.03,0.16,0.91,0.07,0.05
420,0.0,0.0,0.83,0.01,0.03,0.16,0.91,0.07,0.05
421,0.0,0.0,0.83,0.01,0.03,0.16,0.91,0.07,0.05
422,0.0,0.0,0.83,0.01,0.03,0.16,0.91,0.07,0.05
423,0.0,0.0,0.83,0.01,0.03,0.16,0.91,0.07,0.05
424,0.0,0.0,0.83,0.01,0.03,0.16,0.91,0.07,0.05
425,0.0,0.0,0.83,0.01,0.03,0.16,0.91,0.07,0.05
426,0.0,0.0,0.83,0.01,0.03,0.16,0.91,0.07,0.05
427,0.0,0.0,0.83,0.01,0.03,0.16,0.91,0.07,0.05
428,0.0,0.0,0.83,0.01,0.03,0.16,0.91,0.07,0.05
429,0.0,0.0,0.83,0.01,0.03,0.16,0.91,0.07,0.05
430,0.0,0.0,0.83,0.01,0.03,0.16,0.91,0.07,0.05
431,0.0,0.0,0.83,0.01,0.03,0.16,0.91,0.07,0.05
432,0.0,0.0,0.83,0.01,0.03,0.16,0.91,0.07,0.05
433,0.0,0.0,0.83,0.01,0.03,0.16,0.91,0.07,0.05
434,0.0,0.0,0.83,0.01,0.03,0.16,0.91,0.07,0.05
435,0.0,0.0,0.83,0.01,0.03,0.16,0.91,0.07,0.05
436,0.0,0.0,0.83,0.01,0.03,0.16,0.91,0.07,0.05
437,0.0,0.0,0.83,0.01,0.03,0.16,0.91,0.07,0.05
438,0.0,0.0,0.83,0.01,0.03,0.16,0.91,0.07,0.05
439,0.0,0.0,0.83,0.01,0.03,0.16,0.91,0.07,0.05
440,0.0,0.0,0.83,0.01,0.03,0.16,0.91,0.07,0.05
441,0.0,0.0,0.83,0.01,0.03,0.16,0.91,0.07,0.05
442,0.0,0.0,0.83,0.01,0.03,0.16,0.91,0.07,0.05
443,0.0,0.0,0.83,0.01,0.03,0.16,0.91,0.07,0.05
444,0.0,0.0,0.83,0.01,0.03,0.16,0.91,0.07,0.05
445,0.0,0.0,0.83,0.01,0.03,0.16,0.91,0.07,0.05
446,0.0,0.0,0.83,0.01,0.03,0.16,0.91,0.07,0.05
447,0.0,0.0,0.83,0.01,0.03,0.16,0.91,0.07,0.05
448,0.0,0.0,0.83,0.01,0.03,0.16,0.91,0.07,0.05
449,0.0,0.0,0.83,0.01,0.03,0.16,0.91,0.07,0.05
450,0.0,0.0,0.83,0.01,0.03,0.16,0.91,0.07,0.05
451,0.0,0.0,0.83,0.01,0.03,0.16,0.91,0.07,0.05
452,0.0,0.0,0.83,0.01,0.03,0.16,0.91,0.07,0.05
453,0.0,0.0,0.83,0.01,0.03,0.16,0.91,0.07,0.05
454,0.0,0.0,0.83,0.01,0.03,0.16,0.91,0.07,0.05
455,0.0,0.0,0.83,0.01,0.03,0.16,0.91,0.07,0.05
456,0.0,0.0,0.83,0.01,0.03,0.16,0.91,0.07,0.05
457,0.0,0.0,0.83,0.01,0.03,0.16,0.91,0.07,0.05
458,0.0,0.0,0.83,0.01,0.03,0.16,0.91,0.07,0.05
459,0.0,0.0,0.83,0.01,0.03,0.16,0.91,0.07,0.05
460,0.0,0.0,0.83,0.01,0.03,0.16,0.91,0.07,0.05
461,0.0,0.0,0.83,0.01,0.03,0.16,0.91,0.07,0.05
462,0.0,0.0,0.83,0.01,0.03,0.16,0.91,0.07,0.05
463,0.0,0.0,0.83,0.01,0.03,0.16,0.91,0.07,0.05
464,0.0,0.0,0.83,0.01,0.03,0.16,0.91,0.07,0.05
465,0.0,0.0,0.83,0.01,0.03,0.16,0.91,0.07,0.05
466,0.0,0.0,0.83,0.01,0.03,0.16,0.91,0.07,0.05
467,0.0,0.0,0.83,0.01,0.03,0.16,0.91,0.07,0.05
468,0.0,0.0,0.83,0.01,0.03,0.16,0.91,0.07,0.05
469,0.0,0.0,0.83,0.01,0.03,0.16,0.91,0.07,0.05
470,0.0,0.0,0.83,0.01,0.03,0.16,0.91,0.07,0.05
471,0.0,0.0,0.83,0.01,0.03,0.16,0.91,0.07,0.05
472,0.0,0.0,0.83,0.01,0.03,0.16,0.91,0.07,0.05
473,0.0,0.0,0.83,0.01,0.03,0.16,0.91,0.07,0.05
474,0.0,0.0,0.83,0.01,0.03,0.16,0.91,0.07,0.05
475,0.0,0.0,0.83,0.01,0.03,0.16,0.91,0.07,0.05
476,0.0,0.0,0.83,0.01,0.03,0.16,0.91,0.07,0.05
477,0.0,0.0,0.83,0.01,0.03,0.16,0.91,0.07,0.05
478,0.0,0.0,0.83,0.01,0.03,0.16,0.91,0.07,0.05
479,0.0,0.0,0.83,0.01,0.03,0.16,0.91,0.07,0.05
480,0.0,0.0,0.83,0.01,0.03,0.16,0.91,0.07,0.05
481,0.0,0.0,0.83,0.01,0.03,0.16,0.91,0.07,0.05
482,0.0,0.0,0.83,0.01,0.03,0.16,0.91,0.07,0.05
483,0.0,0.0,0.83,0.01,0.03,0.16,0.91,0.07,0.05
484,0.0,0.0,0.83,0.01,0.03,0.16,0.91,0.07,0.05
485,0.0,0.0,0.83,0.01,0.03,0.16,0.91,0.07,0.05
486,0.0,0.0,0.83,0.01,0.03,0.16,0.91,0.07,0.05
487,0.0,0.0,0.83,0.01,0.03,0.16,0.91,0.07,0.05
488,0.0,0.0,0.83,0.01,0.03,0.16,0.91,0.07,0.05
489,0.0,0.0,0.83,0.01,0.03,0.16,0.91,0.07,0.05
490,0.0,0.0,0.83,0.01,0.03,0.16,0.91,0.07,0.05
491,0.0,0.0,0.83,0.01,0.03,0.16,0.91,0.07,0.05
492,0.0,0.0,0.83,0.01,0.03,0.16,0.91,0.07,0.05
493,0.0,0.0,0.83,0.01,0.03,0.16,0.91,0.07,0.05
494,0.0,0.0,0.83,0.01,0.03,0.16,0.91,0.07,0.05
495,0.0,0.0,0.83,0.01,0.03,0.16,0.91,0.07,0.05
496,0.0,0.0,0.83,0.01,0.03,0.16,0.91,0.07,0.05
497,0.0,0.0,0.83,0.01,0.03,0.16,0.91,0.07,0.05
498,0.0,0.0,0.83,0.01,0.03,0.16,0.91,0.07,0.05
499,0.0,0.0,0.83,0.01,0.03,0.16,0.91,0.07,0.05
500,0.0,0.0,0.83,0.01,0.03,0.16,0.91,0.07,0.05
501,0.0,0.0,0.83,0.01,0.03,0.16,0.91,0.07,0.05
502,0.0,0.0,0.83,0.01,0.03,0.16,0.91,0.07,0.05
503,0.0,0.0,0.83,0.01,0.03,0.16,0.91,0.07,0.05
504,0.0,0.0,0.83,0.01,0.03,0.16,0.91,0.07,0.05
505,0.0,0.0,0.83,0.01,0.03,0.16,0.91,0.07,0.05
506,0.0,0.0,0.83,0.01,0.03,0.16,0.91,0.07,0.05
507,0.0,0.0,0.83,0.01,0.03,0.16,0.91,0.07,0.05
508,0.0,0.0,0.83,0.01,0.03,0.16,0.91,0.07,0.05
509,0.0,0.0,0.83,0.01,0.03,0.16,0.91,0.07,0.05
510,0.0,0.0,0.83,0.01,0.03,0.16,0.91,0.07,0.05
511,0.0,0.0,0.83,0.01,0.03,0.16,0.91,0.07,0.05
