0,0.01,0.02,0.15,0.01,0.03,0.05,0.4,0.01,0.01
1,0.0,0.02,0.18,0.01,0.02,0.05,0.36,0.01,0.01
2,0.0,0.01,0.15,0.01,0.02,0.03,0.4,0.01,0.02
3,0.01,0.01,0.13,0.0,0.02,0.05,0.3,0.01,0.01
4,0.0,0.01,0.15,0.0,0.02,0.03,0.36,0.01,0.01
5,0.0,0.01,0.13,0.0,0.02,0.03,0.36,0.0,0.01
6,0.0,0.0,0.15,0.0,0.01,0.03,0.36,0.0,0.01
7,0.0,0.0,0.1,0.0,0.01,0.03,0.33,0.01,0.01
8,0.0,0.0,0.1,0.0,0.01,0.03,0.36,0.01,0.0
9,0.0,0.0,0.08,0.0,0.01,0.01,0.33,0.0,0.01
10,0.0,0.0,0.1,0.0,0.0,0.03,0.3,0.0,0.01
11,0.0,0.0,0.0,0.0,0.0,0.01,0.33,0.01,0.01
12,0.01,0.01,0.1,0.0,0.0,0.01,0.36,0.0,0.0
13,0.02,0.01,0.1,0.0,0.0,0.02,0.33,0.0,0.02
14,0.03,0.02,0.1,0.0,0.0,0.01,0.27,0.01,0.01
15,0.05,0.03,0.08,0.0,0.0,0.0,0.33,0.0,0.01
16,0.06,0.03,0.15,0.0,0.0,0.01,0.3,0.0,0.01
17,0.08,0.03,0.08,0.01,0.0,0.01,0.27,0.0,0.01
18,0.12,0.05,0.1,0.01,0.01,0.01,0.33,0.0,0.01
19,0.15,0.05,0.13,0.03,0.01,0.01,0.27,0.0,0.02
20,0.16,0.06,0.1,0.03,0.02,0.01,0.23,0.0,0.02
21,0.19,0.07,0.1,0.05,0.03,0.02,0.2,0.0,0.04
22,0.2,0.07,0.15,0.05,0.03,0.02,0.2,0.0,0.04
23,0.22,0.08,0.13,0.07,0.04,0.03,0.27,0.01,0.04
24,0.24,0.09,0.13,0.08,0.04,0.02,0.3,0.01,0.05
25,0.26,0.1,0.13,0.1,0.06,0.05,0.3,0.02,0.07
26,0.27,0.1,0.13,0.1,0.06,0.03,0.23,0.02,0.07
27,0.3,0.12,0.13,0.13,0.08,0.03,0.23,0.03,0.09
28,0.31,0.13,0.21,0.15,0.09,0.05,0.2,0.04,0.1
29,0.34,0.14,0.1,0.17,0.1,0.05,0.3,0.05,0.11
30,0.35,0.15,0.13,0.18,0.12,0.08,0.2,0.06,0.13
31,0.36,0.16,0.15,0.2,0.12,0.08,0.23,0.07,0.14
32,0.38,0.16,0.1,0.21,0.14,0.09,0.23,0.08,0.15
33,0.39,0.18,0.13,0.23,0.15,0.06,0.2,0.09,0.17
34,0.4,0.19,0.15,0.25,0.16,0.07,0.27,0.11,0.18
35,0.41,0.2,0.13,0.26,0.17,0.07,0.2,0.11,0.19
36,0.42,0.22,0.13,0.28,0.19,0.08,0.17,0.13,0.21
37,0.44,0.23,0.18,0.29,0.2,0.12,0.2,0.15,0.23
38,0.44,0.24,0.15,0.3,0.21,0.11,0.2,0.16,0.23
39,0.46,0.25,0.15,0.32,0.22,0.11,0.13,0.17,0.25
40,0.47,0.27,0.13,0.33,0.23,0.08,0.17,0.19,0.26
41,0.48,0.28,0.1,0.35,0.25,0.11,0.17,0.21,0.28
42,0.49,0.31,0.13,0.37,0.27,0.11,0.17,0.23,0.3
43,0.5,0.31,0.13,0.37,0.27,0.12,0.17,0.23,0.3
44,0.51,0.33,0.13,0.39,0.29,0.13,0.17,0.25,0.31
45,0.52,0.36,0.13,0.41,0.31,0.14,0.2,0.27,0.34
46,0.53,0.37,0.13,0.42,0.32,0.13,0.13,0.28,0.35
47,0.54,0.38,0.13,0.43,0.33,0.13,0.2,0.29,0.35
48,0.54,0.4,0.1,0.44,0.34,0.14,0.17,0.31,0.37
49,0.55,0.41,0.13,0.45,0.36,0.15,0.17,0.32,0.39
50,0.56,0.42,0.1,0.46,0.37,0.15,0.1,0.33,0.39
51,0.56,0.43,0.13,0.46,0.37,0.15,0.17,0.33,0.39
52,0.57,0.45,0.1,0.48,0.39,0.16,0.17,0.35,0.42
53,0.58,0.45,0.15,0.48,0.4,0.16,0.13,0.36,0.41
54,0.58,0.48,0.13,0.49,0.42,0.15,0.13,0.38,0.43
55,0.59,0.48,0.1,0.5,0.42,0.17,0.1,0.38,0.43
56,0.6,0.5,0.1,0.51,0.44,0.19,0.1,0.4,0.45
57,0.6,0.5,0.1,0.52,0.44,0.19,0.13,0.4,0.45
58,0.61,0.52,0.13,0.53,0.46,0.19,0.1,0.42,0.47
59,0.61,0.53,0.1,0.53,0.47,0.19,0.1,0.43,0.47
60,0.62,0.55,0.1,0.54,0.49,0.19,0.1,0.44,0.48
61,0.62,0.55,0.05,0.55,0.49,0.21,0.07,0.44,0.48
62,0.63,0.57,0.13,0.56,0.51,0.2,0.13,0.45,0.5
63,0.63,0.57,0.1,0.56,0.51,0.2,0.13,0.46,0.5
64,0.64,0.58,0.1,0.57,0.52,0.21,0.17,0.47,0.51
65,0.65,0.6,0.1,0.58,0.54,0.23,0.13,0.48,0.52
66,0.65,0.61,0.08,0.59,0.55,0.23,0.07,0.49,0.53
67,0.65,0.62,0.1,0.59,0.56,0.23,0.1,0.49,0.53
68,0.66,0.63,0.1,0.59,0.57,0.22,0.07,0.51,0.54
69,0.67,0.64,0.08,0.6,0.58,0.25,0.07,0.51,0.55
70,0.67,0.64,0.1,0.6,0.59,0.24,0.07,0.52,0.55
71,0.67,0.65,0.1,0.62,0.6,0.28,0.1,0.52,0.56
72,0.68,0.66,0.15,0.62,0.61,0.24,0.17,0.53,0.57
73,0.68,0.67,0.13,0.62,0.61,0.25,0.1,0.54,0.57
74,0.69,0.68,0.13,0.63,0.63,0.26,0.1,0.55,0.58
75,0.69,0.69,0.1,0.64,0.64,0.28,0.07,0.56,0.59
76,0.69,0.69,0.1,0.64,0.65,0.26,0.1,0.56,0.59
77,0.7,0.7,0.1,0.65,0.66,0.28,0.1,0.57,0.6
78,0.71,0.71,0.1,0.65,0.67,0.28,0.1,0.58,0.61
79,0.71,0.72,0.05,0.66,0.68,0.28,0.1,0.59,0.61
80,0.71,0.72,0.1,0.66,0.68,0.29,0.1,0.59,0.62
81,0.72,0.73,0.15,0.67,0.7,0.31,0.1,0.6,0.62
82,0.72,0.74,0.15,0.67,0.71,0.3,0.13,0.62,0.63
83,0.72,0.74,0.1,0.68,0.71,0.31,0.0,0.61,0.64
84,0.73,0.75,0.13,0.68,0.72,0.31,0.07,0.61,0.64
85,0.73,0.76,0.1,0.69,0.73,0.32,0.1,0.63,0.65
86,0.74,0.77,0.13,0.7,0.74,0.33,0.07,0.63,0.66
87,0.74,0.77,0.1,0.7,0.74,0.32,0.13,0.64,0.66
88,0.75,0.78,0.13,0.7,0.75,0.33,0.1,0.64,0.66
89,0.75,0.78,0.15,0.71,0.75,0.34,0.07,0.64,0.66
90,0.76,0.79,0.15,0.71,0.77,0.33,0.07,0.65,0.68
91,0.76,0.8,0.13,0.72,0.77,0.33,0.13,0.66,0.68
92,0.76,0.8,0.13,0.72,0.78,0.33,0.1,0.67,0.69
93,0.77,0.81,0.1,0.73,0.79,0.36,0.1,0.67,0.68
94,0.77,0.81,0.13,0.73,0.79,0.36,0.07,0.68,0.69
95,0.78,0.82,0.13,0.74,0.8,0.37,0.1,0.69,0.7
96,0.78,0.82,0.13,0.74,0.8,0.37,0.07,0.69,0.7
97,0.78,0.83,0.1,0.74,0.81,0.39,0.07,0.69,0.71
98,0.79,0.83,0.13,0.75,0.82,0.38,0.07,0.71,0.72
99,0.79,0.84,0.15,0.75,0.82,0.38,0.1,0.71,0.72
100,0.79,0.84,0.13,0.76,0.82,0.38,0.07,0.71,0.73
101,0.8,0.85,0.13,0.76,0.83,0.39,0.17,0.72,0.73
102,0.8,0.85,0.13,0.76,0.83,0.4,0.1,0.72,0.73
103,0.8,0.85,0.15,0.77,0.84,0.41,0.13,0.73,0.74
104,0.81,0.86,0.21,0.77,0.84,0.38,0.17,0.72,0.74
105,0.81,0.86,0.13,0.78,0.85,0.41,0.03,0.73,0.75
106,0.81,0.86,0.13,0.78,0.85,0.41,0.1,0.73,0.75
107,0.82,0.87,0.15,0.78,0.86,0.42,0.1,0.74,0.76
108,0.82,0.87,0.18,0.79,0.86,0.41,0.1,0.75,0.76
109,0.82,0.88,0.18,0.79,0.87,0.44,0.1,0.75,0.77
110,0.83,0.88,0.23,0.8,0.87,0.45,0.13,0.76,0.77
111,0.83,0.88,0.1,0.8,0.87,0.46,0.13,0.76,0.77
112,0.83,0.88,0.15,0.8,0.88,0.44,0.1,0.76,0.78
113,0.84,0.89,0.18,0.81,0.88,0.49,0.1,0.77,0.78
114,0.84,0.89,0.18,0.81,0.88,0.47,0.17,0.77,0.79
115,0.84,0.9,0.21,0.81,0.89,0.48,0.17,0.78,0.79
116,0.85,0.9,0.18,0.82,0.89,0.48,0.2,0.78,0.8
117,0.85,0.9,0.18,0.82,0.9,0.49,0.13,0.79,0.8
118,0.85,0.91,0.18,0.82,0.9,0.48,0.03,0.79,0.8
119,0.86,0.91,0.23,0.83,0.9,0.5,0.2,0.79,0.81
120,0.86,0.91,0.21,0.83,0.9,0.49,0.13,0.81,0.81
121,0.86,0.91,0.21,0.83,0.91,0.49,0.17,0.8,0.81
122,0.86,0.92,0.21,0.84,0.91,0.51,0.17,0.81,0.82
123,0.86,0.92,0.21,0.84,0.91,0.51,0.17,0.81,0.82
124,0.87,0.92,0.23,0.84,0.92,0.51,0.2,0.81,0.82
125,0.87,0.92,0.23,0.85,0.92,0.51,0.17,0.82,0.82
126,0.87,0.92,0.21,0.85,0.92,0.52,0.2,0.82,0.83
127,0.87,0.92,0.26,0.85,0.92,0.54,0.2,0.83,0.83
128,0.88,0.93,0.23,0.85,0.92,0.54,0.17,0.83,0.83
129,0.88,0.93,0.23,0.85,0.93,0.55,0.2,0.83,0.84
130,0.88,0.93,0.26,0.86,0.93,0.55,0.2,0.83,0.84
131,0.88,0.93,0.26,0.86,0.93,0.56,0.2,0.84,0.85
132,0.89,0.93,0.26,0.87,0.93,0.55,0.2,0.85,0.85
133,0.89,0.94,0.28,0.87,0.93,0.56,0.2,0.85,0.85
134,0.89,0.94,0.28,0.87,0.94,0.57,0.27,0.85,0.85
135,0.89,0.94,0.26,0.87,0.94,0.58,0.17,0.85,0.86
136,0.9,0.94,0.31,0.88,0.94,0.57,0.23,0.85,0.85
137,0.9,0.94,0.31,0.88,0.94,0.58,0.23,0.85,0.85
138,0.9,0.94,0.28,0.88,0.94,0.59,0.23,0.86,0.86
139,0.9,0.95,0.31,0.88,0.94,0.59,0.23,0.86,0.87
140,0.9,0.95,0.31,0.89,0.95,0.6,0.27,0.87,0.87
141,0.91,0.95,0.36,0.89,0.95,0.61,0.27,0.87,0.87
142,0.91,0.95,0.31,0.89,0.95,0.6,0.27,0.87,0.87
143,0.91,0.95,0.36,0.89,0.95,0.6,0.3,0.87,0.88
144,0.91,0.95,0.31,0.89,0.95,0.6,0.3,0.87,0.88
145,0.91,0.95,0.36,0.9,0.95,0.64,0.3,0.88,0.88
146,0.92,0.95,0.33,0.9,0.95,0.62,0.3,0.88,0.89
147,0.92,0.96,0.36,0.9,0.96,0.64,0.3,0.89,0.89
148,0.92,0.96,0.33,0.91,0.96,0.65,0.33,0.89,0.89
149,0.92,0.96,0.36,0.91,0.96,0.65,0.3,0.89,0.9
150,0.92,0.96,0.36,0.91,0.96,0.65,0.33,0.89,0.9
151,0.92,0.96,0.36,0.91,0.96,0.66,0.33,0.89,0.9
152,0.93,0.96,0.39,0.91,0.96,0.67,0.36,0.9,0.9
153,0.93,0.96,0.39,0.91,0.96,0.66,0.33,0.9,0.9
154,0.93,0.97,0.51,0.92,0.96,0.68,0.36,0.9,0.91
155,0.93,0.97,0.49,0.92,0.97,0.69,0.4,0.91,0.91
156,0.94,0.97,0.31,0.92,0.97,0.69,0.33,0.92,0.91
157,0.94,0.97,0.44,0.92,0.97,0.7,0.43,0.91,0.92
158,0.94,0.97,0.51,0.92,0.97,0.69,0.4,0.92,0.92
159,0.94,0.97,0.47,0.93,0.97,0.7,0.43,0.92,0.92
160,0.94,0.97,0.44,0.93,0.97,0.71,0.43,0.92,0.92
161,0.94,0.97,0.47,0.93,0.97,0.71,0.43,0.93,0.93
162,0.94,0.97,0.41,0.94,0.97,0.71,0.4,0.93,0.93
163,0.95,0.98,0.47,0.94,0.97,0.72,0.43,0.93,0.93
164,0.95,0.98,0.47,0.94,0.98,0.72,0.43,0.93,0.94
165,0.95,0.98,0.49,0.94,0.98,0.74,0.4,0.93,0.94
166,0.95,0.98,0.47,0.94,0.98,0.72,0.51,0.93,0.94
167,0.95,0.98,0.47,0.95,0.98,0.75,0.43,0.94,0.94
168,0.95,0.98,0.49,0.95,0.98,0.76,0.51,0.94,0.94
169,0.96,0.98,0.51,0.95,0.98,0.76,0.46,0.94,0.94
170,0.96,0.98,0.51,0.95,0.98,0.76,0.46,0.94,0.94
171,0.96,0.98,0.54,0.95,0.98,0.76,0.46,0.95,0.95
172,0.96,0.98,0.54,0.96,0.98,0.77,0.54,0.95,0.95
173,0.96,0.98,0.54,0.96,0.98,0.77,0.54,0.95,0.95
174,0.96,0.98,0.59,0.96,0.98,0.78,0.61,0.95,0.95
175,0.96,0.99,0.57,0.96,0.98,0.79,0.54,0.96,0.95
176,0.97,0.98,0.54,0.96,0.99,0.79,0.54,0.95,0.96
177,0.97,0.99,0.54,0.96,0.99,0.78,0.67,0.96,0.96
178,0.97,0.99,0.51,0.96,0.99,0.8,0.57,0.96,0.96
179,0.97,0.99,0.57,0.97,0.99,0.83,0.57,0.96,0.97
180,0.97,0.99,0.62,0.97,0.99,0.83,0.64,0.96,0.97
181,0.98,0.99,0.59,0.97,0.99,0.83,0.57,0.97,0.97
182,0.98,0.99,0.59,0.97,0.99,0.83,0.61,0.96,0.97
183,0.98,0.99,0.62,0.97,0.99,0.83,0.64,0.97,0.97
184,0.98,0.99,0.62,0.97,0.99,0.84,0.67,0.97,0.97
185,0.98,0.99,0.62,0.97,0.99,0.84,0.61,0.97,0.96
186,0.98,0.99,0.65,0.98,0.99,0.85,0.67,0.98,0.98
187,0.98,0.99,0.62,0.98,0.99,0.85,0.67,0.98,0.98
188,0.98,0.99,0.67,0.98,0.99,0.85,0.74,0.98,0.98
189,0.98,0.99,0.69,0.98,0.99,0.86,0.67,0.98,0.98
190,0.98,0.99,0.67,0.98,0.99,0.87,0.67,0.98,0.98
191,0.99,0.99,0.67,0.99,0.99,0.88,0.74,0.99,0.98
192,0.99,0.99,0.69,0.99,1.0,0.87,0.74,0.99,0.98
193,0.99,1.0,0.69,0.99,1.0,0.88,0.77,0.99,0.99
194,0.99,1.0,0.72,0.99,1.0,0.88,0.7,0.99,0.99
195,0.99,1.0,0.72,0.99,1.0,0.89,0.7,0.99,0.99
196,0.99,1.0,0.72,1.0,1.0,0.9,0.74,0.99,1.0
197,0.99,1.0,0.72,1.0,1.0,0.89,0.74,0.99,0.99
198,0.99,1.0,0.77,1.0,1.0,0.9,0.74,1.0,1.0
199,1.0,1.0,0.77,1.0,1.0,0.91,0.8,1.0,1.0
200,1.0,1.0,0.85,1.0,1.0,0.92,0.9,0.99,0.99
201,0.98,0.99,0.95,0.99,1.0,0.95,0.9,0.98,0.97
202,0.96,0.99,0.98,0.98,1.0,0.99,0.9,0.96,0.95
203,0.93,0.99,0.98,0.95,0.99,0.99,0.9,0.93,0.91
204,0.89,0.98,1.0,0.93,0.99,1.0,0.9,0.89,0.88
205,0.87,0.98,0.98,0.9,0.99,0.99,0.93,0.86,0.85
206,0.82,0.97,0.98,0.86,0.98,0.97,1.0,0.81,0.8
207,0.8,0.96,0.98,0.84,0.98,0.96,0.93,0.79,0.77
208,0.74,0.95,0.88,0.8,0.97,0.93,0.9,0.74,0.73
209,0.71,0.95,0.98,0.76,0.97,0.91,0.87,0.71,0.7
210,0.7,0.95,0.92,0.75,0.97,0.9,0.87,0.71,0.7
211,0.66,0.94,1.0,0.71,0.96,0.89,0.9,0.67,0.65
212,0.64,0.93,0.9,0.68,0.95,0.86,0.87,0.64,0.64
213,0.59,0.92,0.9,0.63,0.95,0.85,0.84,0.61,0.6
214,0.58,0.92,0.92,0.62,0.94,0.83,0.87,0.6,0.6
215,0.54,0.91,0.9,0.58,0.94,0.79,0.84,0.57,0.56
216,0.52,0.9,0.88,0.55,0.93,0.78,0.87,0.54,0.54
217,0.51,0.9,0.92,0.54,0.93,0.76,0.87,0.54,0.54
218,0.48,0.89,0.9,0.51,0.92,0.76,0.87,0.52,0.51
219,0.46,0.88,0.85,0.49,0.91,0.72,0.9,0.49,0.49
220,0.45,0.88,0.83,0.47,0.91,0.71,0.84,0.49,0.49
221,0.44,0.87,0.85,0.46,0.9,0.69,0.84,0.46,0.48
222,0.42,0.86,0.9,0.44,0.9,0.7,0.87,0.46,0.46
223,0.41,0.86,0.92,0.43,0.89,0.66,0.84,0.45,0.45
224,0.39,0.85,0.85,0.41,0.89,0.66,0.84,0.43,0.44
225,0.38,0.84,0.83,0.39,0.88,0.65,0.84,0.42,0.42
226,0.36,0.83,0.88,0.37,0.87,0.6,0.84,0.4,0.4
227,0.34,0.83,0.83,0.36,0.87,0.61,0.87,0.39,0.39
228,0.34,0.82,0.83,0.34,0.86,0.58,0.87,0.38,0.39
229,0.32,0.81,0.83,0.34,0.86,0.58,0.8,0.37,0.38
230,0.32,0.81,0.77,0.33,0.85,0.58,0.84,0.36,0.37
231,0.31,0.8,0.83,0.32,0.85,0.56,0.8,0.35,0.36
232,0.3,0.8,0.8,0.31,0.84,0.55,0.84,0.35,0.36
233,0.29,0.79,0.77,0.29,0.83,0.54,0.84,0.34,0.34
234,0.28,0.78,0.77,0.29,0.83,0.54,0.77,0.33,0.35
235,0.27,0.78,0.77,0.28,0.83,0.52,0.8,0.33,0.33
236,0.26,0.77,0.75,0.27,0.82,0.52,0.8,0.32,0.32
237,0.26,0.76,0.77,0.27,0.81,0.5,0.87,0.31,0.32
238,0.25,0.76,0.77,0.26,0.81,0.51,0.8,0.3,0.31
239,0.24,0.75,0.77,0.25,0.8,0.48,0.7,0.29,0.3
240,0.24,0.75,0.75,0.25,0.8,0.48,0.84,0.29,0.3
241,0.23,0.74,0.72,0.24,0.79,0.49,0.84,0.28,0.29
242,0.23,0.73,0.72,0.23,0.79,0.46,0.77,0.28,0.28
243,0.22,0.72,0.75,0.23,0.78,0.45,0.8,0.26,0.27
244,0.22,0.72,0.69,0.22,0.78,0.45,0.8,0.26,0.27
245,0.21,0.71,0.67,0.22,0.77,0.44,0.77,0.26,0.27
246,0.2,0.7,0.75,0.21,0.76,0.42,0.8,0.25,0.26
247,0.2,0.7,0.69,0.21,0.76,0.42,0.8,0.25,0.26
248,0.2,0.69,0.77,0.2,0.75,0.41,0.77,0.25,0.26
249,0.19,0.68,0.69,0.2,0.74,0.41,0.8,0.23,0.25
250,0.19,0.68,0.69,0.19,0.74,0.39,0.8,0.23,0.25
251,0.19,0.67,0.69,0.19,0.73,0.4,0.77,0.23,0.24
252,0.18,0.66,0.67,0.18,0.72,0.38,0.8,0.22,0.23
253,0.18,0.66,0.69,0.18,0.72,0.4,0.77,0.22,0.23
254,0.18,0.66,0.65,0.18,0.72,0.38,0.77,0.22,0.23
255,0.17,0.65,0.67,0.17,0.71,0.36,0.84,0.21,0.23
256,0.18,0.64,0.72,0.17,0.7,0.36,0.77,0.21,0.22
257,0.16,0.63,0.67,0.17,0.7,0.36,0.67,0.21,0.21
258,0.16,0.63,0.67,0.17,0.69,0.36,0.8,0.21,0.22
259,0.16,0.62,0.65,0.16,0.69,0.34,0.7,0.2,0.21
260,0.16,0.62,0.65,0.16,0.68,0.34,0.77,0.19,0.21
261,0.15,0.6,0.67,0.15,0.67,0.34,0.77,0.19,0.19
262,0.15,0.6,0.62,0.15,0.67,0.33,0.74,0.19,0.2
263,0.15,0.6,0.65,0.15,0.66,0.33,0.77,0.19,0.19
264,0.14,0.58,0.59,0.14,0.65,0.31,0.8,0.18,0.19
265,0.14,0.58,0.59,0.14,0.64,0.32,0.77,0.17,0.18
266,0.14,0.57,0.62,0.14,0.64,0.31,0.7,0.17,0.19
267,0.14,0.57,0.62,0.14,0.63,0.28,0.74,0.17,0.18
268,0.13,0.56,0.59,0.13,0.63,0.3,0.77,0.16,0.18
269,0.13,0.55,0.62,0.13,0.62,0.29,0.67,0.16,0.17
270,0.13,0.55,0.59,0.13,0.61,0.28,0.8,0.16,0.17
271,0.13,0.54,0.59,0.13,0.61,0.28,0.74,0.16,0.17
272,0.13,0.54,0.59,0.13,0.61,0.25,0.77,0.15,0.17
273,0.12,0.52,0.59,0.12,0.59,0.26,0.74,0.15,0.16
274,0.12,0.52,0.54,0.12,0.59,0.3,0.7,0.15,0.16
275,0.12,0.52,0.54,0.12,0.58,0.26,0.74,0.14,0.16
276,0.12,0.51,0.57,0.12,0.58,0.29,0.67,0.14,0.16
277,0.12,0.51,0.57,0.12,0.57,0.25,0.67,0.15,0.15
278,0.12,0.5,0.57,0.11,0.56,0.24,0.67,0.14,0.16
279,0.11,0.49,0.54,0.11,0.55,0.24,0.74,0.14,0.15
280,0.11,0.48,0.54,0.11,0.55,0.24,0.64,0.14,0.15
281,0.11,0.48,0.54,0.11,0.54,0.24,0.7,0.14,0.15
282,0.11,0.47,0.54,0.11,0.54,0.23,0.67,0.13,0.14
283,0.11,0.47,0.54,0.11,0.53,0.22,0.74,0.13,0.15
284,0.11,0.46,0.51,0.1,0.53,0.23,0.7,0.13,0.14
285,0.11,0.46,0.51,0.1,0.52,0.23,0.7,0.13,0.14
286,0.11,0.45,0.49,0.1,0.51,0.21,0.67,0.12,0.14
287,0.1,0.45,0.51,0.1,0.51,0.21,0.77,0.13,0.13
288,0.1,0.44,0.49,0.1,0.5,0.21,0.67,0.11,0.13
289,0.1,0.44,0.54,0.1,0.5,0.22,0.67,0.12,0.12
290,0.1,0.43,0.49,0.1,0.49,0.23,0.61,0.11,0.13
291,0.1,0.43,0.41,0.1,0.49,0.2,0.64,0.12,0.13
292,0.1,0.42,0.47,0.1,0.48,0.2,0.7,0.11,0.12
293,0.1,0.41,0.49,0.09,0.48,0.2,0.64,0.11,0.12
294,0.1,0.41,0.49,0.09,0.47,0.2,0.61,0.11,0.12
295,0.1,0.41,0.49,0.09,0.47,0.16,0.61,0.11,0.12
296,0.09,0.4,0.47,0.09,0.46,0.19,0.64,0.1,0.12
297,0.09,0.39,0.51,0.09,0.45,0.19,0.64,0.11,0.11
298,0.09,0.39,0.49,0.09,0.45,0.2,0.57,0.1,0.12
299,0.09,0.38,0.47,0.09,0.44,0.17,0.67,0.11,0.11
300,0.09,0.38,0.44,0.09,0.44,0.19,0.64,0.1,0.11
301,0.09,0.38,0.44,0.09,0.44,0.17,0.54,0.1,0.11
302,0.09,0.35,0.47,0.09,0.43,0.17,0.64,0.1,0.11
303,0.09,0.37,0.44,0.09,0.43,0.17,0.61,0.1,0.11
304,0.09,0.36,0.47,0.09,0.42,0.17,0.61,0.1,0.11
305,0.09,0.36,0.41,0.09,0.41,0.16,0.64,0.1,0.11
306,0.09,0.35,0.39,0.08,0.41,0.16,0.57,0.09,0.1
307,0.08,0.34,0.41,0.08,0.4,0.16,0.57,0.09,0.11
308,0.08,0.34,0.44,0.08,0.4,0.15,0.61,0.09,0.11
309,0.08,0.33,0.41,0.08,0.39,0.15,0.64,0.09,0.1
310,0.08,0.33,0.39,0.08,0.39,0.14,0.57,0.09,0.1
311,0.08,0.32,0.41,0.08,0.38,0.15,0.64,0.09,0.1
312,0.08,0.32,0.36,0.08,0.38,0.15,0.57,0.09,0.1
313,0.08,0.31,0.39,0.08,0.37,0.19,0.57,0.08,0.1
314,0.08,0.31,0.41,0.08,0.36,0.14,0.54,0.08,0.1
315,0.07,0.3,0.39,0.08,0.36,0.14,0.54,0.08,0.09
316,0.07,0.3,0.39,0.07,0.35,0.14,0.54,0.08,0.1
317,0.07,0.29,0.36,0.08,0.35,0.13,0.54,0.07,0.09
318,0.07,0.29,0.36,0.07,0.35,0.13,0.57,0.08,0.09
319,0.08,0.29,0.36,0.07,0.34,0.13,0.54,0.08,0.09
320,0.07,0.29,0.41,0.08,0.34,0.13,0.54,0.07,0.09
321,0.07,0.28,0.36,0.07,0.33,0.13,0.54,0.07,0.09
322,0.07,0.27,0.39,0.07,0.32,0.13,0.51,0.07,0.08
323,0.07,0.27,0.36,0.07,0.32,0.13,0.51,0.07,0.08
324,0.07,0.26,0.36,0.07,0.31,0.12,0.54,0.07,0.08
325,0.07,0.26,0.33,0.07,0.31,0.12,0.57,0.07,0.09
326,0.07,0.25,0.33,0.07,0.3,0.11,0.51,0.07,0.08
327,0.07,0.25,0.36,0.07,0.3,0.12,0.54,0.07,0.08
328,0.07,0.25,0.31,0.07,0.29,0.12,0.54,0.07,0.08
329,0.07,0.24,0.33,0.07,0.29,0.12,0.54,0.07,0.08
330,0.07,0.24,0.33,0.07,0.28,0.12,0.54,0.07,0.08
331,0.07,0.23,0.36,0.07,0.28,0.13,0.43,0.07,0.08
332,0.07,0.23,0.36,0.07,0.27,0.11,0.51,0.07,0.08
333,0.07,0.23,0.31,0.07,0.27,0.12,0.51,0.07,0.08
334,0.06,0.22,0.36,0.07,0.26,0.13,0.51,0.07,0.08
335,0.06,0.22,0.36,0.06,0.26,0.12,0.43,0.07,0.07
336,0.06,0.21,0.31,0.06,0.25,0.09,0.51,0.06,0.08
337,0.06,0.21,0.33,0.06,0.25,0.11,0.51,0.06,0.07
338,0.06,0.21,0.39,0.06,0.24,0.11,0.51,0.07,0.07
339,0.06,0.2,0.31,0.06,0.24,0.11,0.54,0.06,0.08
340,0.06,0.2,0.31,0.06,0.24,0.11,0.57,0.06,0.07
341,0.06,0.19,0.31,0.06,0.23,0.11,0.51,0.06,0.07
342,0.06,0.19,0.31,0.06,0.23,0.11,0.46,0.06,0.07
343,0.06,0.18,0.28,0.06,0.22,0.12,0.46,0.05,0.06
344,0.06,0.18,0.31,0.06,0.22,0.11,0.51,0.06,0.07
345,0.06,0.18,0.28,0.06,0.22,0.09,0.43,0.06,0.07
346,0.06,0.18,0.31,0.06,0.21,0.13,0.46,0.06,0.07
347,0.06,0.17,0.33,0.06,0.21,0.08,0.46,0.06,0.06
348,0.06,0.17,0.28,0.06,0.21,0.09,0.51,0.05,0.06
349,0.06,0.17,0.26,0.06,0.2,0.09,0.43,0.05,0.06
350,0.05,0.16,0.31,0.06,0.19,0.09,0.46,0.06,0.06
351,0.05,0.16,0.26,0.06,0.19,0.08,0.51,0.05,0.06
352,0.05,0.15,0.31,0.05,0.19,0.08,0.46,0.05,0.06
353,0.06,0.15,0.28,0.06,0.18,0.08,0.4,0.05,0.07
354,0.05,0.15,0.23,0.05,0.18,0.08,0.43,0.05,0.06
355,0.05,0.14,0.23,0.05,0.18,0.08,0.43,0.05,0.06
356,0.05,0.14,0.26,0.05,0.17,0.07,0.43,0.06,0.06
357,0.05,0.14,0.28,0.05,0.17,0.07,0.46,0.05,0.06
358,0.05,0.14,0.23,0.05,0.17,0.07,0.43,0.06,0.06
359,0.04,0.14,0.23,0.05,0.16,0.08,0.4,0.05,0.06
360,0.04,0.14,0.23,0.05,0.16,0.08,0.4,0.05,0.06
361,0.04,0.14,0.23,0.05,0.16,0.08,0.4,0.05,0.06
362,0.04,0.14,0.23,0.05,0.16,0.08,0.4,0.05,0.06
363,0.04,0.14,0.23,0.05,0.16,0.08,0.4,0.05,0.06
364,0.04,0.14,0.23,0.05,0.16,0.08,0.4,0.05,0.06
365,0.04,0.14,0.23,0.05,0.16,0.08,0.4,0.05,0.06
366,0.04,0.14,0.23,0.05,0.16,0.08,0.4,0.05,0.06
367,0.04,0.14,0.23,0.05,0.16,0.08,0.4,0.05,0.06
368,0.04,0.14,0.23,0.05,0.16,0.08,0.4,0.05,0.06
369,0.04,0.14,0.23,0.05,0.16,0.08,0.4,0.05,0.06
370,0.04,0.14,0.23,0.05,0.16,0.08,0.4,0.05,0.06
371,0.04,0.14,0.23,0.05,0.16,0.08,0.4,0.05,0.06
372,0.04,0.14,0.23,0.05,0.16,0.08,0.4,0.05,0.06
373,0.04,0.14,0.23,0.05,0.16,0.08,0.4,0.05,0.06
374,0.04,0.14,0.23,0.05,0.16,0.08,0.4,0.05,0.06
375,0.04,0.14,0.23,0.05,0.16,0.08,0.4,0.05,0.06
376,0.04,0.14,0.23,0.05,0.16,0.08,0.4,0.05,0.06
377,0.04,0.14,0.23,0.05,0.16,0.08,0.4,0.05,0.06
378,0.04,0.14,0.23,0.05,0.16,0.08,0.4,0.05,0.06
379,0.04,0.14,0.23,0.05,0.16,0.08,0.4,0.05,0.06
380,0.04,0.14,0.23,0.05,0.16,0.08,0.4,0.05,0.06
381,0.04,0.14,0.23,0.05,0.16,0.08,0.4,0.05,0.06
382,0.04,0.14,0.23,0.05,0.16,0.08,0.4,0.05,0.06
383,0.04,0.14,0.23,0.05,0.16,0.08,0.4,0.05,0.06
384,0.04,0.14,0.23,0.05,0.16,0.08,0.4,0.05,0.06
385,0.04,0.14,0.23,0.05,0.16,0.08,0.4,0.05,0.06
386,0.04,0.14,0.23,0.05,0.16,0.08,0.4,0.05,0.06
387,0.04,0.14,0.23,0.05,0.16,0.08,0.4,0.05,0.06
388,0.04,0.14,0.23,0.05,0.16,0.08,0.4,0.05,0.06
389,0.04,0.14,0.23,0.05,0.16,0.08,0.4,0.05,0.06
390,0.04,0.14,0.23,0.05,0.16,0.08,0.4,0.05,0.06
391,0.04,0.14,0.23,0.05,0.16,0.08,0.4,0.05,0.06
392,0.04,0.14,0.23,0.05,0.16,0.08,0.4,0.05,0.06
393,0.04,0.14,0.23,0.05,0.16,0.08,0.4,0.05,0.06
394,0.04,0.14,0.23,0.05,0.16,0.08,0.4,0.05,0.06
395,0.04,0.14,0.23,0.05,0.16,0.08,0.4,0.05,0.06
396,0.04,0.14,0.23,0.05,0.16,0.08,0.4,0.05,0.06
397,0.04,0.14,0.23,0.05,0.16,0.08,0.4,0.05,0.06
398,0.04,0.14,0.23,0.05,0.16,0.08,0.4,0.05,0.06
399,0.04,0.14,0.23,0.05,0.16,0.08,0.4,0.05,0.06
400,0.04,0.14,0.23,0.05,0.16,0.08,0.4,0.05,0.06
401,0.04,0.14,0.23,0.05,0.16,0.08,0.4,0.05,0.06
402,0.04,0.14,0.23,0.05,0.16,0.08,0.4,0.05,0.06
403,0.04,0.14,0.23,0.05,0.16,0.08,0.4,0.05,0.06
404,0.04,0.14,0.23,0.05,0.16,0.08,0.4,0.05,0.06
405,0.04,0.14,0.23,0.05,0.16,0.08,0.4,0.05,0.06
406,0.04,0.14,0.23,0.05,0.16,0.08,0.4,0.05,0.06
407,0.04,0.14,0.23,0.05,0.16,0.08,0.4,0.05,0.06
408,0.04,0.14,0.23,0.05,0.16,0.08,0.4,0.05,0.06
409,0.04,0.14,0.23,0.05,0.16,0.08,0.4,0.05,0.06
410,0.04,0.14,0.23,0.05,0.16,0.08,0.4,0.05,0.06
411,0.04,0.14,0.23,0.05,0.16,0.08,0.4,0.05,0.06
412,0.04,0.14,0.23,0.05,0.16,0.08,0.4,0.05,0.06
413,0.04,0.14,0.23,0.05,0.16,0.08,0.4,0.05,0.06
414,0.04,0.14,0.23,0.05,0.16,0.08,0.4,0.05,0.06
415,0.04,0.14,0.23,0.05,0.16,0.08,0.4,0.05,0.06
416,0.04,0.14,0.23,0.05,0.16,0.08,0.4,0.05,0.06
417,0.04,0.14,0.23,0.05,0.16,0.08,0.4,0.05,0.06
418,0.04,0.14,0.23,0.05,0.16,0.08,0.4,0.05,0.06
419,0.04,0.14,0.23,0.05,0.16,0.08,0.4,0.05,0.06
420,0.04,0.14,0.23,0.05,0.16,0.08,0.4,0.05,0.06
421,0.04,0.14,0.23,0.05,0.16,0.08,0.4,0.05,0.06
422,0.04,0.14,0.23,0.05,0.16,0.08,0.4,0.05,0.06
423,0.04,0.14,0.23,0.05,0.16,0.08,0.4,0.05,0.06
424,0.04,0.14,0.23,0.05,0.16,0.08,0.4,0.05,0.06
425,0.04,0.14,0.23,0.05,0.16,0.08,0.4,0.05,0.06
426,0.04,0.14,0.23,0.05,0.16,0.08,0.4,0.05,0.06
427,0.04,0.14,0.23,0.05,0.16,0.08,0.4,0.05,0.06
428,0.04,0.14,0.23,0.05,0.16,0.08,0.4,0.05,0.06
429,0.04,0.14,0.23,0.05,0.16,0.08,0.4,0.05,0.06
430,0.04,0.14,0.23,0.05,0.16,0.08,0.4,0.05,0.06
431,0.04,0.14,0.23,0.05,0.16,0.08,0.4,0.05,0.06
432,0.04,0.14,0.23,0.05,0.16,0.08,0.4,0.05,0.06
433,0.04,0.14,0.23,0.05,0.16,0.08,0.4,0.05,0.06
434,0.04,0.14,0.23,0.05,0.16,0.08,0.4,0.05,0.06
435,0.04,0.14,0.23,0.05,0.16,0.08,0.4,0.05,0.06
436,0.04,0.14,0.23,0.05,0.16,0.08,0.4,0.05,0.06
437,0.04,0.14,0.23,0.05,0.16,0.08,0.4,0.05,0.06
438,0.04,0.14,0.23,0.05,0.16,0.08,0.4,0.05,0.06
439,0.04,0.14,0.23,0.05,0.16,0.08,0.4,0.05,0.06
440,0.04,0.14,0.23,0.05,0.16,0.08,0.4,0.05,0.06
441,0.04,0.14,0.23,0.05,0.16,0.08,0.4,0.05,0.06
442,0.04,0.14,0.23,0.05,0.16,0.08,0.4,0.05,0.06
443,0.04,0.14,0.23,0.05,0.16,0.08,0.4,0.05,0.06
444,0.04,0.14,0.23,0.05,0.16,0.08,0.4,0.05,0.06
445,0.04,0.14,0.23,0.05,0.16,0.08,0.4,0.05,0.06
446,0.04,0.14,0.23,0.05,0.16,0.08,0.4,0.05,0.06
447,0.04,0.14,0.23,0.05,0.16,0.08,0.4,0.05,0.06
448,0.04,0.14,0.23,0.05,0.16,0.08,0.4,0.05,0.06
449,0.04,0.14,0.23,0.05,0.16,0.08,0.4,0.05,0.06
450,0.04,0.14,0.23,0.05,0.16,0.08,0.4,0.05,0.06
451,0.04,0.14,0.23,0.05,0.16,0.08,0.4,0.05,0.06
452,0.04,0.14,0.23,0.05,0.16,0.08,0.4,0.05,0.06
453,0.04,0.14,0.23,0.05,0.16,0.08,0.4,0.05,0.06
454,0.04,0.14,0.23,0.05,0.16,0.08,0.4,0.05,0.06
455,0.04,0.14,0.23,0.05,0.16,0.08,0.4,0.05,0.06
456,0.04,0.14,0.23,0.05,0.16,0.08,0.4,0.05,0.06
457,0.04,0.14,0.23,0.05,0.16,0.08,0.4,0.05,0.06
458,0.04,0.14,0.23,0.05,0.16,0.08,0.4,0.05,0.06
459,0.04,0.14,0.23,0.05,0.16,0.08,0.4,0.05,0.06
460,0.04,0.14,0.23,0.05,0.16,0.08,0.4,0.05,0.06
461,0.04,0.14,0.23,0.05,0.16,0.08,0.4,0.05,0.06
462,0.04,0.14,0.23,0.05,0.16,0.08,0.4,0.05,0.06
463,0.04,0.14,0.23,0.05,0.16,0.08,0.4,0.05,0.06
464,0.04,0.14,0.23,0.05,0.16,0.08,0.4,0.05,0.06
465,0.04,0.14,0.23,0.05,0.16,0.08,0.4,0.05,0.06
466,0.04,0.14,0.23,0.05,0.16,0.08,0.4,0.05,0.06
467,0.04,0.14,0.23,0.05,0.16,0.08,0.4,0.05,0.06
468,0.04,0.14,0.23,0.05,0.16,0.08,0.4,0.05,0.06
469,0.04,0.14,0.23,0.05,0.16,0.08,0.4,0.05,0.06
470,0.04,0.14,0.23,0.05,0.16,0.08,0.4,0.05,0.06
471,0.04,0.14,0.23,0.05,0.16,0.08,0.4,0.05,0.06
472,0.04,0.14,0.23,0.05,0.16,0.08,0.4,0.05,0.06
473,0.04,0.14,0.23,0.05,0.16,0.08,0.4,0.05,0.06
474,0.04,0.14,0.23,0.05,0.16,0.08,0.4,0.05,0.06
475,0.04,0.14,0.23,0.05,0.16,0.08,0.4,0.05,0.06
476,0.04,0.14,0.23,0.05,0.16,0.08,0.4,0.05,0.06
477,0.04,0.14,0.23,0.05,0.16,0.08,0.4,0.05,0.06
478,0.04,0.14,0.23,0.05,0.16,0.08,0.4,0.05,0.06
479,0.04,0.14,0.23,0.05,0.16,0.08,0.4,0.05,0.06
480,0.04,0.14,0.23,0.05,0.16,0.08,0.4,0.05,0.06
481,0.04,0.14,0.23,0.05,0.16,0.08,0.4,0.05,0.06
482,0.04,0.14,0.23,0.05,0.16,0.08,0.4,0.05,0.06
483,0.04,0.14,0.23,0.05,0.16,0.08,0.4,0.05,0.06
484,0.04,0.14,0.23,0.05,0.16,0.08,0.4,0.05,0.06
485,0.04,0.14,0.23,0.05,0.16,0.08,0.4,0.05,0.06
486,0.04,0.14,0.23,0.05,0.16,0.08,0.4,0.05,0.06
487,0.04,0.14,0.23,0.05,0.16,0.08,0.4,0.05,0.06
488,0.04,0.14,0.23,0.05,0.16,0.08,0.4,0.05,0.06
489,0.04,0.14,0.23,0.05,0.16,0.08,0.4,0.05,0.06
490,0.04,0.14,0.23,0.05,0.16,0.08,0.4,0.05,0.06
491,0.04,0.14,0.23,0.05,0.16,0.08,0.4,0.05,0.06
492,0.04,0.14,0.23,0.05,0.16,0.08,0.4,0.05,0.06
493,0.04,0.14,0.23,0.05,0.16,0.08,0.4,0.05,0.06
494,0.04,0.14,0.23,0.05,0.16,0.08,0.4,0.05,0.06
495,0.04,0.14,0.23,0.05,0.16,0.08,0.4,0.05,0.06
496,0.04,0.14,0.23,0.05,0.16,0.08,0.4,0.05,0.06
497,0.04,0.14,0.23,0.05,0.16,0.08,0.4,0.05,0.06
498,0.04,0.14,0.23,0.05,0.16,0.08,0.4,0.05,0.06
499,0.04,0.14,0.23,0.05,0.16,0.08,0.4,0.05,0.06
500,0.04,0.14,0.23,0.05,0.16,0.08,0.4,0.05,0.06
501,0.04,0.14,0.23,0.05,0.16,0.08,0.4,0.05,0.06
502,0.04,0.14,0.23,0.05,0.16,0.08,0.4,0.05,0.06
503,0.04,0.14,0.23,0.05,0.16,0.08,0.4,0.05,0.06
504,0.04,0.14,0.23,0.05,0.16,0.08,0.4,0.05,0.06
505,0.04,0.14,0.23,0.05,0.16,0.08,0.4,0.05,0.06
506,0.04,0.14,0.23,0.05,0.16,0.08,0.4,0.05,0.06
507,0.04,0.14,0.23,0.05,0.16,0.08,0.4,0.05,0.06
508,0.04,0.14,0.23,0.05,0.16,0.08,0.4,0.05,0.06
509,0.04,0.14,0.23,0.05,0.16,0.08,0.4,0.05,0.06
510,0.04,0.14,0.23,0.05,0.16,0.08,0.4,0.05,0.06
511,0.04,0.14,0.23,0.05,0.16,0.08,0.4,0.05,0.06
