0,92.78,52.81,136.46,92.51,59.57,132.44,141.2,128.49,128.69
1,92.78,52.81,136.53,92.38,59.57,132.48,141.17,128.49,128.73
2,92.78,52.91,136.46,92.45,59.66,132.44,141.17,128.53,128.73
3,92.78,52.81,136.46,92.45,59.66,132.44,141.24,128.41,128.85
4,92.85,52.91,136.46,92.45,59.66,132.44,141.11,128.45,128.73
5,92.85,52.91,136.43,92.45,59.66,132.52,141.24,128.49,128.81
6,92.78,52.91,136.46,92.51,59.66,132.44,141.17,128.53,128.73
7,92.78,53.02,136.67,92.45,59.76,132.48,141.24,128.57,128.77
8,92.78,52.91,136.53,92.45,59.66,132.48,141.2,128.53,128.81
9,92.85,52.91,136.46,92.45,59.66,132.48,141.2,128.53,128.77
10,92.85,53.02,136.49,92.45,59.66,132.48,141.2,128.53,128.73
11,92.85,52.91,136.49,92.58,59.76,132.48,141.2,128.61,128.85
12,92.85,53.02,136.43,92.51,59.86,132.56,141.2,128.57,128.77
13,92.91,52.91,136.53,92.51,59.86,132.52,141.24,128.57,128.93
14,92.91,53.12,136.49,92.51,59.76,132.52,141.17,128.65,128.77
15,92.98,53.02,136.56,92.51,59.86,132.52,141.2,128.61,128.77
16,92.91,53.02,136.46,92.51,59.86,132.56,141.2,128.61,128.81
17,92.91,53.12,136.46,92.51,59.86,132.56,141.27,128.61,128.81
18,92.98,53.22,136.49,92.45,59.96,132.59,141.24,128.69,128.93
19,92.91,53.12,136.49,92.58,59.96,132.59,141.24,128.61,128.81
20,93.04,53.12,136.46,92.45,59.96,132.56,141.2,128.65,128.85
21,92.91,53.22,136.49,92.51,60.05,132.59,141.3,128.73,128.85
22,92.91,53.22,136.49,92.51,59.96,132.52,141.3,128.69,128.93
23,92.91,53.22,136.53,92.45,60.15,132.67,141.24,128.69,128.89
24,92.91,53.22,136.49,92.38,60.05,132.56,141.24,128.65,128.81
25,92.91,53.22,136.49,92.45,60.05,132.59,141.27,128.65,128.85
26,92.98,53.22,136.49,92.45,60.15,132.59,141.24,128.73,128.93
27,92.91,53.33,136.49,92.65,60.05,132.67,141.24,128.65,128.93
28,92.98,53.22,136.53,92.58,60.05,132.63,141.27,128.69,128.89
29,92.98,53.33,136.49,92.45,60.24,132.63,141.24,128.69,128.89
30,92.98,53.33,136.49,92.45,60.15,132.63,141.3,128.81,128.93
31,92.98,53.33,136.49,92.51,60.15,132.63,141.24,128.73,128.93
32,92.98,53.43,136.43,92.51,60.15,132.67,141.27,128.81,129.01
33,93.04,53.43,136.56,92.51,60.15,132.67,141.27,128.81,129.01
34,92.98,53.33,136.49,92.51,60.24,132.7,141.27,128.73,128.97
35,92.98,53.43,136.49,92.45,60.24,132.7,141.17,128.81,129.01
36,92.98,53.43,136.53,92.51,60.24,132.67,141.24,128.85,128.97
37,92.98,53.43,136.53,92.51,60.34,132.74,141.27,128.85,128.97
38,93.04,53.54,136.49,92.51,60.34,132.7,141.17,128.81,129.04
39,93.04,53.54,136.49,92.51,60.34,132.74,141.27,128.85,129.01
40,92.98,53.54,136.49,92.51,60.34,132.74,141.33,128.85,129.01
41,92.98,53.54,136.53,92.51,60.44,132.78,141.27,128.93,129.08
42,92.98,53.64,136.53,92.51,60.34,132.78,141.3,128.85,129.16
43,92.98,53.54,136.53,92.51,60.54,132.74,141.27,128.85,129.04
44,93.04,53.64,136.49,92.51,60.44,132.81,141.27,128.85,129.04
45,93.04,53.74,136.49,92.51,60.54,132.78,141.14,128.85,129.08
46,93.04,53.64,136.53,92.45,60.54,132.78,141.27,128.93,129.16
47,92.98,53.54,136.49,92.51,60.44,132.78,141.27,128.89,129.08
48,93.11,53.64,136.53,92.51,60.54,132.85,141.3,128.93,129.08
49,93.04,53.74,136.49,92.51,60.54,132.74,141.3,128.97,129.16
50,92.98,53.64,136.49,92.51,60.54,132.85,141.3,128.97,129.12
51,92.98,53.74,136.53,92.58,60.63,132.85,141.36,128.89,129.16
52,93.11,53.64,136.43,92.45,60.54,132.89,141.3,128.97,129.2
53,92.98,53.85,136.49,92.45,60.73,132.85,141.33,128.97,129.12
54,92.98,53.85,136.56,92.45,60.63,132.89,141.3,129.01,129.12
55,93.04,53.95,136.49,92.45,60.73,132.89,141.36,128.97,129.16
56,92.98,53.85,136.56,92.45,60.73,132.89,141.33,128.97,129.16
57,92.98,53.85,136.53,92.45,60.73,132.89,141.27,129.04,129.16
58,93.11,53.85,136.53,92.45,60.73,132.89,141.17,129.08,129.2
59,92.91,53.85,136.49,92.51,60.73,132.89,141.33,129.01,129.2
60,92.85,53.85,136.53,92.45,60.82,132.96,141.33,129.01,129.2
61,92.98,53.74,136.49,92.51,60.73,132.93,141.3,129.04,129.2
62,92.98,53.95,136.49,92.51,60.82,132.93,141.36,129.04,129.2
63,93.04,53.95,136.53,92.45,60.92,132.93,141.27,129.12,129.24
64,92.98,53.95,136.49,92.51,60.82,132.96,141.33,129.08,129.2
65,93.04,53.95,136.49,92.45,60.82,132.96,141.33,129.12,129.24
66,93.11,53.95,136.56,92.45,60.92,132.96,141.3,129.12,129.28
67,92.98,54.16,136.46,92.51,60.82,132.96,141.3,129.08,129.28
68,93.11,54.05,136.53,92.45,60.92,132.93,141.24,129.08,129.24
69,93.04,54.05,136.49,92.45,61.11,133.0,141.36,129.12,129.32
70,92.98,54.05,136.53,92.45,61.02,133.04,141.3,129.12,129.32
71,92.98,54.16,136.56,92.45,61.02,133.07,141.3,129.16,129.32
72,93.04,54.16,136.49,92.51,61.02,133.0,141.3,129.12,129.32
73,92.98,54.16,136.53,92.58,61.02,133.0,141.3,129.16,129.32
74,93.11,54.26,136.49,92.45,61.11,133.04,141.43,129.12,129.36
75,92.98,54.16,136.49,92.45,61.02,133.0,141.33,129.24,129.36
76,92.98,54.16,136.53,92.45,61.11,133.0,141.3,129.16,129.36
77,93.04,54.26,136.53,92.45,61.21,133.0,141.3,129.16,129.32
78,93.04,54.26,136.53,92.45,61.21,133.04,141.33,129.16,129.36
79,92.98,54.16,136.49,92.51,61.21,133.07,141.2,129.2,129.36
80,93.04,54.36,136.53,92.45,61.11,133.07,141.33,129.2,129.4
81,92.98,54.36,136.53,92.45,61.21,133.11,141.36,129.2,129.4
82,93.04,54.36,136.53,92.45,61.21,133.11,141.33,129.16,129.4
83,92.98,54.26,136.49,92.45,61.3,133.04,141.24,129.24,129.4
84,92.98,54.36,136.49,92.45,61.3,133.15,141.33,129.24,129.44
85,93.11,54.26,136.49,92.58,61.3,133.07,141.33,129.24,129.36
86,93.04,54.26,136.49,92.45,61.3,133.11,141.33,129.24,129.4
87,93.04,54.36,136.53,92.38,61.4,133.11,141.3,129.32,129.44
88,93.04,54.36,136.6,92.45,61.3,133.18,141.36,129.28,129.44
89,93.11,54.36,136.46,92.45,61.4,133.11,141.33,129.24,129.44
90,92.98,54.36,136.49,92.45,61.4,133.04,141.33,129.24,129.48
91,93.04,54.57,136.53,92.45,61.4,133.11,141.33,129.28,129.48
92,93.11,54.46,136.56,92.45,61.4,133.07,141.36,129.28,129.48
93,93.04,54.46,136.56,92.38,61.4,133.15,141.33,129.32,129.48
94,92.91,54.46,136.53,92.45,61.49,133.18,141.36,129.36,129.48
95,92.98,54.57,136.49,92.45,61.49,133.18,141.36,129.32,129.48
96,93.04,54.57,136.53,92.45,61.49,133.18,141.33,129.36,129.51
97,92.98,54.67,136.53,92.45,61.49,133.22,141.36,129.28,129.51
98,93.04,54.57,136.56,92.45,61.59,133.18,141.36,129.36,129.48
99,93.04,54.67,136.49,92.38,61.59,133.18,141.33,129.4,129.55
100,93.04,54.67,136.53,92.38,61.59,133.26,141.33,129.4,129.55
101,93.04,54.67,136.49,92.38,61.78,133.22,141.36,129.36,129.55
102,92.98,54.67,136.53,92.65,61.68,133.26,141.36,129.4,129.59
103,93.11,54.67,136.49,92.38,61.68,133.29,141.36,129.36,129.55
104,93.04,54.67,136.53,92.38,61.78,133.26,141.33,129.4,129.59
105,92.98,54.77,136.53,92.45,61.68,133.22,141.27,129.36,129.63
106,93.04,54.67,136.53,92.45,61.68,133.26,141.33,129.4,129.59
107,93.04,54.88,136.53,92.51,61.78,133.26,141.33,129.4,129.59
108,92.98,54.67,136.46,92.45,61.78,133.22,141.36,129.4,129.59
109,93.04,54.77,136.53,92.45,61.88,133.26,141.27,129.44,129.59
110,92.98,54.77,136.49,92.51,61.88,133.29,141.33,129.48,129.67
111,92.98,54.77,136.53,92.38,61.88,133.26,141.33,129.48,129.59
112,93.04,54.88,136.53,92.45,61.78,133.26,141.36,129.48,129.63
113,92.98,54.88,136.53,92.38,61.97,133.29,141.36,129.44,129.63
114,92.98,54.88,136.49,92.58,61.88,133.33,141.33,129.44,129.63
115,93.04,54.88,136.53,92.45,61.88,133.33,141.3,129.48,129.67
116,92.98,54.98,136.53,92.45,61.88,133.33,141.3,129.51,129.71
117,93.04,55.08,136.49,92.38,61.88,133.26,141.4,129.48,129.71
118,92.98,54.98,136.49,92.45,62.06,133.33,141.33,129.51,129.63
119,92.98,54.98,136.53,92.58,61.97,133.33,141.4,129.48,129.67
120,92.98,54.98,136.53,92.45,62.06,133.33,141.36,129.51,129.67
121,93.04,55.08,136.53,92.45,62.06,133.33,141.33,129.51,129.67
122,93.04,54.98,136.53,92.51,62.06,133.33,141.36,129.44,129.67
123,92.98,55.08,136.53,92.45,62.16,133.33,141.24,129.55,129.67
124,92.98,55.08,136.53,92.45,62.16,133.4,141.33,129.51,129.71
125,92.98,55.18,136.46,92.45,62.06,133.36,141.4,129.55,129.79
126,93.18,55.18,136.46,92.38,62.06,133.33,141.36,129.55,129.75
127,93.04,55.18,136.53,92.51,62.16,133.29,141.4,129.51,129.75
128,92.98,55.18,136.49,92.45,62.16,133.4,141.33,129.55,129.83
129,92.98,55.18,136.49,92.38,62.26,133.4,141.36,129.67,129.67
130,93.11,55.18,136.53,92.38,62.26,133.36,141.33,129.59,129.75
131,93.04,55.18,136.49,92.38,62.26,133.44,141.33,129.55,129.75
132,93.04,55.18,136.56,92.45,62.26,133.48,141.33,129.59,129.83
133,93.04,55.18,136.49,92.45,62.26,133.4,141.3,129.51,129.75
134,93.04,55.28,136.53,92.45,62.26,133.4,141.33,129.63,129.75
135,92.98,55.28,136.49,92.45,62.35,133.44,141.36,129.55,129.79
136,92.98,55.18,136.53,92.38,62.26,133.4,141.46,129.63,129.75
137,93.18,55.18,136.46,92.45,62.35,133.48,141.33,129.59,129.79
138,93.04,55.38,136.49,92.45,62.26,133.44,141.36,129.59,129.79
139,93.04,55.38,136.49,92.38,62.35,133.44,141.33,129.67,129.83
140,92.98,55.28,136.53,92.45,62.35,133.44,141.36,129.63,129.86
141,93.04,55.38,136.46,92.45,62.54,133.48,141.4,129.71,129.83
142,92.98,55.28,136.49,92.45,62.54,133.48,141.36,129.63,129.79
143,92.98,55.59,136.49,92.38,62.26,133.48,141.36,129.63,129.83
144,93.04,55.38,136.53,92.45,62.54,133.44,141.33,129.63,129.79
145,92.98,55.49,136.53,92.45,62.44,133.48,141.33,129.71,129.9
146,92.91,55.49,136.49,92.45,62.44,133.48,141.36,129.75,129.86
147,92.98,55.49,136.53,92.45,62.35,133.48,141.36,129.67,129.83
148,92.98,55.38,136.53,92.45,62.44,133.48,141.3,129.67,129.86
149,92.98,55.49,136.53,92.38,62.54,133.48,141.36,129.75,129.86
150,92.98,55.49,136.49,92.45,62.44,133.48,141.36,129.67,129.86
151,93.04,55.59,136.49,92.58,62.54,133.48,141.3,129.71,129.86
152,92.98,55.49,136.49,92.38,62.73,133.51,141.4,129.71,129.86
153,92.98,55.49,136.46,92.38,62.54,133.55,141.33,129.71,129.86
154,92.91,55.49,136.46,92.38,62.54,133.48,141.33,129.75,129.86
155,92.98,55.59,136.53,92.45,62.54,133.48,141.33,129.71,129.86
156,93.04,55.59,136.49,92.38,62.54,133.55,141.36,129.75,129.9
157,92.91,55.59,136.53,92.45,62.73,133.51,141.4,129.79,129.98
158,92.98,55.59,136.49,92.45,62.63,133.48,141.36,129.75,129.86
159,93.04,55.59,136.49,92.45,62.63,133.55,141.4,129.71,129.9
160,93.04,55.59,136.49,92.45,62.63,133.51,141.36,129.79,129.94
161,92.98,55.59,136.53,92.45,62.63,133.55,141.33,129.79,130.06
162,92.98,55.59,136.53,92.45,62.82,133.58,141.33,129.75,129.94
163,92.98,55.69,136.46,92.38,62.73,133.55,141.33,129.86,129.9
164,92.98,55.69,136.46,92.45,62.73,133.55,141.36,129.83,129.94
165,92.98,55.79,136.46,92.38,62.73,133.55,141.4,129.79,129.94
166,92.98,55.69,136.46,92.45,62.82,133.55,141.36,129.79,129.98
167,92.98,55.69,136.49,92.45,62.73,133.55,141.36,129.79,129.94
168,92.98,55.69,136.49,92.45,62.82,133.58,141.36,129.79,129.94
169,93.04,55.79,136.49,92.38,62.73,133.58,141.36,129.79,129.98
170,93.04,55.79,136.49,92.38,62.82,133.58,141.33,129.86,129.98
171,92.91,55.79,136.46,92.51,62.92,133.62,141.36,129.75,129.98
172,92.98,55.89,136.49,92.45,62.82,133.55,141.4,129.83,129.98
173,92.98,55.79,136.53,92.38,62.82,133.55,141.36,129.83,130.02
174,93.04,55.79,136.49,92.45,62.92,133.58,141.4,129.86,129.98
175,93.04,55.69,136.49,92.45,62.92,133.58,141.4,129.86,130.1
176,93.11,55.79,136.49,92.51,62.73,133.66,141.4,129.86,129.94
177,93.11,55.59,136.49,92.58,62.82,133.55,141.36,129.83,130.02
178,93.37,55.59,136.56,92.65,62.73,133.55,141.36,129.79,129.98
179,93.44,55.59,136.63,92.71,62.63,133.58,141.33,129.75,129.9
180,93.44,55.49,136.49,92.85,62.63,133.55,141.36,129.86,129.86
181,93.57,54.77,136.49,92.91,62.44,133.58,141.3,129.63,129.79
182,93.57,55.18,136.56,93.04,62.44,133.55,141.36,129.51,129.86
183,93.7,55.18,136.56,93.11,62.35,133.55,141.33,129.55,129.71
184,93.77,55.08,136.56,93.11,62.35,133.48,141.33,129.48,129.67
185,93.77,55.08,136.53,93.04,62.26,133.48,141.3,129.48,129.63
186,93.77,54.98,136.56,93.24,62.35,133.4,141.3,129.44,129.51
187,93.77,54.88,136.56,93.24,62.16,133.4,141.3,129.32,129.51
188,93.77,54.77,136.56,93.31,62.16,133.36,141.33,129.24,129.48
189,93.83,54.77,136.49,93.18,61.97,133.33,141.27,129.24,129.44
190,93.7,54.77,136.53,93.24,62.16,133.29,141.3,129.2,129.4
191,93.7,54.67,136.6,93.18,61.88,133.29,141.43,129.16,129.4
192,93.64,54.67,136.49,93.24,61.88,133.22,141.27,129.24,129.4
193,93.7,54.57,136.53,93.18,61.78,133.18,141.3,129.08,129.28
194,93.7,54.57,136.53,93.24,61.88,133.18,141.3,129.08,129.28
195,93.64,54.46,136.53,93.18,61.68,133.33,141.27,129.04,129.36
196,93.64,54.57,136.49,93.18,61.88,133.18,141.11,129.08,129.24
197,93.77,54.46,136.63,93.18,61.68,133.11,141.3,129.01,129.24
198,93.57,54.46,136.49,93.24,61.68,133.07,141.27,128.97,129.16
199,93.51,54.46,136.53,93.18,61.59,133.0,141.24,128.97,129.16
200,93.57,54.36,136.56,93.11,61.68,133.07,141.17,129.01,129.2
201,93.57,54.36,136.53,93.18,61.49,133.04,141.2,128.93,129.12
202,93.37,54.36,136.49,93.18,61.49,133.07,141.2,128.89,129.16
203,93.44,54.26,136.46,93.11,61.49,132.93,141.24,128.89,129.08
204,93.31,54.36,136.46,93.04,61.4,132.89,141.2,128.85,129.08
205,93.31,54.26,136.49,93.04,61.49,132.89,141.2,128.89,129.04
206,93.37,54.26,136.49,92.98,61.4,132.89,141.27,128.81,129.08
207,93.37,54.26,136.46,93.04,61.3,132.89,141.17,128.81,129.01
208,93.24,54.16,136.49,92.98,61.49,132.81,141.2,128.77,129.04
209,93.18,54.16,136.46,92.91,61.4,132.78,141.17,128.77,129.01
210,93.24,54.16,136.46,92.91,61.3,132.81,141.2,128.73,128.97
211,93.18,54.16,136.46,92.91,61.21,132.81,141.17,128.73,129.01
212,93.11,54.16,136.49,92.91,61.11,132.74,141.17,128.73,128.97
213,93.11,54.05,136.49,92.91,61.21,132.67,141.17,128.73,129.01
214,93.11,54.05,136.46,92.85,61.21,132.7,141.17,128.77,128.93
215,93.04,53.85,136.43,92.78,61.11,132.7,141.17,128.65,128.93
216,92.98,53.95,136.39,92.78,61.02,132.7,141.2,128.65,129.01
217,92.98,53.95,136.43,92.91,60.92,132.7,141.14,128.69,128.93
218,92.98,53.95,136.39,92.71,61.11,132.67,141.17,128.65,128.97
219,92.91,53.95,136.39,92.71,61.02,132.63,141.11,128.61,128.89
220,92.98,53.95,136.43,92.78,60.92,132.63,141.3,128.65,128.89
221,92.85,53.85,136.43,92.65,60.92,132.63,141.11,128.61,128.85
222,92.91,53.85,136.36,92.78,60.73,132.52,141.11,128.61,128.97
223,92.91,53.95,136.43,92.78,60.92,132.59,141.14,128.57,128.89
224,92.85,53.85,136.53,92.65,60.82,132.59,141.14,128.57,128.85
225,92.91,53.85,136.43,92.65,60.73,132.59,141.14,128.61,128.81
226,92.71,53.74,136.43,92.65,60.73,132.59,141.11,128.53,128.85
227,92.71,53.74,136.36,92.65,60.92,132.56,141.17,128.57,128.85
228,92.78,53.74,136.36,92.58,60.73,132.56,141.11,128.61,128.85
229,92.65,53.64,136.36,92.58,60.63,132.48,141.14,128.45,128.77
230,92.65,53.64,136.39,92.65,60.63,132.52,141.11,128.61,128.77
231,92.71,53.54,136.43,92.38,60.63,132.52,141.08,128.53,128.89
232,92.71,53.64,136.39,92.58,60.54,132.52,141.11,128.53,128.81
233,92.71,53.54,136.36,92.51,60.54,132.52,141.2,128.65,128.81
234,92.71,53.64,136.36,92.51,60.63,132.52,141.11,128.53,128.81
235,92.71,53.54,136.39,92.58,60.54,132.52,141.08,128.49,128.81
236,92.58,53.64,136.39,92.58,60.54,132.48,141.01,128.53,128.73
237,92.58,53.54,136.36,92.58,60.54,132.44,141.08,128.53,128.77
238,92.58,53.64,136.39,92.51,60.54,132.52,141.11,128.57,128.81
239,92.58,53.64,136.39,92.45,60.34,132.48,141.11,128.53,128.77
240,92.38,53.54,136.36,92.45,60.44,132.48,141.14,128.37,128.81
241,92.58,53.43,136.36,92.45,60.34,132.52,141.11,128.49,128.81
242,92.45,53.43,136.39,92.45,60.24,132.48,141.11,128.49,128.77
243,92.58,53.54,136.36,92.51,60.24,132.33,141.11,128.53,128.77
244,92.45,53.33,136.36,92.45,60.34,132.44,141.08,128.45,128.33
245,92.51,53.33,136.36,92.51,60.24,132.41,141.14,128.45,128.73
246,92.45,53.33,136.32,92.45,60.24,132.44,141.11,128.45,128.77
247,92.51,53.33,136.36,92.45,60.15,132.44,141.11,128.45,128.69
248,92.45,53.33,136.29,92.38,60.24,132.41,141.11,128.45,128.73
249,92.38,53.33,136.36,92.38,60.34,132.44,141.14,128.41,128.73
250,92.51,53.33,136.32,92.45,60.15,132.44,141.08,128.45,128.81
251,92.51,53.22,136.32,92.38,60.24,132.41,141.2,128.45,128.73
252,92.38,53.33,136.39,92.38,60.15,132.44,141.08,128.45,128.73
253,92.38,53.22,136.32,92.38,60.05,132.41,141.14,128.49,128.77
254,92.45,53.12,136.36,92.38,60.05,132.41,141.08,128.53,128.69
255,92.45,53.22,136.39,92.45,60.15,132.37,141.08,128.45,128.69
256,92.45,53.12,136.39,92.45,59.96,132.41,141.11,128.41,128.73
257,92.51,53.12,136.39,92.45,60.05,132.41,141.11,128.41,128.73
258,92.31,53.22,136.36,92.38,60.15,132.41,141.11,128.45,128.65
259,92.38,53.12,136.39,92.45,60.05,132.48,141.11,128.41,128.69
260,92.38,53.02,136.36,92.45,60.15,132.37,141.11,128.41,128.73
261,92.31,53.12,136.32,92.38,59.96,132.41,141.08,128.41,128.77
262,92.31,53.12,136.32,92.38,59.86,132.37,141.08,128.41,128.61
263,92.38,53.12,136.36,92.31,59.96,132.37,141.17,128.41,128.65
264,92.31,53.02,136.29,92.51,59.86,132.33,141.11,128.41,128.65
265,92.31,53.02,136.39,92.31,59.96,132.37,141.11,128.41,128.69
266,92.38,52.91,136.32,92.45,59.76,132.37,141.08,128.37,128.73
267,92.18,53.02,136.32,92.31,59.76,132.37,141.11,128.41,128.69
268,92.18,52.91,136.32,92.31,59.86,132.37,141.08,128.37,128.77
269,92.31,52.91,136.36,92.31,59.86,132.37,141.11,128.33,128.69
270,92.31,52.81,136.32,92.31,59.76,132.37,141.08,128.37,128.65
271,92.31,52.91,136.36,92.31,59.76,132.37,141.04,128.45,128.65
272,92.18,52.81,136.36,92.31,59.76,132.37,141.11,128.41,128.69
273,92.25,52.81,136.32,92.31,59.66,132.37,141.04,128.37,128.69
274,92.18,52.7,136.36,92.25,59.57,132.41,141.11,128.37,128.69
275,92.11,52.6,136.25,92.18,59.57,132.41,141.08,128.45,128.69
276,92.18,52.7,136.32,92.25,59.47,132.3,141.11,128.37,128.73
277,92.18,52.81,136.25,92.18,59.57,132.33,141.08,128.37,128.65
278,92.18,52.6,136.32,92.25,59.66,132.37,141.08,128.37,128.61
279,92.18,52.7,136.32,92.18,59.47,132.3,141.11,128.41,128.65
280,92.11,52.6,136.32,92.18,59.37,132.33,141.14,128.37,128.65
281,92.18,52.7,136.32,92.18,59.66,132.33,141.08,128.37,128.73
282,92.04,52.7,136.32,92.18,59.47,132.33,141.04,128.37,128.69
283,92.11,52.6,136.29,92.11,59.47,132.3,141.08,128.37,128.65
284,92.11,52.6,136.29,92.11,59.47,132.3,141.08,128.37,128.65
285,92.11,52.6,136.29,92.11,59.47,132.3,141.08,128.37,128.65
286,92.11,52.6,136.29,92.11,59.47,132.3,141.08,128.37,128.65
287,92.11,52.6,136.29,92.11,59.47,132.3,141.08,128.37,128.65
288,92.11,52.6,136.29,92.11,59.47,132.3,141.08,128.37,128.65
289,92.11,52.6,136.29,92.11,59.47,132.3,141.08,128.37,128.65
290,92.11,52.6,136.29,92.11,59.47,132.3,141.08,128.37,128.65
291,92.11,52.6,136.29,92.11,59.47,132.3,141.08,128.37,128.65
292,92.11,52.6,136.29,92.11,59.47,132.3,141.08,128.37,128.65
293,92.11,52.6,136.29,92.11,59.47,132.3,141.08,128.37,128.65
294,92.11,52.6,136.29,92.11,59.47,132.3,141.08,128.37,128.65
295,92.11,52.6,136.29,92.11,59.47,132.3,141.08,128.37,128.65
296,92.11,52.6,136.29,92.11,59.47,132.3,141.08,128.37,128.65
297,92.11,52.6,136.29,92.11,59.47,132.3,141.08,128.37,128.65
298,92.11,52.6,136.29,92.11,59.47,132.3,141.08,128.37,128.65
299,92.11,52.6,136.29,92.11,59.47,132.3,141.08,128.37,128.65
300,92.11,52.6,136.29,92.11,59.47,132.3,141.08,128.37,128.65
301,92.11,52.6,136.29,92.11,59.47,132.3,141.08,128.37,128.65
302,92.11,52.6,136.29,92.11,59.47,132.3,141.08,128.37,128.65
303,92.11,52.6,136.29,92.11,59.47,132.3,141.08,128.37,128.65
304,92.11,52.6,136.29,92.11,59.47,132.3,141.08,128.37,128.65
305,92.11,52.6,136.29,92.11,59.47,132.3,141.08,128.37,128.65
306,92.11,52.6,136.29,92.11,59.47,132.3,141.08,128.37,128.65
307,92.11,52.6,136.29,92.11,59.47,132.3,141.08,128.37,128.65
308,92.11,52.6,136.29,92.11,59.47,132.3,141.08,128.37,128.65
309,92.11,52.6,136.29,92.11,59.47,132.3,141.08,128.37,128.65
310,92.11,52.6,136.29,92.11,59.47,132.3,141.08,128.37,128.65
311,92.11,52.6,136.29,92.11,59.47,132.3,141.08,128.37,128.65
312,92.11,52.6,136.29,92.11,59.47,132.3,141.08,128.37,128.65
313,92.11,52.6,136.29,92.11,59.47,132.3,141.08,128.37,128.65
314,92.11,52.6,136.29,92.11,59.47,132.3,141.08,128.37,128.65
315,92.11,52.6,136.29,92.11,59.47,132.3,141.08,128.37,128.65
316,92.11,52.6,136.29,92.11,59.47,132.3,141.08,128.37,128.65
317,92.11,52.6,136.29,92.11,59.47,132.3,141.08,128.37,128.65
318,92.11,52.6,136.29,92.11,59.47,132.3,141.08,128.37,128.65
319,92.11,52.6,136.29,92.11,59.47,132.3,141.08,128.37,128.65
320,92.11,52.6,136.29,92.11,59.47,132.3,141.08,128.37,128.65
321,92.11,52.6,136.29,92.11,59.47,132.3,141.08,128.37,128.65
322,92.11,52.6,136.29,92.11,59.47,132.3,141.08,128.37,128.65
323,92.11,52.6,136.29,92.11,59.47,132.3,141.08,128.37,128.65
324,92.11,52.6,136.29,92.11,59.47,132.3,141.08,128.37,128.65
325,92.11,52.6,136.29,92.11,59.47,132.3,141.08,128.37,128.65
326,92.11,52.6,136.29,92.11,59.47,132.3,141.08,128.37,128.65
327,92.11,52.6,136.29,92.11,59.47,132.3,141.08,128.37,128.65
328,92.11,52.6,136.29,92.11,59.47,132.3,141.08,128.37,128.65
329,92.11,52.6,136.29,92.11,59.47,132.3,141.08,128.37,128.65
330,92.11,52.6,136.29,92.11,59.47,132.3,141.08,128.37,128.65
331,92.11,52.6,136.29,92.11,59.47,132.3,141.08,128.37,128.65
332,92.11,52.6,136.29,92.11,59.47,132.3,141.08,128.37,128.65
333,92.11,52.6,136.29,92.11,59.47,132.3,141.08,128.37,128.65
334,92.11,52.6,136.29,92.11,59.47,132.3,141.08,128.37,128.65
335,92.11,52.6,136.29,92.11,59.47,132.3,141.08,128.37,128.65
336,92.11,52.6,136.29,92.11,59.47,132.3,141.08,128.37,128.65
337,92.11,52.6,136.29,92.11,59.47,132.3,141.08,128.37,128.65
338,92.11,52.6,136.29,92.11,59.47,132.3,141.08,128.37,128.65
339,92.11,52.6,136.29,92.11,59.47,132.3,141.08,128.37,128.65
340,92.11,52.6,136.29,92.11,59.47,132.3,141.08,128.37,128.65
341,92.11,52.6,136.29,92.11,59.47,132.3,141.08,128.37,128.65
342,92.11,52.6,136.29,92.11,59.47,132.3,141.08,128.37,128.65
343,92.11,52.6,136.29,92.11,59.47,132.3,141.08,128.37,128.65
344,92.11,52.6,136.29,92.11,59.47,132.3,141.08,128.37,128.65
345,92.11,52.6,136.29,92.11,59.47,132.3,141.08,128.37,128.65
346,92.11,52.6,136.29,92.11,59.47,132.3,141.08,128.37,128.65
347,92.11,52.6,136.29,92.11,59.47,132.3,141.08,128.37,128.65
348,92.11,52.6,136.29,92.11,59.47,132.3,141.08,128.37,128.65
349,92.11,52.6,136.29,92.11,59.47,132.3,141.08,128.37,128.65
350,92.11,52.6,136.29,92.11,59.47,132.3,141.08,128.37,128.65
351,92.11,52.6,136.29,92.11,59.47,132.3,141.08,128.37,128.65
352,92.11,52.6,136.29,92.11,59.47,132.3,141.08,128.37,128.65
353,92.11,52.6,136.29,92.11,59.47,132.3,141.08,128.37,128.65
354,92.11,52.6,136.29,92.11,59.47,132.3,141.08,128.37,128.65
355,92.11,52.6,136.29,92.11,59.47,132.3,141.08,128.37,128.65
356,92.11,52.6,136.29,92.11,59.47,132.3,141.08,128.37,128.65
357,92.11,52.6,136.29,92.11,59.47,132.3,141.08,128.37,128.65
358,92.11,52.6,136.29,92.11,59.47,132.3,141.08,128.37,128.65
359,92.11,52.6,136.29,92.11,59.47,132.3,141.08,128.37,128.65
360,92.11,52.6,136.29,92.11,59.47,132.3,141.08,128.37,128.65
361,92.11,52.6,136.29,92.11,59.47,132.3,141.08,128.37,128.65
362,92.11,52.6,136.29,92.11,59.47,132.3,141.08,128.37,128.65
363,92.11,52.6,136.29,92.11,59.47,132.3,141.08,128.37,128.65
364,92.11,52.6,136.29,92.11,59.47,132.3,141.08,128.37,128.65
365,92.11,52.6,136.29,92.11,59.47,132.3,141.08,128.37,128.65
366,92.11,52.6,136.29,92.11,59.47,132.3,141.08,128.37,128.65
367,92.11,52.6,136.29,92.11,59.47,132.3,141.08,128.37,128.65
368,92.11,52.6,136.29,92.11,59.47,132.3,141.08,128.37,128.65
369,92.11,52.6,136.29,92.11,59.47,132.3,141.08,128.37,128.65
370,92.11,52.6,136.29,92.11,59.47,132.3,141.08,128.37,128.65
371,92.11,52.6,136.29,92.11,59.47,132.3,141.08,128.37,128.65
372,92.11,52.6,136.29,92.11,59.47,132.3,141.08,128.37,128.65
373,92.11,52.6,136.29,92.11,59.47,132.3,141.08,128.37,128.65
374,92.11,52.6,136.29,92.11,59.47,132.3,141.08,128.37,128.65
375,92.11,52.6,136.29,92.11,59.47,132.3,141.08,128.37,128.65
376,92.11,52.6,136.29,92.11,59.47,132.3,141.08,128.37,128.65
377,92.11,52.6,136.29,92.11,59.47,132.3,141.08,128.37,128.65
378,92.11,52.6,136.29,92.11,59.47,132.3,141.08,128.37,128.65
379,92.11,52.6,136.29,92.11,59.47,132.3,141.08,128.37,128.65
380,92.11,52.6,136.29,92.11,59.47,132.3,141.08,128.37,128.65
381,92.11,52.6,136.29,92.11,59.47,132.3,141.08,128.37,128.65
382,92.11,52.6,136.29,92.11,59.47,132.3,141.08,128.37,128.65
383,92.11,52.6,136.29,92.11,59.47,132.3,141.08,128.37,128.65
384,92.11,52.6,136.29,92.11,59.47,132.3,141.08,128.37,128.65
385,92.11,52.6,136.29,92.11,59.47,132.3,141.08,128.37,128.65
386,92.11,52.6,136.29,92.11,59.47,132.3,141.08,128.37,128.65
387,92.11,52.6,136.29,92.11,59.47,132.3,141.08,128.37,128.65
388,92.11,52.6,136.29,92.11,59.47,132.3,141.08,128.37,128.65
389,92.11,52.6,136.29,92.11,59.47,132.3,141.08,128.37,128.65
390,92.11,52.6,136.29,92.11,59.47,132.3,141.08,128.37,128.65
391,92.11,52.6,136.29,92.11,59.47,132.3,141.08,128.37,128.65
392,92.11,52.6,136.29,92.11,59.47,132.3,141.08,128.37,128.65
393,92.11,52.6,136.29,92.11,59.47,132.3,141.08,128.37,128.65
394,92.11,52.6,136.29,92.11,59.47,132.3,141.08,128.37,128.65
395,92.11,52.6,136.29,92.11,59.47,132.3,141.08,128.37,128.65
396,92.11,52.6,136.29,92.11,59.47,132.3,141.08,128.37,128.65
397,92.11,52.6,136.29,92.11,59.47,132.3,141.08,128.37,128.65
398,92.11,52.6,136.29,92.11,59.47,132.3,141.08,128.37,128.65
399,92.11,52.6,136.29,92.11,59.47,132.3,141.08,128.37,128.65
400,92.11,52.6,136.29,92.11,59.47,132.3,141.08,128.37,128.65
401,92.11,52.6,136.29,92.11,59.47,132.3,141.08,128.37,128.65
402,92.11,52.6,136.29,92.11,59.47,132.3,141.08,128.37,128.65
403,92.11,52.6,136.29,92.11,59.47,132.3,141.08,128.37,128.65
404,92.11,52.6,136.29,92.11,59.47,132.3,141.08,128.37,128.65
405,92.11,52.6,136.29,92.11,59.47,132.3,141.08,128.37,128.65
406,92.11,52.6,136.29,92.11,59.47,132.3,141.08,128.37,128.65
407,92.11,52.6,136.29,92.11,59.47,132.3,141.08,128.37,128.65
408,92.11,52.6,136.29,92.11,59.47,132.3,141.08,128.37,128.65
409,92.11,52.6,136.29,92.11,59.47,132.3,141.08,128.37,128.65
410,92.11,52.6,136.29,92.11,59.47,132.3,141.08,128.37,128.65
411,92.11,52.6,136.29,92.11,59.47,132.3,141.08,128.37,128.65
412,92.11,52.6,136.29,92.11,59.47,132.3,141.08,128.37,128.65
413,92.11,52.6,136.29,92.11,59.47,132.3,141.08,128.37,128.65
414,92.11,52.6,136.29,92.11,59.47,132.3,141.08,128.37,128.65
415,92.11,52.6,136.29,92.11,59.47,132.3,141.08,128.37,128.65
416,92.11,52.6,136.29,92.11,59.47,132.3,141.08,128.37,128.65
417,92.11,52.6,136.29,92.11,59.47,132.3,141.08,128.37,128.65
418,92.11,52.6,136.29,92.11,59.47,132.3,141.08,128.37,128.65
419,92.11,52.6,136.29,92.11,59.47,132.3,141.08,128.37,128.65
420,92.11,52.6,136.29,92.11,59.47,132.3,141.08,128.37,128.65
421,92.11,52.6,136.29,92.11,59.47,132.3,141.08,128.37,128.65
422,92.11,52.6,136.29,92.11,59.47,132.3,141.08,128.37,128.65
423,92.11,52.6,136.29,92.11,59.47,132.3,141.08,128.37,128.65
424,92.11,52.6,136.29,92.11,59.47,132.3,141.08,128.37,128.65
425,92.11,52.6,136.29,92.11,59.47,132.3,141.08,128.37,128.65
426,92.11,52.6,136.29,92.11,59.47,132.3,141.08,128.37,128.65
427,92.11,52.6,136.29,92.11,59.47,132.3,141.08,128.37,128.65
428,92.11,52.6,136.29,92.11,59.47,132.3,141.08,128.37,128.65
429,92.11,52.6,136.29,92.11,59.47,132.3,141.08,128.37,128.65
430,92.11,52.6,136.29,92.11,59.47,132.3,141.08,128.37,128.65
431,92.11,52.6,136.29,92.11,59.47,132.3,141.08,128.37,128.65
432,92.11,52.6,136.29,92.11,59.47,132.3,141.08,128.37,128.65
433,92.11,52.6,136.29,92.11,59.47,132.3,141.08,128.37,128.65
434,92.11,52.6,136.29,92.11,59.47,132.3,141.08,128.37,128.65
435,92.11,52.6,136.29,92.11,59.47,132.3,141.08,128.37,128.65
436,92.11,52.6,136.29,92.11,59.47,132.3,141.08,128.37,128.65
437,92.11,52.6,136.29,92.11,59.47,132.3,141.08,128.37,128.65
438,92.11,52.6,136.29,92.11,59.47,132.3,141.08,128.37,128.65
439,92.11,52.6,136.29,92.11,59.47,132.3,141.08,128.37,128.65
440,92.11,52.6,136.29,92.11,59.47,132.3,141.08,128.37,128.65
441,92.11,52.6,136.29,92.11,59.47,132.3,141.08,128.37,128.65
442,92.11,52.6,136.29,92.11,59.47,132.3,141.08,128.37,128.65
443,92.11,52.6,136.29,92.11,59.47,132.3,141.08,128.37,128.65
444,92.11,52.6,136.29,92.11,59.47,132.3,141.08,128.37,128.65
445,92.11,52.6,136.29,92.11,59.47,132.3,141.08,128.37,128.65
446,92.11,52.6,136.29,92.11,59.47,132.3,141.08,128.37,128.65
447,92.11,52.6,136.29,92.11,59.47,132.3,141.08,128.37,128.65
448,92.11,52.6,136.29,92.11,59.47,132.3,141.08,128.37,128.65
449,92.11,52.6,136.29,92.11,59.47,132.3,141.08,128.37,128.65
450,92.11,52.6,136.29,92.11,59.47,132.3,141.08,128.37,128.65
451,92.11,52.6,136.29,92.11,59.47,132.3,141.08,128.37,128.65
452,92.11,52.6,136.29,92.11,59.47,132.3,141.08,128.37,128.65
453,92.11,52.6,136.29,92.11,59.47,132.3,141.08,128.37,128.65
454,92.11,52.6,136.29,92.11,59.47,132.3,141.08,128.37,128.65
455,92.11,52.6,136.29,92.11,59.47,132.3,141.08,128.37,128.65
456,92.11,52.6,136.29,92.11,59.47,132.3,141.08,128.37,128.65
457,92.11,52.6,136.29,92.11,59.47,132.3,141.08,128.37,128.65
458,92.11,52.6,136.29,92.11,59.47,132.3,141.08,128.37,128.65
459,92.11,52.6,136.29,92.11,59.47,132.3,141.08,128.37,128.65
460,92.11,52.6,136.29,92.11,59.47,132.3,141.08,128.37,128.65
461,92.11,52.6,136.29,92.11,59.47,132.3,141.08,128.37,128.65
462,92.11,52.6,136.29,92.11,59.47,132.3,141.08,128.37,128.65
463,92.11,52.6,136.29,92.11,59.47,132.3,141.08,128.37,128.65
464,92.11,52.6,136.29,92.11,59.47,132.3,141.08,128.37,128.65
465,92.11,52.6,136.29,92.11,59.47,132.3,141.08,128.37,128.65
466,92.11,52.6,136.29,92.11,59.47,132.3,141.08,128.37,128.65
467,92.11,52.6,136.29,92.11,59.47,132.3,141.08,128.37,128.65
468,92.11,52.6,136.29,92.11,59.47,132.3,141.08,128.37,128.65
469,92.11,52.6,136.29,92.11,59.47,132.3,141.08,128.37,128.65
470,92.11,52.6,136.29,92.11,59.47,132.3,141.08,128.37,128.65
471,92.11,52.6,136.29,92.11,59.47,132.3,141.08,128.37,128.65
472,92.11,52.6,136.29,92.11,59.47,132.3,141.08,128.37,128.65
473,92.11,52.6,136.29,92.11,59.47,132.3,141.08,128.37,128.65
474,92.11,52.6,136.29,92.11,59.47,132.3,141.08,128.37,128.65
475,92.11,52.6,136.29,92.11,59.47,132.3,141.08,128.37,128.65
476,92.11,52.6,136.29,92.11,59.47,132.3,141.08,128.37,128.65
477,92.11,52.6,136.29,92.11,59.47,132.3,141.08,128.37,128.65
478,92.11,52.6,136.29,92.11,59.47,132.3,141.08,128.37,128.65
479,92.11,52.6,136.29,92.11,59.47,132.3,141.08,128.37,128.65
480,92.11,52.6,136.29,92.11,59.47,132.3,141.08,128.37,128.65
481,92.11,52.6,136.29,92.11,59.47,132.3,141.08,128.37,128.65
482,92.11,52.6,136.29,92.11,59.47,132.3,141.08,128.37,128.65
483,92.11,52.6,136.29,92.11,59.47,132.3,141.08,128.37,128.65
484,92.11,52.6,136.29,92.11,59.47,132.3,141.08,128.37,128.65
485,92.11,52.6,136.29,92.11,59.47,132.3,141.08,128.37,128.65
486,92.11,52.6,136.29,92.11,59.47,132.3,141.08,128.37,128.65
487,92.11,52.6,136.29,92.11,59.47,132.3,141.08,128.37,128.65
488,92.11,52.6,136.29,92.11,59.47,132.3,141.08,128.37,128.65
489,92.11,52.6,136.29,92.11,59.47,132.3,141.08,128.37,128.65
490,92.11,52.6,136.29,92.11,59.47,132.3,141.08,128.37,128.65
491,92.11,52.6,136.29,92.11,59.47,132.3,141.08,128.37,128.65
492,92.11,52.6,136.29,92.11,59.47,132.3,141.08,128.37,128.65
493,92.11,52.6,136.29,92.11,59.47,132.3,141.08,128.37,128.65
494,92.11,52.6,136.29,92.11,59.47,132.3,141.08,128.37,128.65
495,92.11,52.6,136.29,92.11,59.47,132.3,141.08,128.37,128.65
496,92.11,52.6,136.29,92.11,59.47,132.3,141.08,128.37,128.65
497,92.11,52.6,136.29,92.11,59.47,132.3,141.08,128.37,128.65
498,92.11,52.6,136.29,92.11,59.47,132.3,141.08,128.37,128.65
499,92.11,52.6,136.29,92.11,59.47,132.3,141.08,128.37,128.65
500,92.11,52.6,136.29,92.11,59.47,132.3,141.08,128.37,128.65
501,92.11,52.6,136.29,92.11,59.47,132.3,141.08,128.37,128.65
502,92.11,52.6,136.29,92.11,59.47,132.3,141.08,128.37,128.65
503,92.11,52.6,136.29,92.11,59.47,132.3,141.08,128.37,128.65
504,92.11,52.6,136.29,92.11,59.47,132.3,141.08,128.37,128.65
505,92.11,52.6,136.29,92.11,59.47,132.3,141.08,128.37,128.65
506,92.11,52.6,136.29,92.11,59.47,132.3,141.08,128.37,128.65
507,92.11,52.6,136.29,92.11,59.47,132.3,141.08,128.37,128.65
508,92.11,52.6,136.29,92.11,59.47,132.3,141.08,128.37,128.65
509,92.11,52.6,136.29,92.11,59.47,132.3,141.08,128.37,128.65
510,92.11,52.6,136.29,92.11,59.47,132.3,141.08,128.37,128.65
511,92.11,52.6,136.29,92.11,59.47,132.3,141.08,128.37,128.65
