0,96.66,57.3,136.98,94.88,63.94,134.24,141.96,131.06,131.28
1,96.66,57.8,136.98,94.88,63.94,134.2,141.99,131.02,131.32
2,96.6,57.7,137.04,94.81,63.76,134.24,141.96,131.09,131.36
3,96.66,57.6,137.01,94.88,63.66,134.2,141.99,131.06,131.28
4,96.6,57.6,136.98,94.94,63.66,134.2,141.96,131.06,131.24
5,96.6,57.6,136.8,94.81,63.48,134.2,141.93,131.06,131.32
6,96.6,57.5,136.94,94.81,63.48,134.27,141.99,131.06,131.28
7,96.6,57.2,136.94,94.81,63.38,134.16,141.96,131.06,131.24
8,96.54,57.2,136.94,94.81,63.38,134.16,141.93,131.02,131.17
9,96.6,57.2,136.91,94.88,63.2,134.2,141.93,131.06,131.28
10,96.54,57.0,136.91,94.81,63.1,134.13,141.93,131.06,131.24
11,96.6,57.0,136.91,94.81,63.01,134.16,142.02,131.02,131.24
12,96.54,56.9,136.87,94.75,63.01,134.16,141.9,131.02,131.24
13,96.54,56.7,136.77,94.68,63.01,134.13,141.9,131.02,131.24
14,96.54,56.7,136.94,94.75,62.82,134.09,141.93,131.02,131.28
15,96.6,56.6,136.87,94.68,62.73,134.13,141.93,131.02,131.24
16,96.48,56.5,136.87,94.75,62.63,134.16,141.96,131.02,131.24
17,96.54,56.5,136.87,94.81,62.73,134.13,141.93,131.02,131.24
18,96.41,56.5,137.01,94.75,62.63,134.09,141.96,130.98,131.24
19,96.41,56.5,136.87,94.68,62.63,134.13,141.87,131.02,131.24
20,96.48,56.4,136.91,94.75,62.54,134.09,141.93,130.94,131.24
21,96.35,56.3,136.87,94.68,62.35,134.09,141.93,130.98,131.21
22,96.35,56.3,136.84,94.68,62.44,134.13,141.87,130.98,131.21
23,96.41,56.2,136.84,94.68,62.26,134.13,141.93,130.98,131.24
24,96.41,55.99,136.91,94.62,62.26,134.13,141.9,130.9,131.21
25,96.41,56.09,136.94,94.55,62.06,134.13,141.9,131.02,131.21
26,96.22,56.09,136.87,94.62,62.16,134.13,141.9,130.98,131.21
27,96.35,55.99,136.87,94.62,62.06,134.09,141.93,130.98,131.24
28,96.22,55.89,136.84,94.55,61.97,134.16,141.87,130.98,131.17
29,96.22,55.89,136.84,94.68,61.88,134.13,141.9,130.98,131.21
30,96.16,55.89,136.87,94.62,61.97,134.13,141.93,130.98,131.28
31,96.28,55.79,136.87,94.55,61.88,134.09,141.93,131.02,131.17
32,96.16,55.79,136.84,94.68,61.88,134.16,141.87,130.98,131.21
33,96.09,55.59,136.84,94.55,61.68,134.09,141.93,131.02,131.17
34,96.16,55.69,136.84,94.49,61.68,134.06,141.87,130.98,131.21
35,96.16,55.59,136.84,94.42,61.68,134.09,141.84,130.94,131.17
36,95.97,55.59,136.87,94.42,61.59,134.09,141.87,130.94,131.17
37,96.16,55.49,136.8,94.49,61.49,134.06,141.9,131.02,131.21
38,95.97,55.38,136.84,94.42,61.4,134.09,141.84,130.98,131.17
39,96.03,55.38,136.8,94.49,61.49,134.06,141.87,130.98,131.17
40,95.97,55.38,136.8,94.36,61.3,134.09,141.9,130.98,131.17
41,95.97,55.38,136.8,94.42,61.49,134.06,141.87,130.98,131.21
42,95.97,55.38,136.8,94.36,61.4,134.06,141.84,130.98,131.21
43,95.97,55.38,136.84,94.36,61.21,134.06,141.9,130.94,131.24
44,95.97,55.28,136.8,94.36,61.21,134.09,141.9,131.02,131.17
45,95.84,55.08,136.8,94.36,61.21,134.06,141.87,130.98,131.13
46,95.84,55.18,136.8,94.29,61.21,134.06,141.84,130.98,131.21
47,95.97,55.28,136.7,94.36,61.21,134.06,141.9,130.94,131.24
48,95.84,55.08,136.77,94.29,61.21,134.09,141.87,130.94,131.17
49,95.84,55.08,136.8,94.23,61.02,134.06,141.84,130.94,131.17
50,95.71,55.08,136.77,94.23,61.02,134.02,141.9,131.02,131.21
51,95.84,55.18,136.74,94.16,61.02,134.06,141.87,130.98,131.21
52,95.65,55.18,136.8,94.23,61.02,134.16,141.8,130.98,131.13
53,95.65,55.18,136.74,94.23,60.92,134.02,141.84,131.06,131.17
54,95.71,55.28,136.77,94.16,60.92,134.02,141.8,130.98,131.21
55,95.65,55.38,136.8,94.1,60.92,134.02,141.84,131.02,131.13
56,95.58,55.38,136.77,94.1,60.92,134.06,141.87,130.86,131.17
57,95.58,55.49,136.77,94.03,60.92,134.02,141.84,130.98,131.17
58,95.65,55.59,136.84,94.03,60.92,134.06,141.84,130.94,131.21
59,95.65,55.69,136.8,93.96,61.02,134.02,141.84,130.9,131.17
60,95.65,55.69,136.8,93.96,60.92,134.06,141.84,130.94,131.17
61,95.71,55.79,136.8,93.9,61.02,134.02,141.84,130.98,131.13
62,95.78,55.79,136.74,93.96,61.02,134.06,141.8,130.98,131.17
63,95.84,55.89,136.77,94.1,61.11,134.02,141.84,130.94,131.17
64,95.97,55.99,136.8,93.96,61.02,134.02,141.8,130.94,131.21
65,95.97,55.99,136.77,93.9,61.21,134.02,141.84,130.94,131.17
66,95.97,56.09,136.74,93.96,61.4,134.06,141.71,130.9,131.17
67,95.97,56.09,136.74,94.1,61.3,134.02,141.8,130.94,131.24
68,96.09,56.3,136.77,93.96,61.49,134.06,141.8,130.94,131.24
69,96.09,56.4,136.8,94.03,61.49,134.06,141.84,130.94,131.24
70,96.16,56.4,136.74,94.03,61.59,134.13,141.77,130.98,131.28
71,96.22,56.6,136.7,94.03,61.59,134.06,141.8,130.98,131.28
72,96.22,56.7,136.7,94.1,61.78,134.06,141.84,130.98,131.28
73,96.22,56.8,136.67,94.1,61.78,134.09,141.8,131.02,131.32
74,96.35,56.9,136.74,94.16,61.78,134.13,141.8,131.06,131.32
75,96.41,57.0,136.67,94.16,61.88,134.16,141.8,131.02,131.36
76,96.35,57.1,136.74,94.29,61.97,134.13,141.77,131.06,131.36
77,96.48,57.2,136.7,94.23,62.16,134.09,141.84,131.09,131.4
78,96.54,57.2,136.74,94.29,62.26,134.13,141.8,131.09,131.36
79,96.6,57.3,136.67,94.36,62.26,134.16,141.8,131.09,131.4
80,96.6,57.5,136.6,94.36,62.26,134.2,141.8,131.09,131.43
81,96.73,57.7,136.67,94.42,62.44,134.16,141.77,131.13,131.47
82,96.66,57.8,136.74,94.42,62.73,134.16,141.77,131.21,131.51
83,96.73,57.99,136.67,94.42,62.73,134.2,141.84,131.17,131.51
84,96.79,57.9,136.7,94.36,62.63,134.16,141.8,131.09,131.55
85,96.85,58.19,136.67,94.36,63.01,134.2,141.74,131.24,131.51
86,96.85,58.29,136.67,94.42,63.01,134.24,141.77,131.28,131.55
87,96.92,58.39,136.67,94.55,63.01,134.2,141.8,131.28,131.58
88,96.98,58.59,136.7,94.62,63.2,134.2,141.8,131.32,131.62
89,97.04,58.68,136.7,94.62,63.29,134.2,141.74,131.32,131.58
90,97.04,58.78,136.74,94.62,63.29,134.24,141.8,131.32,131.62
91,97.1,58.88,136.67,94.68,63.57,134.27,141.8,131.36,131.7
92,97.17,59.08,136.67,94.62,63.57,134.24,141.8,131.4,131.7
93,97.17,59.18,136.67,94.68,63.66,134.24,141.8,131.43,131.7
94,97.23,59.37,136.74,94.75,63.76,134.27,141.8,131.43,131.7
95,97.42,59.57,136.67,94.75,63.94,134.31,141.77,131.51,131.74
96,97.42,59.66,136.67,94.81,64.04,134.34,141.74,131.55,131.81
97,97.48,59.86,136.74,94.88,64.22,134.27,141.8,131.47,131.77
98,97.48,59.96,136.67,94.81,64.32,134.34,141.77,131.51,131.81
99,97.42,60.05,136.67,94.88,64.41,134.31,141.77,131.51,131.81
100,97.54,60.24,136.67,94.94,64.5,134.34,141.74,131.58,131.85
101,97.67,60.44,136.67,94.94,64.68,134.34,141.77,131.58,131.88
102,97.67,60.54,136.63,94.94,64.78,134.42,141.77,131.62,131.96
103,97.67,60.63,136.63,95.0,64.87,134.34,141.84,131.66,131.96
104,97.73,61.02,136.6,95.13,65.05,134.38,141.87,131.66,131.92
105,97.79,61.02,136.67,95.13,65.24,134.38,141.77,131.62,132.0
106,97.79,61.21,136.7,95.07,65.24,134.38,141.8,131.7,132.0
107,97.92,61.3,136.67,95.13,65.51,134.38,141.77,131.77,132.0
108,97.98,61.49,136.74,95.13,65.51,134.38,141.77,131.77,132.0
109,97.92,61.59,136.63,95.07,65.6,134.42,141.74,131.7,132.07
110,97.98,61.78,136.67,95.39,65.78,134.42,141.77,131.74,132.04
111,98.04,61.97,136.7,95.2,65.97,134.45,141.74,131.85,132.07
112,98.04,61.97,136.67,95.2,65.88,134.42,141.8,131.81,132.15
113,98.16,62.26,136.74,95.39,66.24,134.45,141.8,131.85,132.07
114,98.1,62.44,136.67,95.33,66.33,134.49,141.74,131.92,132.26
115,98.16,62.44,136.7,95.39,66.51,134.49,141.8,131.92,132.22
116,98.35,62.73,136.77,95.46,66.6,134.56,141.74,131.92,132.22
117,98.35,62.82,136.67,95.52,66.69,134.45,141.77,132.04,132.26
118,98.35,63.01,136.67,95.52,66.87,134.49,141.77,132.0,132.37
119,98.41,63.2,136.67,95.46,67.05,134.49,141.74,132.11,132.3
120,98.47,63.38,136.7,95.58,67.23,134.52,141.77,132.11,132.37
121,98.47,63.57,136.67,95.58,67.41,134.52,141.8,132.11,132.26
122,98.54,63.57,136.67,95.65,67.41,134.56,141.8,132.11,132.33
123,98.66,63.94,136.67,95.58,67.59,134.56,141.74,132.15,132.41
124,98.72,64.13,136.7,95.71,67.95,134.52,141.8,132.15,132.37
125,98.72,64.13,136.7,95.71,67.95,134.52,141.77,132.15,132.44
126,98.78,64.32,136.67,95.78,68.12,134.56,141.8,132.15,132.48
127,98.84,64.68,136.7,95.78,68.3,134.56,141.8,132.33,132.48
128,98.78,64.78,136.74,95.84,68.57,134.56,141.77,132.37,132.52
129,98.84,64.87,136.74,95.9,68.66,134.67,141.84,132.41,132.59
130,98.97,65.05,136.77,95.9,68.66,134.59,141.77,132.44,132.52
131,99.03,65.42,136.7,95.9,68.83,134.59,141.8,132.44,132.56
132,99.15,65.42,136.74,95.97,69.18,134.59,141.8,132.56,132.59
133,99.09,65.6,136.74,96.03,69.1,134.63,141.84,132.48,132.59
134,99.09,65.78,136.77,96.03,69.18,134.63,141.8,132.52,132.63
135,99.21,65.97,136.8,96.09,69.54,134.67,141.77,132.56,132.67
136,99.15,66.24,136.77,96.09,69.54,134.63,141.8,132.59,132.67
137,99.27,66.42,136.77,96.16,69.8,134.63,141.87,132.59,132.7
138,99.33,66.51,136.74,96.22,69.88,134.7,141.8,132.59,132.78
139,99.33,66.69,136.74,96.22,70.14,134.63,141.87,132.63,132.78
140,99.52,66.87,136.8,96.28,70.32,134.7,141.8,132.67,132.81
141,99.33,67.05,136.74,96.35,70.41,134.74,141.8,132.74,132.81
142,99.52,67.23,136.77,96.28,70.58,134.67,141.84,132.74,132.81
143,99.52,67.5,136.77,96.35,70.75,134.67,141.84,132.7,132.85
144,99.39,67.5,136.77,96.41,70.84,134.7,141.87,132.78,132.85
145,99.58,67.68,136.84,96.41,71.1,134.77,141.84,132.81,132.89
146,99.58,67.95,136.8,96.48,71.27,134.74,141.87,132.81,132.93
147,99.7,68.12,136.77,96.54,71.27,134.67,141.87,132.89,132.96
148,99.76,68.3,136.87,96.54,71.87,134.77,141.84,132.93,132.96
149,99.82,68.39,136.77,96.6,71.87,134.77,141.84,132.89,132.96
150,99.82,68.48,136.8,96.6,72.12,134.74,141.9,132.93,133.0
151,99.82,68.83,136.8,96.73,72.29,134.74,141.87,132.96,133.0
152,100.0,69.01,136.94,96.73,72.46,134.81,141.87,133.04,133.04
153,100.0,69.18,136.84,96.79,72.63,134.74,141.87,132.96,133.04
154,100.06,69.36,136.84,96.73,72.88,134.81,141.87,133.0,133.11
155,100.06,69.54,136.91,96.85,72.88,134.88,141.87,133.04,133.11
156,100.12,69.62,136.87,96.92,73.05,134.88,141.9,133.04,133.18
157,100.18,69.97,136.91,96.92,73.39,134.84,141.93,133.07,133.15
158,100.18,69.97,136.94,96.92,73.39,134.81,141.9,133.11,133.29
159,100.3,70.32,136.94,96.98,73.56,134.88,141.9,133.18,133.26
160,100.3,70.49,136.91,97.04,73.81,134.84,141.93,133.18,133.26
161,100.3,70.58,136.94,97.04,73.97,134.88,141.9,133.18,133.22
162,100.3,70.75,136.94,97.04,74.06,134.84,141.9,133.18,133.36
163,100.42,71.1,136.98,97.1,74.3,134.88,141.93,133.26,133.29
164,100.48,71.27,136.94,97.17,74.55,134.77,141.93,133.29,133.4
165,100.6,71.53,136.98,97.23,74.8,134.88,141.96,133.29,133.29
166,100.6,71.7,137.01,97.29,74.88,134.92,141.93,133.33,133.4
167,100.66,71.78,136.98,97.23,75.13,134.92,141.99,133.33,133.44
168,100.66,72.04,136.98,97.36,75.21,134.95,141.99,133.44,133.44
169,100.78,72.12,137.01,97.36,75.29,135.06,141.93,133.44,133.44
170,100.84,72.38,137.01,97.36,75.62,134.92,142.02,133.4,133.55
171,100.96,72.55,136.98,97.42,75.78,134.95,141.99,133.4,133.55
172,100.9,72.8,137.08,97.54,75.95,134.95,142.02,133.4,133.51
173,100.9,72.88,137.04,97.48,75.87,134.95,141.99,133.51,133.55
174,100.96,73.14,137.04,97.61,76.35,134.99,141.96,133.48,133.62
175,101.08,73.3,137.15,97.61,76.35,134.99,142.06,133.55,133.55
176,101.14,73.47,137.01,97.61,76.52,135.02,141.99,133.55,133.62
177,101.08,73.56,137.08,97.67,76.68,135.02,141.9,133.58,133.66
178,101.02,73.81,137.04,97.73,76.84,135.02,142.06,133.62,133.62
179,101.32,73.97,137.08,97.86,77.08,135.06,142.02,133.62,133.69
180,101.2,74.14,137.04,97.73,77.16,135.02,142.06,133.62,133.66
181,101.38,74.3,137.15,97.86,77.24,135.06,142.06,133.66,133.77
182,101.44,74.47,137.08,97.92,77.48,135.2,142.02,133.69,133.77
183,101.38,74.64,137.15,97.86,77.64,135.16,142.06,133.69,133.77
184,101.5,74.64,137.15,97.92,77.8,135.13,141.96,133.77,133.8
185,101.5,74.96,137.15,97.92,77.88,135.09,142.09,133.73,133.8
186,101.62,75.13,137.15,98.04,77.96,135.13,142.09,133.84,133.8
187,101.56,75.29,137.18,98.04,78.2,135.09,142.15,133.8,133.8
188,101.73,75.46,137.15,98.1,78.36,135.13,142.12,133.84,133.87
189,101.67,75.78,137.22,98.1,78.59,135.16,142.15,133.84,133.87
190,101.73,75.87,137.15,98.29,78.67,135.13,142.12,133.87,133.91
191,101.79,76.11,137.25,98.23,78.83,135.2,142.09,133.8,133.95
192,101.85,76.11,137.25,98.29,78.98,135.24,142.15,133.87,133.84
193,101.79,76.19,137.18,98.23,79.06,135.16,142.15,133.87,133.98
194,101.91,76.52,137.22,98.35,79.38,135.2,142.12,133.98,133.98
195,102.03,76.6,137.28,98.41,79.46,135.16,142.18,133.98,133.98
196,102.03,76.84,137.22,98.41,79.53,135.2,142.15,133.95,134.02
197,102.09,77.08,137.28,98.47,79.92,135.2,142.18,134.02,134.02
198,102.09,77.32,137.28,98.47,80.0,135.2,142.18,134.02,134.09
199,102.09,77.32,137.32,98.54,80.23,135.24,142.18,134.06,134.13
200,102.14,77.48,137.32,98.6,80.23,135.3,142.24,134.06,134.13
201,102.32,77.72,137.32,98.72,80.54,135.27,142.18,134.09,134.13
202,102.32,77.96,137.32,98.66,80.77,135.3,142.21,134.13,134.2
203,102.32,78.04,137.32,98.72,80.77,135.24,142.24,134.24,134.2
204,102.38,78.28,137.35,98.72,81.0,135.34,142.21,134.16,134.2
205,102.44,78.36,137.35,98.78,81.08,135.34,142.24,134.2,134.2
206,102.44,78.43,137.28,98.84,81.16,135.27,142.28,134.2,134.2
207,102.44,78.67,137.42,98.84,81.39,135.34,142.24,134.2,134.27
208,102.56,78.75,137.39,98.84,81.54,135.38,142.31,134.27,134.24
209,102.67,78.98,137.39,98.97,81.69,135.34,142.24,134.27,134.31
210,102.67,79.14,137.42,99.09,81.84,135.41,142.24,134.27,134.31
211,102.73,79.38,137.42,99.15,82.0,135.41,142.28,134.34,134.42
212,102.79,79.53,137.49,99.09,82.37,135.38,142.31,134.34,134.38
213,102.79,79.69,137.46,99.15,82.52,135.45,142.28,134.42,134.38
214,102.85,79.92,137.42,99.21,82.6,135.45,142.31,134.34,134.42
215,102.85,79.84,137.46,99.15,82.6,135.45,142.37,134.31,134.45
216,103.02,80.16,137.49,99.21,82.82,135.45,142.34,134.38,134.45
217,102.96,80.31,137.46,99.33,82.98,135.45,142.31,134.42,134.49
218,103.02,80.46,137.49,99.33,83.05,135.52,142.37,134.42,134.52
219,103.08,80.46,137.52,99.33,83.2,135.48,142.37,134.49,134.52
220,103.08,80.7,137.52,99.39,83.27,135.45,142.37,134.45,134.49
221,103.2,80.77,137.56,99.39,83.42,135.34,142.4,134.49,134.56
222,103.2,81.0,137.56,99.46,83.57,135.48,142.34,134.52,134.56
223,103.25,81.16,137.52,99.52,83.65,135.52,142.37,134.49,134.59
224,103.25,81.31,137.56,99.52,83.87,135.52,142.4,134.56,134.59
225,103.31,81.54,137.56,99.58,84.02,135.55,142.43,134.59,134.59
226,103.37,81.61,137.66,99.58,84.24,135.55,142.43,134.63,134.59
227,103.37,81.77,137.62,99.64,84.39,135.55,142.43,134.59,134.59
228,103.43,81.84,137.59,99.64,84.39,135.55,142.4,134.67,134.7
229,103.54,82.15,137.66,99.76,84.68,135.59,142.43,134.67,134.7
230,103.54,82.15,137.59,99.82,84.75,135.55,142.43,134.67,134.74
231,103.6,82.3,137.66,99.88,85.05,135.62,142.49,134.67,134.7
232,103.6,82.68,137.69,99.88,85.19,135.62,142.46,134.74,134.74
233,103.66,82.75,137.66,99.94,85.19,135.76,142.49,134.74,134.81
234,103.83,82.9,137.69,99.94,85.41,135.69,142.49,134.74,134.77
235,103.71,83.05,137.69,99.94,85.48,135.66,142.52,134.81,134.81
236,103.89,83.12,137.73,100.0,85.7,135.59,142.49,134.81,134.81
237,103.89,83.35,137.69,100.06,85.78,135.66,142.56,134.77,134.84
238,103.94,83.5,137.69,100.12,85.92,135.73,142.52,134.81,134.88
239,103.94,83.65,137.73,100.12,86.06,135.73,142.52,134.81,134.92
240,104.0,83.87,137.73,100.18,86.14,135.73,142.52,134.92,134.92
241,104.0,83.87,137.76,100.24,86.28,135.69,142.52,134.84,134.92
242,104.06,84.02,137.76,100.18,86.5,135.76,142.56,134.88,134.99
243,104.12,84.09,137.83,100.36,86.64,135.73,142.59,134.92,134.99
244,104.74,83.5,137.9,100.66,86.64,135.83,142.56,134.92,135.02
245,104.91,83.27,137.86,100.78,86.57,135.8,142.56,134.88,134.95
246,105.31,81.54,137.9,101.44,85.99,135.9,142.62,134.74,134.77
247,105.42,81.08,137.9,101.44,85.78,135.87,142.56,134.7,134.7
248,105.31,80.54,137.96,101.67,85.41,135.83,142.62,134.52,134.56
249,105.19,79.46,137.9,101.62,84.68,135.83,142.56,134.31,134.34
250,105.02,78.83,137.93,101.73,84.09,135.8,142.56,134.16,134.16
251,104.85,78.2,137.86,101.62,83.72,135.8,142.56,134.02,134.06
252,104.68,78.04,137.83,101.67,83.27,135.73,142.52,133.98,133.98
253,104.17,77.48,137.76,101.32,82.75,135.69,142.56,133.77,133.8
254,104.06,76.92,137.83,101.2,82.37,135.73,142.52,133.66,133.73
255,103.83,76.68,137.86,101.08,82.0,135.62,142.52,133.58,133.62
256,103.54,76.19,137.83,100.78,81.61,135.55,142.52,133.44,133.48
257,103.14,75.46,137.86,100.54,81.23,135.48,142.49,133.33,133.36
258,103.08,75.54,137.79,100.42,81.0,135.41,142.49,133.26,133.29
259,102.9,75.29,137.76,100.3,80.85,135.45,142.52,133.18,133.29
260,102.56,74.88,137.76,100.0,80.39,135.38,142.49,133.07,133.18
261,102.32,74.55,137.76,99.82,80.08,135.34,142.49,133.04,133.15
262,102.14,74.39,137.73,99.7,80.0,135.27,142.46,133.04,133.07
263,101.79,73.81,137.66,99.46,79.38,135.2,142.43,132.85,132.93
264,101.67,73.64,137.73,99.21,79.14,135.16,142.43,132.81,132.89
265,101.5,73.56,137.69,99.09,78.98,135.13,142.46,132.78,132.85
266,101.32,73.22,137.66,98.9,78.67,135.06,142.4,132.74,132.78
267,101.2,72.97,137.62,98.78,78.43,135.13,142.4,132.67,132.74
268,101.02,72.72,137.62,98.6,78.2,135.02,142.43,132.63,132.7
269,100.78,72.29,137.62,98.41,77.96,134.95,142.4,132.59,132.67
270,100.72,72.21,137.62,98.35,77.72,134.99,142.37,132.56,132.63
271,100.6,72.04,137.56,98.29,77.64,134.99,142.37,132.48,132.59
272,100.48,71.78,137.62,98.1,77.4,134.95,142.34,132.48,132.59
273,100.42,71.61,137.56,98.04,77.24,134.88,142.37,132.41,132.52
274,100.18,71.35,137.56,97.98,77.0,134.88,142.34,132.41,132.48
275,100.12,71.18,137.49,97.86,76.84,134.84,142.37,132.41,132.44
276,100.0,71.01,137.46,97.73,76.6,134.81,142.34,132.33,132.41
277,99.88,70.67,137.52,97.61,76.27,134.81,142.34,132.3,132.37
278,99.76,70.23,137.52,97.54,75.95,134.74,142.34,132.22,132.41
279,99.7,70.14,137.49,97.54,75.95,134.7,142.37,132.26,132.3
280,99.58,69.88,137.52,97.36,75.62,134.74,142.31,132.22,132.33
281,99.52,69.71,137.46,97.36,75.46,134.67,142.31,132.22,132.26
282,99.33,69.36,137.49,97.1,75.05,134.63,142.28,132.07,132.26
283,99.27,69.1,137.42,97.04,74.96,134.67,142.31,132.11,132.22
284,99.27,68.92,137.42,97.04,74.72,134.59,142.31,132.11,132.11
285,99.09,68.83,137.42,96.92,74.64,134.63,142.28,132.0,132.15
286,99.09,68.83,137.49,96.98,74.39,134.59,142.24,132.07,132.11
287,98.9,68.39,137.39,96.85,74.39,134.56,142.28,132.04,132.15
288,98.9,68.04,137.42,96.73,73.64,134.56,142.24,132.0,132.11
289,98.78,67.86,137.39,96.66,73.47,134.59,142.21,131.96,132.07
290,98.72,67.86,137.35,96.66,73.47,134.56,142.24,131.96,132.04
291,98.66,67.41,137.32,96.6,73.05,134.49,142.18,131.92,132.0
292,98.6,67.23,137.28,96.54,72.88,134.49,142.15,131.92,131.92
293,98.66,67.14,137.32,96.48,72.8,134.49,142.21,131.92,132.0
294,98.54,66.96,137.32,96.6,72.46,134.45,142.34,131.88,131.96
295,98.54,66.87,137.28,96.41,72.46,134.42,142.18,131.85,132.0
296,98.35,66.51,137.22,96.35,72.21,134.45,142.21,131.77,132.0
297,98.35,66.42,137.28,96.41,72.04,134.38,142.18,131.85,131.81
298,98.35,66.24,137.18,96.28,71.87,134.42,142.15,131.81,131.96
299,98.23,65.97,137.25,96.22,71.7,134.38,142.15,131.81,131.85
300,98.29,65.97,137.22,96.16,71.53,134.38,142.18,131.74,131.88
301,98.23,65.69,137.35,96.16,71.35,134.34,142.15,131.74,131.85
302,98.23,65.51,137.25,96.16,71.27,134.31,142.15,131.77,131.88
303,98.1,65.33,137.18,96.16,71.01,134.31,142.15,131.74,131.77
304,98.1,65.14,137.18,96.03,70.92,134.27,142.12,131.7,131.81
305,98.04,64.96,137.22,96.03,70.67,134.27,142.12,131.66,131.7
306,98.04,64.78,137.18,96.03,70.58,134.13,142.18,131.7,131.74
307,97.98,64.59,137.15,95.97,70.41,134.31,142.12,131.58,131.77
308,97.92,64.32,137.15,95.9,70.32,134.24,142.12,131.58,131.7
309,97.92,64.22,137.15,95.9,69.97,134.24,142.12,131.62,131.66
310,97.92,64.13,137.15,95.84,69.97,134.27,142.06,131.62,131.66
311,97.79,63.85,137.11,95.84,69.71,134.2,142.12,131.58,131.66
312,97.86,63.76,137.11,95.71,69.71,134.2,142.06,131.62,131.74
313,97.73,63.66,137.04,95.78,69.45,134.2,142.02,131.51,131.62
314,97.79,63.48,137.11,95.78,69.45,134.16,142.09,131.58,131.66
315,97.67,63.29,137.04,95.71,69.1,134.16,142.02,131.55,131.7
316,97.79,63.1,137.01,95.71,69.1,134.16,142.06,131.51,131.66
317,97.61,63.1,137.08,95.78,68.83,134.13,142.02,131.62,131.58
318,97.67,62.92,137.04,95.65,68.74,134.13,142.09,131.47,131.58
319,97.61,62.82,137.01,95.65,68.39,134.13,142.02,131.51,131.58
320,97.48,62.54,137.11,95.58,68.39,134.09,142.06,131.47,131.58
321,97.54,62.44,136.98,95.58,68.39,134.09,142.09,131.51,131.62
322,97.48,62.26,137.04,95.58,68.12,134.13,141.99,131.32,131.62
323,97.48,62.16,137.01,95.52,68.04,134.13,142.02,131.32,131.55
324,97.48,62.06,137.04,95.46,67.95,134.09,141.99,131.28,131.58
325,97.36,61.78,136.98,95.46,67.77,134.06,141.99,131.28,131.47
326,97.42,61.78,136.98,95.58,67.5,134.02,141.99,131.28,131.51
327,97.36,61.49,136.98,95.46,67.41,134.06,141.96,131.32,131.51
328,97.36,61.4,136.94,95.39,67.32,134.02,141.99,131.28,131.51
329,97.36,61.4,136.87,95.39,67.14,134.02,141.96,131.28,131.47
330,97.36,61.11,136.98,95.39,67.14,134.02,141.93,131.28,131.47
331,97.29,61.02,136.94,95.33,66.87,134.02,141.96,131.24,131.51
332,97.23,61.02,136.94,95.33,66.87,134.02,141.96,131.24,131.47
333,97.23,60.92,136.94,95.39,66.78,133.98,141.96,131.24,131.47
334,97.23,60.73,136.91,95.39,66.69,133.98,141.93,131.21,131.47
335,97.23,60.63,136.94,95.33,66.42,133.98,141.93,131.24,131.43
336,97.29,60.44,136.94,95.26,66.51,133.98,141.93,131.24,131.47
337,97.23,60.34,136.91,95.33,66.33,133.91,141.96,131.21,131.43
338,97.17,60.34,136.87,95.26,66.24,133.95,141.93,131.21,131.47
339,97.23,60.15,136.94,95.26,66.24,133.98,141.9,131.17,131.4
340,97.17,60.05,136.87,95.33,65.97,133.91,141.9,131.17,131.43
341,97.1,59.96,136.87,95.2,65.97,133.95,141.9,131.21,131.36
342,97.1,59.76,136.87,95.2,65.78,133.98,141.93,131.13,131.36
343,97.1,59.76,136.87,95.2,65.6,133.91,141.9,131.17,131.36
344,96.98,59.66,136.91,95.2,65.6,133.91,141.9,131.09,131.32
345,96.98,59.66,136.87,95.2,65.51,133.91,141.87,131.21,131.36
346,96.98,59.47,136.8,95.13,65.42,133.87,141.9,131.17,131.36
347,97.04,59.27,136.8,95.13,65.33,133.91,141.87,131.17,131.4
348,97.04,59.37,136.77,95.13,65.24,133.91,141.9,131.17,131.36
349,97.04,59.18,136.84,95.13,65.14,133.87,141.9,131.09,131.32
350,97.04,59.18,136.84,95.13,65.14,133.87,141.9,131.09,131.32
351,97.04,59.18,136.84,95.13,65.14,133.87,141.9,131.09,131.32
352,97.04,59.18,136.84,95.13,65.14,133.87,141.9,131.09,131.32
353,97.04,59.18,136.84,95.13,65.14,133.87,141.9,131.09,131.32
354,97.04,59.18,136.84,95.13,65.14,133.87,141.9,131.09,131.32
355,97.04,59.18,136.84,95.13,65.14,133.87,141.9,131.09,131.32
356,97.04,59.18,136.84,95.13,65.14,133.87,141.9,131.09,131.32
357,97.04,59.18,136.84,95.13,65.14,133.87,141.9,131.09,131.32
358,97.04,59.18,136.84,95.13,65.14,133.87,141.9,131.09,131.32
359,97.04,59.18,136.84,95.13,65.14,133.87,141.9,131.09,131.32
360,97.04,59.18,136.84,95.13,65.14,133.87,141.9,131.09,131.32
361,97.04,59.18,136.84,95.13,65.14,133.87,141.9,131.09,131.32
362,97.04,59.18,136.84,95.13,65.14,133.87,141.9,131.09,131.32
363,97.04,59.18,136.84,95.13,65.14,133.87,141.9,131.09,131.32
364,97.04,59.18,136.84,95.13,65.14,133.87,141.9,131.09,131.32
365,97.04,59.18,136.84,95.13,65.14,133.87,141.9,131.09,131.32
366,97.04,59.18,136.84,95.13,65.14,133.87,141.9,131.09,131.32
367,97.04,59.18,136.84,95.13,65.14,133.87,141.9,131.09,131.32
368,97.04,59.18,136.84,95.13,65.14,133.87,141.9,131.09,131.32
369,97.04,59.18,136.84,95.13,65.14,133.87,141.9,131.09,131.32
370,97.04,59.18,136.84,95.13,65.14,133.87,141.9,131.09,131.32
371,97.04,59.18,136.84,95.13,65.14,133.87,141.9,131.09,131.32
372,97.04,59.18,136.84,95.13,65.14,133.87,141.9,131.09,131.32
373,97.04,59.18,136.84,95.13,65.14,133.87,141.9,131.09,131.32
374,97.04,59.18,136.84,95.13,65.14,133.87,141.9,131.09,131.32
375,97.04,59.18,136.84,95.13,65.14,133.87,141.9,131.09,131.32
376,97.04,59.18,136.84,95.13,65.14,133.87,141.9,131.09,131.32
377,97.04,59.18,136.84,95.13,65.14,133.87,141.9,131.09,131.32
378,97.04,59.18,136.84,95.13,65.14,133.87,141.9,131.09,131.32
379,97.04,59.18,136.84,95.13,65.14,133.87,141.9,131.09,131.32
380,97.04,59.18,136.84,95.13,65.14,133.87,141.9,131.09,131.32
381,97.04,59.18,136.84,95.13,65.14,133.87,141.9,131.09,131.32
382,97.04,59.18,136.84,95.13,65.14,133.87,141.9,131.09,131.32
383,97.04,59.18,136.84,95.13,65.14,133.87,141.9,131.09,131.32
384,97.04,59.18,136.84,95.13,65.14,133.87,141.9,131.09,131.32
385,97.04,59.18,136.84,95.13,65.14,133.87,141.9,131.09,131.32
386,97.04,59.18,136.84,95.13,65.14,133.87,141.9,131.09,131.32
387,97.04,59.18,136.84,95.13,65.14,133.87,141.9,131.09,131.32
388,97.04,59.18,136.84,95.13,65.14,133.87,141.9,131.09,131.32
389,97.04,59.18,136.84,95.13,65.14,133.87,141.9,131.09,131.32
390,97.04,59.18,136.84,95.13,65.14,133.87,141.9,131.09,131.32
391,97.04,59.18,136.84,95.13,65.14,133.87,141.9,131.09,131.32
392,97.04,59.18,136.84,95.13,65.14,133.87,141.9,131.09,131.32
393,97.04,59.18,136.84,95.13,65.14,133.87,141.9,131.09,131.32
394,97.04,59.18,136.84,95.13,65.14,133.87,141.9,131.09,131.32
395,97.04,59.18,136.84,95.13,65.14,133.87,141.9,131.09,131.32
396,97.04,59.18,136.84,95.13,65.14,133.87,141.9,131.09,131.32
397,97.04,59.18,136.84,95.13,65.14,133.87,141.9,131.09,131.32
398,97.04,59.18,136.84,95.13,65.14,133.87,141.9,131.09,131.32
399,97.04,59.18,136.84,95.13,65.14,133.87,141.9,131.09,131.32
400,97.04,59.18,136.84,95.13,65.14,133.87,141.9,131.09,131.32
401,97.04,59.18,136.84,95.13,65.14,133.87,141.9,131.09,131.32
402,97.04,59.18,136.84,95.13,65.14,133.87,141.9,131.09,131.32
403,97.04,59.18,136.84,95.13,65.14,133.87,141.9,131.09,131.32
404,97.04,59.18,136.84,95.13,65.14,133.87,141.9,131.09,131.32
405,97.04,59.18,136.84,95.13,65.14,133.87,141.9,131.09,131.32
406,97.04,59.18,136.84,95.13,65.14,133.87,141.9,131.09,131.32
407,97.04,59.18,136.84,95.13,65.14,133.87,141.9,131.09,131.32
408,97.04,59.18,136.84,95.13,65.14,133.87,141.9,131.09,131.32
409,97.04,59.18,136.84,95.13,65.14,133.87,141.9,131.09,131.32
410,97.04,59.18,136.84,95.13,65.14,133.87,141.9,131.09,131.32
411,97.04,59.18,136.84,95.13,65.14,133.87,141.9,131.09,131.32
412,97.04,59.18,136.84,95.13,65.14,133.87,141.9,131.09,131.32
413,97.04,59.18,136.84,95.13,65.14,133.87,141.9,131.09,131.32
414,97.04,59.18,136.84,95.13,65.14,133.87,141.9,131.09,131.32
415,97.04,59.18,136.84,95.13,65.14,133.87,141.9,131.09,131.32
416,97.04,59.18,136.84,95.13,65.14,133.87,141.9,131.09,131.32
417,97.04,59.18,136.84,95.13,65.14,133.87,141.9,131.09,131.32
418,97.04,59.18,136.84,95.13,65.14,133.87,141.9,131.09,131.32
419,97.04,59.18,136.84,95.13,65.14,133.87,141.9,131.09,131.32
420,97.04,59.18,136.84,95.13,65.14,133.87,141.9,131.09,131.32
421,97.04,59.18,136.84,95.13,65.14,133.87,141.9,131.09,131.32
422,97.04,59.18,136.84,95.13,65.14,133.87,141.9,131.09,131.32
423,97.04,59.18,136.84,95.13,65.14,133.87,141.9,131.09,131.32
424,97.04,59.18,136.84,95.13,65.14,133.87,141.9,131.09,131.32
425,97.04,59.18,136.84,95.13,65.14,133.87,141.9,131.09,131.32
426,97.04,59.18,136.84,95.13,65.14,133.87,141.9,131.09,131.32
427,97.04,59.18,136.84,95.13,65.14,133.87,141.9,131.09,131.32
428,97.04,59.18,136.84,95.13,65.14,133.87,141.9,131.09,131.32
429,97.04,59.18,136.84,95.13,65.14,133.87,141.9,131.09,131.32
430,97.04,59.18,136.84,95.13,65.14,133.87,141.9,131.09,131.32
431,97.04,59.18,136.84,95.13,65.14,133.87,141.9,131.09,131.32
432,97.04,59.18,136.84,95.13,65.14,133.87,141.9,131.09,131.32
433,97.04,59.18,136.84,95.13,65.14,133.87,141.9,131.09,131.32
434,97.04,59.18,136.84,95.13,65.14,133.87,141.9,131.09,131.32
435,97.04,59.18,136.84,95.13,65.14,133.87,141.9,131.09,131.32
436,97.04,59.18,136.84,95.13,65.14,133.87,141.9,131.09,131.32
437,97.04,59.18,136.84,95.13,65.14,133.87,141.9,131.09,131.32
438,97.04,59.18,136.84,95.13,65.14,133.87,141.9,131.09,131.32
439,97.04,59.18,136.84,95.13,65.14,133.87,141.9,131.09,131.32
440,97.04,59.18,136.84,95.13,65.14,133.87,141.9,131.09,131.32
441,97.04,59.18,136.84,95.13,65.14,133.87,141.9,131.09,131.32
442,97.04,59.18,136.84,95.13,65.14,133.87,141.9,131.09,131.32
443,97.04,59.18,136.84,95.13,65.14,133.87,141.9,131.09,131.32
444,97.04,59.18,136.84,95.13,65.14,133.87,141.9,131.09,131.32
445,97.04,59.18,136.84,95.13,65.14,133.87,141.9,131.09,131.32
446,97.04,59.18,136.84,95.13,65.14,133.87,141.9,131.09,131.32
447,97.04,59.18,136.84,95.13,65.14,133.87,141.9,131.09,131.32
448,97.04,59.18,136.84,95.13,65.14,133.87,141.9,131.09,131.32
449,97.04,59.18,136.84,95.13,65.14,133.87,141.9,131.09,131.32
450,97.04,59.18,136.84,95.13,65.14,133.87,141.9,131.09,131.32
451,97.04,59.18,136.84,95.13,65.14,133.87,141.9,131.09,131.32
452,97.04,59.18,136.84,95.13,65.14,133.87,141.9,131.09,131.32
453,97.04,59.18,136.84,95.13,65.14,133.87,141.9,131.09,131.32
454,97.04,59.18,136.84,95.13,65.14,133.87,141.9,131.09,131.32
455,97.04,59.18,136.84,95.13,65.14,133.87,141.9,131.09,131.32
456,97.04,59.18,136.84,95.13,65.14,133.87,141.9,131.09,131.32
457,97.04,59.18,136.84,95.13,65.14,133.87,141.9,131.09,131.32
458,97.04,59.18,136.84,95.13,65.14,133.87,141.9,131.09,131.32
459,97.04,59.18,136.84,95.13,65.14,133.87,141.9,131.09,131.32
460,97.04,59.18,136.84,95.13,65.14,133.87,141.9,131.09,131.32
461,97.04,59.18,136.84,95.13,65.14,133.87,141.9,131.09,131.32
462,97.04,59.18,136.84,95.13,65.14,133.87,141.9,131.09,131.32
463,97.04,59.18,136.84,95.13,65.14,133.87,141.9,131.09,131.32
464,97.04,59.18,136.84,95.13,65.14,133.87,141.9,131.09,131.32
465,97.04,59.18,136.84,95.13,65.14,133.87,141.9,131.09,131.32
466,97.04,59.18,136.84,95.13,65.14,133.87,141.9,131.09,131.32
467,97.04,59.18,136.84,95.13,65.14,133.87,141.9,131.09,131.32
468,97.04,59.18,136.84,95.13,65.14,133.87,141.9,131.09,131.32
469,97.04,59.18,136.84,95.13,65.14,133.87,141.9,131.09,131.32
470,97.04,59.18,136.84,95.13,65.14,133.87,141.9,131.09,131.32
471,97.04,59.18,136.84,95.13,65.14,133.87,141.9,131.09,131.32
472,97.04,59.18,136.84,95.13,65.14,133.87,141.9,131.09,131.32
473,97.04,59.18,136.84,95.13,65.14,133.87,141.9,131.09,131.32
474,97.04,59.18,136.84,95.13,65.14,133.87,141.9,131.09,131.32
475,97.04,59.18,136.84,95.13,65.14,133.87,141.9,131.09,131.32
476,97.04,59.18,136.84,95.13,65.14,133.87,141.9,131.09,131.32
477,97.04,59.18,136.84,95.13,65.14,133.87,141.9,131.09,131.32
478,97.04,59.18,136.84,95.13,65.14,133.87,141.9,131.09,131.32
479,97.04,59.18,136.84,95.13,65.14,133.87,141.9,131.09,131.32
480,97.04,59.18,136.84,95.13,65.14,133.87,141.9,131.09,131.32
481,97.04,59.18,136.84,95.13,65.14,133.87,141.9,131.09,131.32
482,97.04,59.18,136.84,95.13,65.14,133.87,141.9,131.09,131.32
483,97.04,59.18,136.84,95.13,65.14,133.87,141.9,131.09,131.32
484,97.04,59.18,136.84,95.13,65.14,133.87,141.9,131.09,131.32
485,97.04,59.18,136.84,95.13,65.14,133.87,141.9,131.09,131.32
486,97.04,59.18,136.84,95.13,65.14,133.87,141.9,131.09,131.32
487,97.04,59.18,136.84,95.13,65.14,133.87,141.9,131.09,131.32
488,97.04,59.18,136.84,95.13,65.14,133.87,141.9,131.09,131.32
489,97.04,59.18,136.84,95.13,65.14,133.87,141.9,131.09,131.32
490,97.04,59.18,136.84,95.13,65.14,133.87,141.9,131.09,131.32
491,97.04,59.18,136.84,95.13,65.14,133.87,141.9,131.09,131.32
492,97.04,59.18,136.84,95.13,65.14,133.87,141.9,131.09,131.32
493,97.04,59.18,136.84,95.13,65.14,133.87,141.9,131.09,131.32
494,97.04,59.18,136.84,95.13,65.14,133.87,141.9,131.09,131.32
495,97.04,59.18,136.84,95.13,65.14,133.87,141.9,131.09,131.32
496,97.04,59.18,136.84,95.13,65.14,133.87,141.9,131.09,131.32
497,97.04,59.18,136.84,95.13,65.14,133.87,141.9,131.09,131.32
498,97.04,59.18,136.84,95.13,65.14,133.87,141.9,131.09,131.32
499,97.04,59.18,136.84,95.13,65.14,133.87,141.9,131.09,131.32
500,97.04,59.18,136.84,95.13,65.14,133.87,141.9,131.09,131.32
501,97.04,59.18,136.84,95.13,65.14,133.87,141.9,131.09,131.32
502,97.04,59.18,136.84,95.13,65.14,133.87,141.9,131.09,131.32
503,97.04,59.18,136.84,95.13,65.14,133.87,141.9,131.09,131.32
504,97.04,59.18,136.84,95.13,65.14,133.87,141.9,131.09,131.32
505,97.04,59.18,136.84,95.13,65.14,133.87,141.9,131.09,131.32
506,97.04,59.18,136.84,95.13,65.14,133.87,141.9,131.09,131.32
507,97.04,59.18,136.84,95.13,65.14,133.87,141.9,131.09,131.32
508,97.04,59.18,136.84,95.13,65.14,133.87,141.9,131.09,131.32
509,97.04,59.18,136.84,95.13,65.14,133.87,141.9,131.09,131.32
510,97.04,59.18,136.84,95.13,65.14,133.87,141.9,131.09,131.32
511,97.04,59.18,136.84,95.13,65.14,133.87,141.9,131.09,131.32
