-0.030585285,0.2863807,-0.0022068843,-0.2241793
-0.17684801,-0.17002031,-0.09198632,0.4051717
-0.18777475,-0.17652121,-0.1101317,0.43883127
0.30593523,-0.104677305,0.17702486,-0.39308724
-0.19445525,-0.1421304,-0.099561155,0.40214643
-0.17664073,0.3068977,0.08717569,-0.18628252
0.28580704,-0.016937796,0.07093212,-0.35422036
-0.34128174,-0.058553867,0.73737127,-0.3314553
0.30477375,-0.07230011,-0.094519556,-0.15410182
-0.23098388,-0.15588455,-0.07825886,0.4359038
-0.25936785,0.30107257,0.11390273,-0.1332078
-0.12072495,-0.3882563,0.79390585,-0.29197526
0.42561826,-0.16543,-0.049171485,-0.24786763
-0.1970911,-0.34909362,0.81340533,-0.2717159
-0.24908145,0.33204708,-0.063322686,-0.0012127832
-0.12668899,-0.44278014,0.7909372,-0.2353372
0.30127156,0.013631374,-0.08784722,-0.2467168
-0.16543822,0.32036692,0.054078963,-0.18311656
0.32278544,-0.18212007,0.0034520337,-0.18025759
-0.14445333,-0.37654096,0.8156506,-0.2990259
-0.06694849,0.19372746,0.045451432,-0.15653753
0.12057777,0.09157026,0.017968558,-0.23475662
-0.18163656,0.29455858,0.10465355,-0.18969521
-0.14996469,0.2920627,0.09163565,-0.20320061
0.33948556,-0.09872445,0.025111929,-0.28495514
-0.0957684,0.21331157,0.08113093,-0.17957515
-0.19601879,0.020032614,-0.18812278,0.3306869
-0.28086776,-0.031112263,-0.0764115,0.35690504
-0.14073722,0.27378675,0.060519665,-0.16489479
-0.12873597,0.23190233,0.13879459,-0.21574634
0.2880815,-0.448977,-0.0041154576,0.09580941
-0.1809527,-0.36567438,0.80028844,-0.26250345
0.32751358,0.059995156,-0.05968587,-0.33648312
-0.26441848,-0.33988285,0.8479793,-0.24481815
0.27828383,0.014766277,-0.05169909,-0.25100118
-0.038934983,0.08351948,0.0051945075,-0.052384872
0.15007359,0.0008694567,-0.0035847612,-0.1623339
-0.21723603,0.24636054,0.07934314,-0.09363802
-0.24109524,-0.1451811,-0.07295015,0.43089944
-0.22131261,-0.33798122,0.82347715,-0.26595622
0.27449584,0.01174018,-0.19996636,-0.11145619
0.32472128,-0.04006163,-0.035831504,-0.2707688
-0.36960018,-0.31285754,0.8562316,-0.17226854
-0.22112162,-0.12084703,-0.08047159,0.39472365
-0.14306313,-0.1695683,-0.07225202,0.34822798
0.24381778,-0.06281052,-0.07613205,-0.13560145
-0.1619708,-0.19057132,-0.0835543,0.3997479
-0.33083296,-0.37817273,0.8049307,-0.109513566
-0.12757039,0.3135784,-0.10583687,-0.0743878
-0.19765766,-0.10253226,-0.10292988,0.37301442
-0.07444249,0.0968396,0.06875784,-0.09580297
0.2539749,0.018994968,-0.41280147,0.11018078
-0.22950333,-0.14855507,-0.10014771,0.44630566
0.4515856,0.045157783,-0.49082106,-0.031303167
0.5192665,-0.10087908,-0.20924997,-0.24583933
-0.10326043,0.24931805,0.098672606,-0.21392244
-0.44409558,-0.09819334,0.7969612,-0.23012589
-0.23101209,-0.1692424,-0.09084846,0.4590017
-0.026206661,-0.07707155,-0.09143395,0.1681071
-0.15725651,-0.4712342,0.75705445,-0.15413468
-0.22223404,0.24941623,0.17655456,-0.17678101
-0.29059464,-0.16157275,0.05604955,0.35796043
-0.37800342,-0.23380609,0.8701079,-0.24596563
0.69627774,-0.12636188,-0.43605214,-0.17866147
0.30989847,-0.18218987,0.059949648,-0.22691941
-0.21614069,-0.16093527,-0.116708994,0.45645103
-0.59675205,-0.12327799,0.86673754,-0.12190059
-0.17911072,-0.19171742,-0.075172454,0.41099435
-0.011112185,0.22749391,-0.06434687,-0.13835426
-0.05252207,-0.013125891,0.13067302,-0.08120997
-0.19849306,0.31418416,0.04676334,-0.14123057
-0.3433716,-0.1850923,0.82282245,-0.27996647
-0.6128196,-0.13265055,0.8447875,-0.0796233
-0.16176906,0.24775158,0.01801214,-0.08967263
-0.18362778,-0.36511806,0.796394,-0.24474944
0.36866644,-0.12134304,-0.052380584,-0.22431438
-0.22245833,-0.06997717,-0.07436278,0.3389315
-0.5090219,-0.23041132,0.8654236,-0.11303544
0.19082886,0.027172036,0.09373188,-0.31486276
-0.1484788,-0.43931374,0.7861209,-0.21483588
-0.1830672,-0.16204727,-0.12122288,0.43097514
-0.23740216,-0.14839074,-0.08582075,0.44140872
0.39835256,-0.16031241,-0.0569428,-0.21769036
-0.368628,-0.019709714,0.76302314,-0.36159816
-0.11827468,-0.41257593,0.7586951,-0.24319421
-0.23387676,-0.092094064,-0.12511414,0.40952292
-0.53283525,-0.2553152,0.8777817,-0.08052672
-0.106577575,-0.45487013,0.74888456,-0.20780784
0.35875326,-0.1851453,-0.3327638,0.10345447
-0.15981738,0.3136305,0.07028864,-0.19270945
-0.26817766,-0.13514769,-0.074205786,0.44899204
-0.10977253,-0.322708,0.7045995,-0.3078079
-0.13751186,0.29537657,0.07270919,-0.19809775
0.20774773,-0.25573334,0.5439904,-0.52692926
0.30476427,-0.07647979,-0.3344945,0.06490719
0.15103808,0.017015856,-0.05008145,-0.14224572
0.44326243,-0.12577565,-0.21582578,-0.1368176
0.468829,-0.12221794,-0.38835627,-0.003156858
-0.104311235,0.24717063,0.07078905,-0.19371876
0.37324935,-0.08845255,-0.08142118,-0.22626957
-0.17494407,-0.20939012,-0.069135815,0.4167928
0.41538408,-0.24443215,-0.13662276,-0.089037485
-0.22267339,-0.09832532,-0.06956683,0.37145123
-0.51715213,-0.19585325,0.8387922,-0.11514196
-0.18982553,-0.09843985,-0.16920656,0.41994604
-0.12326301,0.02806719,0.15111133,-0.057640992
-0.115066275,0.23699373,0.12038536,-0.21611737
-0.06075073,0.25067303,0.05035432,-0.21188799
-0.093312025,0.29058117,0.0018082745,-0.17595807
-0.38630605,-0.2724914,0.88321066,-0.21479112
-0.07200563,0.2505332,0.043576792,-0.19830072
0.42068192,-0.22821896,-0.21115926,-0.02805192
-0.4579247,-0.28634915,0.88766146,-0.1370343
-0.18963301,-0.17417684,-0.11889626,0.44628802
-0.17893313,-0.1119495,-0.04328028,0.31061974
0.4442216,0.10558566,-0.18507463,-0.3703396
-0.19073468,-0.17262846,-0.016886083,0.35201398
0.022667943,-0.1309837,0.027966391,0.04117821
0.16743448,-0.34065557,0.54167044,-0.41573548
-0.17331518,-0.09196448,-0.14877862,0.3805376
-0.25474957,0.25487345,0.12910412,-0.10593708
0.2826896,0.035252012,-0.02644211,-0.29154044
-0.16231334,-0.3656248,0.75002015,-0.25182277
0.24946916,0.058003243,-0.33780298,0.011957094
-0.19272172,0.23636502,0.112661496,-0.1375621
-0.42831567,-0.21111697,0.87751323,-0.2198901
0.14737652,0.0019287309,0.020027157,-0.18720561
-0.22653143,0.300593,0.10376066,-0.15435879
-0.052414812,-0.03125086,0.27602732,-0.20083478
0.40911767,-0.09311324,0.107330754,-0.43882668
-0.22899164,-0.048997458,-0.11651614,0.36323637
-0.19358924,-0.17293948,-0.12885988,0.45693657
-0.6576217,-0.13444571,0.80837834,-0.001592122
-0.21523827,-0.16375552,-0.104189835,0.4492889
0.11182832,0.064650714,-0.2213479,0.023703106
-0.0682746,0.21535715,0.14781936,-0.26947215
0.2574671,-0.032931823,-0.05958469,-0.19280812
-0.24452405,-0.046814498,-0.13257658,0.38257313
-0.10693191,-0.4143222,0.7609284,-0.25274655
-0.08419977,0.18278328,0.113310836,-0.19257441
-0.07369591,-0.3096602,0.75213015,-0.37843385
-0.6093163,0.04005587,0.5646947,0.040846992
-0.1912484,-0.17496134,-0.051152598,0.38958707
-0.5309503,-0.18974492,0.84465516,-0.11419341
-0.47812572,-0.17664886,0.8819431,-0.20654915
-0.28125006,-0.036411382,-0.10307381,0.3909413
-0.44255003,-0.17994037,0.76402366,-0.14494643
-0.050721105,0.21610366,0.12882861,-0.2681626
-0.21409556,-0.115136944,-0.14001663,0.43341672
-0.19122058,0.29921362,0.10815175,-0.1887436
0.3156566,-0.06238381,-0.15820894,-0.119364664
-0.23596841,-0.1261979,-0.11081175,0.44021344
0.42270106,-0.14924593,-0.12915438,-0.17713735
-0.30370197,-0.32096502,0.8281449,-0.2078268
-0.19394943,-0.15391414,-0.12610728,0.4362644
-0.20357044,-0.16137819,-0.10122967,0.43077406
0.24907236,-0.011424869,-0.22595961,-0.025133384
-0.20202568,-0.16852243,-0.13592272,0.46882161
-0.00028920546,0.16195436,-0.09834212,-0.076196276
-0.12510899,-0.35793334,0.78111744,-0.30549306
