0,99.27,87.5,131.62,91.03,87.99,126.97,138.63,124.18,124.65
1,99.82,87.78,131.62,91.51,88.34,127.01,138.6,124.14,124.69
2,100.96,88.48,131.7,92.45,89.04,127.09,138.57,124.31,124.82
3,101.08,88.62,131.7,92.65,89.25,126.97,138.6,124.22,124.9
4,101.73,89.04,131.66,93.11,89.66,127.05,138.63,124.39,125.03
5,102.5,89.53,131.7,93.96,90.49,127.09,138.57,124.56,125.15
6,103.25,90.22,131.7,94.81,91.44,127.13,138.63,124.65,125.48
7,104.06,90.97,131.7,95.71,92.18,127.13,138.63,124.86,125.65
8,104.29,91.17,131.74,95.97,92.51,127.13,138.6,124.94,125.69
9,104.97,92.04,131.7,96.73,93.51,127.21,138.63,125.07,125.98
10,105.59,92.71,131.74,97.42,94.16,127.21,138.57,125.32,126.11
11,106.03,93.51,131.7,98.04,95.0,127.25,138.53,125.48,126.35
12,106.48,93.96,131.74,98.47,95.58,127.25,138.5,125.65,126.48
13,106.53,94.03,131.74,98.66,95.71,127.29,138.63,125.78,126.56
14,107.14,95.2,131.77,99.46,96.66,127.37,138.57,125.98,126.8
15,107.58,96.03,131.7,99.88,97.42,127.37,138.67,126.15,126.93
16,107.74,96.03,131.77,100.06,97.73,127.33,138.63,126.19,127.01
17,108.17,96.92,131.77,100.66,98.29,127.37,138.6,126.44,127.21
18,108.55,97.73,131.74,101.14,99.09,127.41,138.57,126.64,127.33
19,109.03,98.72,131.81,101.67,99.76,127.41,138.6,126.84,127.61
20,109.24,99.15,131.81,101.97,100.18,127.49,138.53,126.93,127.69
21,109.67,100.06,131.77,102.44,101.02,127.49,138.6,127.17,127.86
22,109.98,101.02,131.85,103.08,101.73,127.57,138.6,127.29,127.98
23,110.14,101.62,131.81,103.2,102.26,127.61,138.6,127.53,128.14
24,110.62,102.85,131.88,103.77,103.14,127.61,138.6,127.69,128.37
25,110.82,103.37,131.81,104.0,103.54,127.65,138.6,127.78,128.41
26,111.13,103.77,131.81,104.23,103.94,127.61,138.6,127.86,128.53
27,111.5,104.97,131.85,104.74,104.85,127.65,138.6,128.1,128.73
28,111.75,105.7,131.77,105.08,105.42,127.69,138.57,128.21,128.85
29,112.06,106.86,131.81,105.7,106.31,127.73,138.6,128.49,129.01
30,112.32,107.52,131.81,105.81,106.97,127.78,138.6,128.57,129.16
31,112.62,108.33,131.85,106.26,107.63,127.78,138.6,128.69,129.32
32,112.87,108.82,131.88,106.37,107.96,127.78,138.6,128.77,129.32
33,113.18,110.2,131.81,106.97,109.03,127.9,138.6,129.01,129.55
34,113.28,110.4,131.81,107.08,109.4,127.9,138.57,129.04,129.63
35,113.48,111.03,131.85,107.41,109.72,127.98,138.57,129.12,129.75
36,113.88,112.21,131.85,107.79,110.72,127.98,138.57,129.4,129.86
37,114.02,112.82,131.85,108.06,111.34,127.9,138.6,129.48,129.98
38,114.17,113.23,131.81,108.17,111.65,127.98,138.57,129.48,130.06
39,114.47,114.12,131.85,108.44,112.52,128.01,138.53,129.67,130.21
40,114.57,114.72,131.85,108.76,113.12,127.98,138.6,129.75,130.33
41,114.91,115.6,131.85,109.14,113.98,128.01,138.57,129.9,130.48
42,115.16,116.37,131.85,109.35,114.57,128.06,138.6,130.06,130.56
43,115.3,117.04,131.81,109.78,115.4,128.1,138.6,130.1,130.64
44,115.64,117.89,131.81,110.04,116.18,128.14,138.53,130.29,130.79
45,115.84,118.68,131.88,110.25,116.94,128.14,138.6,130.4,130.9
46,116.03,119.18,131.85,110.51,117.51,128.14,138.57,130.4,130.94
47,116.13,119.42,131.85,110.67,117.74,128.18,138.6,130.56,131.06
48,116.22,120.1,131.85,110.88,118.35,128.21,138.6,130.64,131.06
49,116.7,121.09,131.92,111.24,119.55,128.25,138.57,130.79,131.21
50,116.75,121.49,131.81,111.39,119.92,128.37,138.6,130.86,131.36
51,116.99,122.24,131.88,111.65,120.6,128.33,138.57,131.02,131.36
52,117.08,122.46,131.88,111.8,121.0,128.33,138.57,131.06,131.47
53,117.32,123.15,131.92,112.06,121.8,128.37,138.6,131.17,131.58
54,117.6,124.05,131.85,112.47,122.72,128.37,138.53,131.28,131.7
55,117.79,124.6,131.92,112.67,123.32,128.41,138.53,131.4,131.81
56,117.93,125.19,131.92,112.92,124.01,128.45,138.63,131.51,131.92
57,118.03,125.4,131.88,112.97,124.1,128.45,138.6,131.55,132.04
58,118.45,126.23,131.92,113.38,125.19,128.49,138.57,131.77,132.11
59,118.54,126.6,131.85,113.58,125.65,128.49,138.57,131.77,132.11
60,118.72,127.21,131.92,113.83,126.27,128.57,138.6,131.88,132.26
61,118.91,127.61,131.88,114.02,126.84,128.61,138.57,131.96,132.37
62,119.0,128.06,131.88,114.22,127.29,128.57,138.57,132.04,132.41
63,119.14,128.37,131.92,114.42,127.65,128.61,138.57,132.11,132.48
64,119.46,129.12,131.85,114.67,128.53,128.69,138.6,132.26,132.59
65,119.69,129.59,131.85,114.91,129.04,128.77,138.53,132.33,132.7
66,119.74,129.75,131.96,115.06,129.24,128.69,138.63,132.37,132.78
67,119.92,130.14,131.92,115.3,129.71,128.77,138.57,132.48,132.78
68,119.83,130.33,131.96,115.26,129.94,128.85,138.57,132.52,132.85
69,120.1,130.75,131.92,115.5,130.44,128.77,138.57,132.63,132.93
70,120.32,131.32,131.85,115.74,131.09,128.69,138.57,132.7,133.0
71,120.46,131.62,131.92,115.89,131.4,128.89,138.53,132.7,133.07
72,120.46,131.7,131.85,115.94,131.51,128.77,138.63,132.74,133.07
73,120.6,131.96,131.88,115.98,131.81,128.85,138.53,132.85,133.15
74,120.86,132.56,131.88,116.42,132.52,128.93,138.6,133.0,133.26
75,120.95,132.81,131.88,116.46,132.81,128.89,138.57,133.0,133.33
76,121.09,133.07,131.92,116.75,133.11,128.93,138.6,133.11,133.4
77,121.22,133.33,131.92,116.8,133.48,128.93,138.6,133.15,133.44
78,121.27,133.51,131.96,116.89,133.66,129.01,138.57,133.18,133.51
79,121.49,133.95,131.92,117.08,134.06,128.93,138.57,133.18,133.55
80,121.62,134.2,131.92,117.32,134.42,129.01,138.53,133.33,133.62
81,121.75,134.38,131.92,117.37,134.63,129.04,138.57,133.33,133.66
82,121.84,134.7,131.92,117.51,134.99,129.08,138.57,133.51,133.69
83,121.84,134.77,131.92,117.56,135.02,129.01,138.63,133.48,133.73
84,122.02,135.06,131.96,117.74,135.34,129.04,138.57,133.51,133.8
85,121.97,135.24,131.88,117.89,135.48,129.04,138.57,133.55,133.87
86,122.37,135.62,131.92,118.03,136.01,129.12,138.63,133.69,133.98
87,122.41,135.87,131.92,118.21,136.15,129.16,138.57,133.73,133.98
88,122.5,136.04,131.92,118.4,136.39,129.16,138.6,133.84,134.02
89,122.59,136.11,132.0,118.4,136.53,129.16,138.57,133.84,134.06
90,122.72,136.39,131.92,118.58,136.84,129.2,138.6,133.87,134.16
91,122.89,136.67,131.92,118.77,137.11,129.24,138.6,133.98,134.2
92,122.85,136.77,131.96,118.77,137.22,129.28,138.57,133.98,134.31
93,123.02,136.87,131.92,118.86,137.46,129.4,138.5,134.02,134.27
94,123.07,137.04,131.92,119.0,137.56,129.24,138.53,134.13,134.31
95,123.2,137.39,131.88,119.23,137.93,129.28,138.6,134.06,134.34
96,123.28,137.49,131.96,119.32,138.06,129.28,138.6,134.13,134.45
97,123.5,137.62,131.96,119.37,138.23,129.36,138.6,134.24,134.42
98,123.5,137.83,131.96,119.55,138.4,129.36,138.6,134.34,134.52
99,123.5,137.86,131.96,119.64,138.5,129.32,138.63,134.31,134.56
100,123.58,138.13,131.96,119.78,138.73,129.4,138.63,134.34,134.67
101,123.75,138.33,132.0,119.92,138.87,129.4,138.6,134.42,134.63
102,123.92,138.5,132.0,120.05,139.16,129.4,138.63,134.49,134.7
103,123.88,138.6,132.0,120.14,139.1,129.4,138.73,134.56,134.77
104,124.05,138.8,131.96,120.19,139.46,129.44,138.63,134.59,134.77
105,124.18,138.93,132.0,120.37,139.62,129.48,138.6,134.63,134.84
106,124.27,139.16,131.96,120.5,139.72,129.48,138.6,134.67,134.92
107,124.35,139.26,132.0,120.6,139.88,129.51,138.67,134.7,134.95
108,124.48,139.3,132.0,120.64,139.95,129.51,138.63,134.77,134.95
109,124.56,139.49,131.96,120.86,140.15,129.51,138.6,134.81,134.99
110,124.69,139.66,132.07,120.95,140.37,129.59,138.63,134.88,135.06
111,124.77,139.69,132.0,121.04,140.37,129.59,138.63,134.88,135.13
112,124.86,139.88,132.0,121.18,140.6,129.59,138.63,135.02,135.16
113,124.9,139.98,132.04,121.4,140.69,129.63,138.63,134.95,135.2
114,124.98,140.05,132.04,121.36,140.72,129.63,138.63,134.99,135.2
115,125.07,140.18,132.04,121.44,140.89,129.63,138.67,135.06,135.24
116,125.19,140.34,132.0,121.49,141.01,129.71,138.63,135.09,135.3
117,125.24,140.5,132.04,121.66,141.17,129.67,138.63,135.09,135.3
118,125.36,140.53,132.11,121.75,141.3,129.71,138.63,135.2,135.34
119,125.36,140.6,132.04,121.8,141.3,129.75,138.67,135.2,135.3
120,125.48,140.76,132.0,121.93,141.46,129.79,138.77,135.27,135.48
121,125.53,140.79,132.0,121.97,141.55,129.75,138.67,135.3,135.48
122,125.61,140.89,132.04,122.06,141.68,129.75,138.63,135.34,135.48
123,125.82,141.04,132.07,122.28,141.8,129.83,138.7,135.45,135.59
124,125.94,141.2,132.11,122.37,141.93,129.83,138.67,135.45,135.62
125,125.9,141.27,132.04,122.5,141.99,129.86,138.73,135.48,135.73
126,125.98,141.33,132.15,122.54,142.06,129.83,138.67,135.48,135.73
127,126.11,141.4,132.15,122.68,142.18,129.86,138.7,135.55,135.69
128,126.19,141.55,132.11,122.76,142.31,129.86,138.7,135.62,135.73
129,126.27,141.62,132.15,122.85,142.43,129.9,138.73,135.62,135.76
130,126.27,141.65,132.15,122.94,142.4,129.94,138.7,135.69,135.83
131,126.4,141.77,132.15,122.98,142.49,129.94,138.7,135.73,135.83
132,126.48,141.87,132.15,123.11,142.59,129.98,138.73,135.73,135.9
133,126.52,141.96,132.22,123.2,142.65,130.06,138.73,135.76,135.94
134,126.6,142.06,132.15,123.32,142.74,130.02,138.73,135.76,135.94
135,126.64,142.09,132.15,123.41,142.86,130.06,138.77,135.83,136.01
136,126.8,142.21,132.15,123.45,142.93,130.06,138.73,135.87,136.08
137,126.84,142.31,132.22,123.67,142.96,130.1,138.67,136.01,136.08
138,126.88,142.31,132.18,123.58,143.05,130.1,138.7,135.97,136.08
139,127.01,142.28,132.18,123.75,143.05,130.1,138.77,135.94,136.15
140,127.05,142.52,132.26,123.84,143.14,130.17,138.77,136.08,136.18
141,127.13,142.59,132.26,123.84,143.23,130.06,138.73,136.01,136.18
142,127.21,142.52,132.18,124.01,143.26,130.21,138.77,136.08,136.22
143,127.25,142.62,132.22,124.1,143.35,130.17,138.73,136.08,136.22
144,127.33,142.68,132.22,124.1,143.42,130.17,138.8,136.15,136.29
145,127.37,142.71,132.3,124.14,143.48,130.21,138.77,136.18,136.29
146,127.41,142.8,132.26,124.27,143.51,130.17,138.77,136.18,136.32
147,127.57,142.83,132.26,124.35,143.63,130.17,138.77,136.22,136.39
148,127.57,142.9,132.22,124.35,143.6,130.29,138.8,136.25,136.39
149,127.65,142.93,132.22,124.44,143.63,130.29,138.8,136.25,136.43
150,127.61,142.96,132.26,124.56,143.78,130.29,138.77,136.32,136.43
151,127.69,143.08,132.26,124.65,143.78,130.29,138.77,136.32,136.49
152,127.82,143.14,132.3,124.73,143.84,130.29,138.83,136.32,136.53
153,127.73,143.11,132.3,124.73,143.87,130.33,138.8,136.32,136.46
154,127.9,143.14,132.33,124.77,143.87,130.44,138.83,136.39,136.53
155,127.98,143.23,132.37,124.86,143.99,130.37,138.77,136.39,136.56
156,128.01,143.26,132.33,125.03,144.02,130.4,138.8,136.43,136.56
157,128.06,143.32,132.33,124.94,144.02,130.37,138.87,136.53,136.6
158,128.1,143.38,132.37,125.11,144.11,130.4,138.87,136.46,136.63
159,128.1,143.38,132.41,125.11,144.08,130.4,138.8,136.49,136.6
160,128.21,143.48,132.33,125.19,144.14,130.4,138.83,136.53,136.63
161,128.33,143.51,132.33,125.28,144.2,130.48,138.9,136.56,136.7
162,128.41,143.54,132.37,125.4,144.23,130.48,138.9,136.56,136.7
163,128.45,143.57,132.44,125.48,144.32,130.52,138.9,136.63,136.8
164,128.49,143.63,132.37,125.4,144.35,130.52,138.9,136.67,136.77
165,128.53,143.69,132.44,125.53,144.38,130.56,138.9,136.63,136.77
166,128.61,143.72,132.41,125.65,144.47,130.56,138.9,136.67,136.8
167,128.65,143.75,132.41,125.65,144.41,130.64,138.87,136.67,136.8
168,128.65,143.75,132.41,125.69,144.5,130.56,139.0,136.74,136.84
169,128.69,143.81,132.52,125.78,144.53,130.6,138.97,136.74,136.84
170,128.85,143.84,132.41,125.86,144.56,130.64,138.9,136.77,136.94
171,129.01,143.9,132.48,125.98,144.59,130.71,138.9,136.77,136.91
172,128.73,143.78,132.52,125.98,144.56,130.67,138.9,136.6,136.84
173,127.65,143.57,132.67,125.4,144.5,130.71,139.03,136.46,136.46
174,127.17,143.42,132.74,125.19,144.53,130.75,139.0,136.29,136.32
175,126.15,143.2,132.67,124.27,144.35,130.79,139.03,135.97,135.94
176,124.48,142.74,132.67,123.11,144.17,130.71,139.0,135.41,135.34
177,123.07,142.4,132.59,121.75,143.9,130.6,138.97,134.99,134.84
178,121.71,142.06,132.59,120.73,143.66,130.6,139.06,134.56,134.42
179,120.46,141.62,132.63,119.51,143.42,130.56,138.97,134.06,134.02
180,118.82,141.11,132.56,118.03,143.08,130.48,138.93,133.62,133.55
181,117.89,140.85,132.56,117.37,142.83,130.37,138.97,133.36,133.33
182,116.46,140.37,132.41,115.89,142.4,130.25,138.97,132.89,132.89
183,115.5,140.05,132.48,114.96,142.21,130.17,138.93,132.67,132.63
184,113.23,139.23,132.37,112.77,141.58,129.94,138.97,132.11,132.04
185,112.06,138.8,132.37,111.6,141.24,129.83,138.9,131.74,131.77
186,111.34,138.4,132.37,110.46,140.89,129.75,138.8,131.43,131.47
187,109.93,137.9,132.3,109.46,140.53,129.63,138.87,131.13,131.21
188,109.19,137.52,132.3,108.39,140.24,129.55,138.87,130.9,131.02
189,108.12,137.01,132.3,107.3,139.82,129.48,138.83,130.67,130.83
190,107.36,136.49,132.22,106.26,139.39,129.4,138.9,130.37,130.48
191,106.7,136.25,132.26,105.59,139.13,129.28,138.8,130.21,130.25
192,105.87,135.62,132.15,104.63,138.67,129.16,138.77,129.9,130.02
193,104.63,134.74,132.15,103.2,138.0,129.08,138.83,129.59,129.67
194,103.6,133.95,132.11,102.09,137.32,128.89,138.8,129.24,129.36
195,103.02,133.51,132.11,101.62,136.98,128.85,138.8,129.08,129.2
196,102.44,132.93,132.04,100.84,136.53,128.77,138.77,128.93,129.04
197,102.38,132.85,132.11,100.66,136.39,128.77,138.77,128.89,128.97
198,101.91,132.48,132.07,100.24,136.15,128.69,138.8,128.73,128.85
199,101.02,131.58,132.0,99.27,135.41,128.53,138.77,128.41,128.57
200,100.54,131.06,131.96,98.72,134.99,128.45,138.73,128.25,128.41
201,100.06,130.4,132.0,98.23,134.45,128.37,138.73,128.1,128.25
202,99.64,129.79,132.0,97.67,133.84,128.37,138.73,127.98,128.14
203,99.27,129.36,131.92,97.29,133.51,128.29,138.77,127.86,128.01
204,98.78,128.69,131.88,96.85,132.89,128.21,138.73,127.65,127.86
205,98.54,128.25,131.92,96.48,132.56,128.18,138.7,127.61,127.78
206,98.35,128.01,131.92,96.35,132.33,128.1,138.7,127.53,127.65
207,98.04,127.45,131.88,95.97,131.81,128.06,138.77,127.37,127.61
208,97.61,126.68,131.85,95.46,131.24,128.06,138.87,127.29,127.41
209,97.36,126.27,131.81,95.26,130.86,127.98,138.7,127.17,127.37
210,97.29,125.9,131.81,95.13,130.56,127.94,138.7,127.13,127.29
211,96.92,125.28,131.81,94.75,129.94,127.86,138.7,126.97,127.21
212,96.85,124.98,131.81,94.62,129.75,127.86,138.7,126.97,127.17
213,96.6,124.69,131.77,94.49,129.44,127.78,138.73,126.88,127.09
214,96.28,123.75,131.77,93.96,128.57,127.78,138.67,126.76,126.93
215,95.97,123.41,131.77,93.9,128.25,127.73,138.7,126.68,126.88
216,95.9,123.02,131.77,93.7,127.86,127.82,138.67,126.68,126.8
217,95.78,122.24,131.7,93.37,127.33,127.65,138.67,126.6,126.72
218,95.65,122.19,131.77,93.37,127.17,127.61,138.7,126.44,126.64
219,95.58,121.84,131.74,93.31,127.01,127.61,138.7,126.48,126.64
220,95.39,121.31,131.74,93.04,126.31,127.57,138.73,126.35,126.6
221,95.2,120.95,131.7,92.85,126.02,127.57,138.7,126.35,126.56
222,95.0,120.01,131.7,92.65,125.28,127.57,138.67,126.19,126.4
223,94.94,119.87,131.7,92.51,124.98,127.53,138.67,126.19,126.4
224,95.0,119.55,131.62,92.45,124.9,127.49,138.67,126.15,126.44
225,94.75,118.91,131.66,92.18,124.22,127.41,138.63,126.11,126.27
226,94.55,118.72,131.62,92.25,124.05,127.41,138.73,126.07,126.31
227,94.42,118.21,131.62,92.04,123.45,127.41,138.7,126.02,126.19
228,94.36,117.7,131.62,91.98,123.07,127.37,138.63,125.94,126.15
229,94.1,117.37,131.55,91.78,122.59,127.33,138.63,125.82,126.07
230,94.16,117.13,131.62,91.78,122.41,127.33,138.63,125.9,126.15
231,94.03,116.42,131.58,91.64,121.66,127.33,138.63,125.86,126.02
232,93.9,115.98,131.62,91.44,121.27,127.25,138.63,125.78,125.98
233,93.9,115.84,131.58,91.51,121.31,127.29,138.67,125.74,125.98
234,93.7,115.01,131.55,91.24,120.37,127.21,138.67,125.65,125.9
235,93.77,114.82,131.66,91.24,120.23,127.29,138.67,125.61,125.86
236,93.57,114.22,131.51,91.17,119.64,127.25,138.63,125.57,125.9
237,93.44,113.88,131.58,90.97,119.32,127.21,138.63,125.53,125.78
238,93.44,113.43,131.51,90.9,118.82,127.17,138.63,125.48,125.74
239,93.31,112.87,131.55,90.9,118.31,127.17,138.63,125.4,125.57
240,93.44,112.57,131.55,90.69,117.98,127.13,138.6,125.4,125.61
241,93.24,112.32,131.51,90.76,117.65,127.13,138.8,125.36,125.69
242,93.11,111.6,131.51,90.49,116.99,127.05,138.63,125.36,125.53
243,92.91,111.29,131.47,90.56,116.75,127.09,138.6,125.32,125.61
244,92.98,111.08,131.43,90.49,116.46,127.09,138.6,125.32,125.53
245,92.85,110.56,131.55,90.42,115.84,127.05,138.6,125.19,125.53
246,92.85,110.46,131.51,90.35,115.69,127.05,138.63,125.28,125.48
247,92.78,109.67,131.51,90.28,114.96,126.97,138.6,125.19,125.4
248,89.87,109.08,131.51,90.15,114.47,126.97,138.6,125.15,125.4
249,92.65,108.98,131.47,90.15,114.37,127.01,138.63,125.15,125.4
250,92.58,108.23,131.47,89.94,113.53,126.97,138.57,125.11,125.36
251,92.51,107.96,131.55,89.94,113.23,127.01,138.57,125.03,125.32
252,92.51,107.63,131.47,89.94,112.92,126.97,138.6,125.03,125.28
253,92.45,107.3,131.4,89.87,112.57,127.09,138.57,125.03,125.32
254,92.38,106.81,131.43,89.8,112.06,126.93,138.6,124.98,125.19
255,92.25,106.37,131.4,89.8,111.65,126.93,138.5,124.98,125.24
256,92.25,106.26,131.47,89.73,111.44,126.93,138.6,124.9,125.19
257,92.31,105.75,131.47,89.73,110.93,126.93,138.53,124.94,125.15
258,92.11,105.64,131.4,89.73,110.77,126.84,138.57,124.9,125.19
259,92.18,105.42,131.43,89.6,110.46,126.88,138.57,124.86,125.15
260,92.18,104.8,131.36,89.53,109.88,126.84,138.63,124.9,125.15
261,92.11,104.51,131.43,89.53,109.72,126.84,138.53,124.86,125.11
262,92.04,104.17,131.43,89.6,109.19,126.84,138.57,124.82,125.15
263,91.98,103.77,131.36,89.46,108.82,126.8,138.57,124.82,125.03
264,91.91,103.6,131.4,89.46,108.71,126.8,138.53,124.77,125.07
265,91.98,103.08,131.43,89.32,108.01,126.84,138.53,124.73,125.03
266,91.91,102.61,131.4,89.32,107.68,126.8,138.57,124.73,124.98
267,92.04,102.44,131.36,89.25,107.52,126.8,138.53,124.73,124.98
268,91.84,102.14,131.4,89.25,107.08,126.8,138.57,124.69,124.98
269,91.78,101.73,131.4,89.25,106.59,126.88,138.57,124.73,124.98
270,91.84,101.38,131.36,89.11,106.31,126.8,138.53,124.69,124.86
271,91.64,100.96,131.36,89.04,105.81,126.8,138.57,124.69,124.9
272,91.78,100.84,131.4,89.04,105.75,126.76,138.53,124.65,124.94
273,91.64,100.3,131.4,89.11,105.02,126.76,138.57,124.65,124.9
274,91.64,100.12,131.36,89.04,104.8,126.76,138.57,124.65,124.86
275,91.58,99.7,131.13,89.04,104.34,126.72,138.57,124.65,124.82
276,91.64,99.58,131.4,88.97,104.29,126.68,138.53,124.6,124.86
277,91.58,99.09,131.36,88.97,103.83,126.8,138.57,124.6,124.82
278,91.64,98.97,131.32,88.97,103.48,126.72,138.53,124.6,124.82
279,91.51,98.29,131.43,88.83,102.9,126.76,138.57,124.6,124.77
280,91.44,97.92,131.36,88.83,102.67,126.64,138.57,124.52,124.77
281,91.44,97.61,131.28,88.9,102.14,126.72,138.47,124.6,124.82
282,91.3,97.29,131.36,88.69,101.73,126.72,138.57,124.48,124.65
283,91.44,97.04,131.32,88.76,101.62,126.68,138.53,124.52,124.77
284,91.37,96.79,131.36,88.76,101.32,126.68,138.5,124.52,124.69
285,91.37,96.41,131.32,88.76,100.78,126.68,138.57,124.48,124.69
286,91.3,96.22,131.36,88.76,100.66,126.68,138.53,124.44,124.77
287,91.24,95.78,131.32,88.69,100.18,126.72,138.53,124.44,124.65
288,91.3,95.13,131.32,88.69,99.46,126.72,138.53,124.44,124.69
289,91.3,95.0,131.36,88.62,99.27,126.68,138.53,124.44,124.65
290,91.3,94.81,131.28,88.55,99.03,126.64,138.5,124.39,124.65
291,91.17,94.29,131.32,88.62,98.54,126.64,138.53,124.39,124.65
292,91.24,94.03,131.28,88.55,98.16,126.6,138.5,124.48,124.52
293,91.17,93.83,131.32,88.55,98.04,126.64,138.53,124.35,124.65
294,91.17,93.51,131.28,88.55,97.67,126.64,138.53,124.39,124.65
295,91.1,93.24,131.28,88.55,97.29,126.64,138.47,124.39,124.6
296,91.17,93.04,131.32,88.55,97.1,126.64,138.5,124.35,124.56
297,90.97,92.85,131.28,88.48,96.92,126.72,138.47,124.35,124.6
298,91.03,92.38,131.28,88.48,96.16,126.72,138.43,124.35,124.6
299,90.97,91.98,131.32,88.41,95.9,126.64,138.57,124.35,124.69
300,90.9,91.84,131.28,88.41,95.78,126.64,138.53,124.35,124.56
301,90.97,91.91,131.24,88.34,95.58,126.64,138.5,124.35,124.56
302,90.97,91.44,131.28,88.34,95.26,126.64,138.5,124.31,124.56
303,90.9,91.24,131.24,88.34,94.94,126.64,138.53,124.31,124.52
304,90.9,90.69,131.32,88.41,94.23,126.64,138.5,124.31,124.52
305,90.9,90.49,131.28,88.27,94.16,126.64,138.5,124.31,124.48
306,90.83,90.15,131.28,88.27,93.7,126.64,138.5,124.39,124.56
307,90.83,89.94,131.28,88.2,93.31,126.64,138.57,124.27,124.52
308,90.76,89.6,131.28,88.27,92.98,126.64,138.6,124.31,124.48
309,90.76,89.53,131.32,88.2,92.98,126.6,138.5,124.39,124.65
310,90.69,89.32,131.32,88.27,92.65,126.6,138.53,124.31,124.52
311,90.76,89.04,131.28,88.2,92.38,126.6,138.5,124.31,124.44
312,90.76,88.76,131.28,88.13,92.04,126.64,138.53,124.27,124.44
313,90.76,88.69,131.28,88.13,91.71,126.68,138.53,124.31,124.52
314,90.76,88.2,131.24,88.06,91.3,126.6,138.57,124.27,124.52
315,90.69,87.99,131.24,88.06,91.37,126.64,138.5,124.22,124.52
316,90.63,87.92,131.28,88.06,91.03,126.68,138.53,124.31,124.48
317,90.56,87.42,131.24,88.06,90.49,126.64,138.5,124.27,124.48
318,90.63,87.28,131.28,88.13,90.35,126.64,138.57,124.18,124.39
319,90.56,87.07,131.24,87.99,90.28,126.6,138.5,124.18,124.44
320,90.56,86.93,131.28,87.99,89.87,126.6,138.5,124.18,124.44
321,90.49,86.57,131.24,87.99,89.66,126.6,138.63,124.22,124.48
322,90.49,86.5,131.28,87.99,89.39,126.64,138.43,124.22,124.44
323,90.49,86.35,131.24,87.92,89.25,126.6,138.57,124.22,124.48
324,90.49,86.14,131.24,87.99,89.04,126.64,138.5,124.27,124.44
325,90.49,86.14,131.24,87.99,89.04,126.64,138.5,124.27,124.44
326,90.49,86.14,131.24,87.99,89.04,126.64,138.5,124.27,124.44
327,90.49,86.14,131.24,87.99,89.04,126.64,138.5,124.27,124.44
328,90.49,86.14,131.24,87.99,89.04,126.64,138.5,124.27,124.44
329,90.49,86.14,131.24,87.99,89.04,126.64,138.5,124.27,124.44
330,90.49,86.14,131.24,87.99,89.04,126.64,138.5,124.27,124.44
331,90.49,86.14,131.24,87.99,89.04,126.64,138.5,124.27,124.44
332,90.49,86.14,131.24,87.99,89.04,126.64,138.5,124.27,124.44
333,90.49,86.14,131.24,87.99,89.04,126.64,138.5,124.27,124.44
334,90.49,86.14,131.24,87.99,89.04,126.64,138.5,124.27,124.44
335,90.49,86.14,131.24,87.99,89.04,126.64,138.5,124.27,124.44
336,90.49,86.14,131.24,87.99,89.04,126.64,138.5,124.27,124.44
337,90.49,86.14,131.24,87.99,89.04,126.64,138.5,124.27,124.44
338,90.49,86.14,131.24,87.99,89.04,126.64,138.5,124.27,124.44
339,90.49,86.14,131.24,87.99,89.04,126.64,138.5,124.27,124.44
340,90.49,86.14,131.24,87.99,89.04,126.64,138.5,124.27,124.44
341,90.49,86.14,131.24,87.99,89.04,126.64,138.5,124.27,124.44
342,90.49,86.14,131.24,87.99,89.04,126.64,138.5,124.27,124.44
343,90.49,86.14,131.24,87.99,89.04,126.64,138.5,124.27,124.44
344,90.49,86.14,131.24,87.99,89.04,126.64,138.5,124.27,124.44
345,90.49,86.14,131.24,87.99,89.04,126.64,138.5,124.27,124.44
346,90.49,86.14,131.24,87.99,89.04,126.64,138.5,124.27,124.44
347,90.49,86.14,131.24,87.99,89.04,126.64,138.5,124.27,124.44
348,90.49,86.14,131.24,87.99,89.04,126.64,138.5,124.27,124.44
349,90.49,86.14,131.24,87.99,89.04,126.64,138.5,124.27,124.44
350,90.49,86.14,131.24,87.99,89.04,126.64,138.5,124.27,124.44
351,90.49,86.14,131.24,87.99,89.04,126.64,138.5,124.27,124.44
352,90.49,86.14,131.24,87.99,89.04,126.64,138.5,124.27,124.44
353,90.49,86.14,131.24,87.99,89.04,126.64,138.5,124.27,124.44
354,90.49,86.14,131.24,87.99,89.04,126.64,138.5,124.27,124.44
355,90.49,86.14,131.24,87.99,89.04,126.64,138.5,124.27,124.44
356,90.49,86.14,131.24,87.99,89.04,126.64,138.5,124.27,124.44
357,90.49,86.14,131.24,87.99,89.04,126.64,138.5,124.27,124.44
358,90.49,86.14,131.24,87.99,89.04,126.64,138.5,124.27,124.44
359,90.49,86.14,131.24,87.99,89.04,126.64,138.5,124.27,124.44
360,90.49,86.14,131.24,87.99,89.04,126.64,138.5,124.27,124.44
361,90.49,86.14,131.24,87.99,89.04,126.64,138.5,124.27,124.44
362,90.49,86.14,131.24,87.99,89.04,126.64,138.5,124.27,124.44
363,90.49,86.14,131.24,87.99,89.04,126.64,138.5,124.27,124.44
364,90.49,86.14,131.24,87.99,89.04,126.64,138.5,124.27,124.44
365,90.49,86.14,131.24,87.99,89.04,126.64,138.5,124.27,124.44
366,90.49,86.14,131.24,87.99,89.04,126.64,138.5,124.27,124.44
367,90.49,86.14,131.24,87.99,89.04,126.64,138.5,124.27,124.44
368,90.49,86.14,131.24,87.99,89.04,126.64,138.5,124.27,124.44
369,90.49,86.14,131.24,87.99,89.04,126.64,138.5,124.27,124.44
370,90.49,86.14,131.24,87.99,89.04,126.64,138.5,124.27,124.44
371,90.49,86.14,131.24,87.99,89.04,126.64,138.5,124.27,124.44
372,90.49,86.14,131.24,87.99,89.04,126.64,138.5,124.27,124.44
373,90.49,86.14,131.24,87.99,89.04,126.64,138.5,124.27,124.44
374,90.49,86.14,131.24,87.99,89.04,126.64,138.5,124.27,124.44
375,90.49,86.14,131.24,87.99,89.04,126.64,138.5,124.27,124.44
376,90.49,86.14,131.24,87.99,89.04,126.64,138.5,124.27,124.44
377,90.49,86.14,131.24,87.99,89.04,126.64,138.5,124.27,124.44
378,90.49,86.14,131.24,87.99,89.04,126.64,138.5,124.27,124.44
379,90.49,86.14,131.24,87.99,89.04,126.64,138.5,124.27,124.44
380,90.49,86.14,131.24,87.99,89.04,126.64,138.5,124.27,124.44
381,90.49,86.14,131.24,87.99,89.04,126.64,138.5,124.27,124.44
382,90.49,86.14,131.24,87.99,89.04,126.64,138.5,124.27,124.44
383,90.49,86.14,131.24,87.99,89.04,126.64,138.5,124.27,124.44
384,90.49,86.14,131.24,87.99,89.04,126.64,138.5,124.27,124.44
385,90.49,86.14,131.24,87.99,89.04,126.64,138.5,124.27,124.44
386,90.49,86.14,131.24,87.99,89.04,126.64,138.5,124.27,124.44
387,90.49,86.14,131.24,87.99,89.04,126.64,138.5,124.27,124.44
388,90.49,86.14,131.24,87.99,89.04,126.64,138.5,124.27,124.44
389,90.49,86.14,131.24,87.99,89.04,126.64,138.5,124.27,124.44
390,90.49,86.14,131.24,87.99,89.04,126.64,138.5,124.27,124.44
391,90.49,86.14,131.24,87.99,89.04,126.64,138.5,124.27,124.44
392,90.49,86.14,131.24,87.99,89.04,126.64,138.5,124.27,124.44
393,90.49,86.14,131.24,87.99,89.04,126.64,138.5,124.27,124.44
394,90.49,86.14,131.24,87.99,89.04,126.64,138.5,124.27,124.44
395,90.49,86.14,131.24,87.99,89.04,126.64,138.5,124.27,124.44
396,90.49,86.14,131.24,87.99,89.04,126.64,138.5,124.27,124.44
397,90.49,86.14,131.24,87.99,89.04,126.64,138.5,124.27,124.44
398,90.49,86.14,131.24,87.99,89.04,126.64,138.5,124.27,124.44
399,90.49,86.14,131.24,87.99,89.04,126.64,138.5,124.27,124.44
400,90.49,86.14,131.24,87.99,89.04,126.64,138.5,124.27,124.44
401,90.49,86.14,131.24,87.99,89.04,126.64,138.5,124.27,124.44
402,90.49,86.14,131.24,87.99,89.04,126.64,138.5,124.27,124.44
403,90.49,86.14,131.24,87.99,89.04,126.64,138.5,124.27,124.44
404,90.49,86.14,131.24,87.99,89.04,126.64,138.5,124.27,124.44
405,90.49,86.14,131.24,87.99,89.04,126.64,138.5,124.27,124.44
406,90.49,86.14,131.24,87.99,89.04,126.64,138.5,124.27,124.44
407,90.49,86.14,131.24,87.99,89.04,126.64,138.5,124.27,124.44
408,90.49,86.14,131.24,87.99,89.04,126.64,138.5,124.27,124.44
409,90.49,86.14,131.24,87.99,89.04,126.64,138.5,124.27,124.44
410,90.49,86.14,131.24,87.99,89.04,126.64,138.5,124.27,124.44
411,90.49,86.14,131.24,87.99,89.04,126.64,138.5,124.27,124.44
412,90.49,86.14,131.24,87.99,89.04,126.64,138.5,124.27,124.44
413,90.49,86.14,131.24,87.99,89.04,126.64,138.5,124.27,124.44
414,90.49,86.14,131.24,87.99,89.04,126.64,138.5,124.27,124.44
415,90.49,86.14,131.24,87.99,89.04,126.64,138.5,124.27,124.44
416,90.49,86.14,131.24,87.99,89.04,126.64,138.5,124.27,124.44
417,90.49,86.14,131.24,87.99,89.04,126.64,138.5,124.27,124.44
418,90.49,86.14,131.24,87.99,89.04,126.64,138.5,124.27,124.44
419,90.49,86.14,131.24,87.99,89.04,126.64,138.5,124.27,124.44
420,90.49,86.14,131.24,87.99,89.04,126.64,138.5,124.27,124.44
421,90.49,86.14,131.24,87.99,89.04,126.64,138.5,124.27,124.44
422,90.49,86.14,131.24,87.99,89.04,126.64,138.5,124.27,124.44
423,90.49,86.14,131.24,87.99,89.04,126.64,138.5,124.27,124.44
424,90.49,86.14,131.24,87.99,89.04,126.64,138.5,124.27,124.44
425,90.49,86.14,131.24,87.99,89.04,126.64,138.5,124.27,124.44
426,90.49,86.14,131.24,87.99,89.04,126.64,138.5,124.27,124.44
427,90.49,86.14,131.24,87.99,89.04,126.64,138.5,124.27,124.44
428,90.49,86.14,131.24,87.99,89.04,126.64,138.5,124.27,124.44
429,90.49,86.14,131.24,87.99,89.04,126.64,138.5,124.27,124.44
430,90.49,86.14,131.24,87.99,89.04,126.64,138.5,124.27,124.44
431,90.49,86.14,131.24,87.99,89.04,126.64,138.5,124.27,124.44
432,90.49,86.14,131.24,87.99,89.04,126.64,138.5,124.27,124.44
433,90.49,86.14,131.24,87.99,89.04,126.64,138.5,124.27,124.44
434,90.49,86.14,131.24,87.99,89.04,126.64,138.5,124.27,124.44
435,90.49,86.14,131.24,87.99,89.04,126.64,138.5,124.27,124.44
436,90.49,86.14,131.24,87.99,89.04,126.64,138.5,124.27,124.44
437,90.49,86.14,131.24,87.99,89.04,126.64,138.5,124.27,124.44
438,90.49,86.14,131.24,87.99,89.04,126.64,138.5,124.27,124.44
439,90.49,86.14,131.24,87.99,89.04,126.64,138.5,124.27,124.44
440,90.49,86.14,131.24,87.99,89.04,126.64,138.5,124.27,124.44
441,90.49,86.14,131.24,87.99,89.04,126.64,138.5,124.27,124.44
442,90.49,86.14,131.24,87.99,89.04,126.64,138.5,124.27,124.44
443,90.49,86.14,131.24,87.99,89.04,126.64,138.5,124.27,124.44
444,90.49,86.14,131.24,87.99,89.04,126.64,138.5,124.27,124.44
445,90.49,86.14,131.24,87.99,89.04,126.64,138.5,124.27,124.44
446,90.49,86.14,131.24,87.99,89.04,126.64,138.5,124.27,124.44
447,90.49,86.14,131.24,87.99,89.04,126.64,138.5,124.27,124.44
448,90.49,86.14,131.24,87.99,89.04,126.64,138.5,124.27,124.44
449,90.49,86.14,131.24,87.99,89.04,126.64,138.5,124.27,124.44
450,90.49,86.14,131.24,87.99,89.04,126.64,138.5,124.27,124.44
451,90.49,86.14,131.24,87.99,89.04,126.64,138.5,124.27,124.44
452,90.49,86.14,131.24,87.99,89.04,126.64,138.5,124.27,124.44
453,90.49,86.14,131.24,87.99,89.04,126.64,138.5,124.27,124.44
454,90.49,86.14,131.24,87.99,89.04,126.64,138.5,124.27,124.44
455,90.49,86.14,131.24,87.99,89.04,126.64,138.5,124.27,124.44
456,90.49,86.14,131.24,87.99,89.04,126.64,138.5,124.27,124.44
457,90.49,86.14,131.24,87.99,89.04,126.64,138.5,124.27,124.44
458,90.49,86.14,131.24,87.99,89.04,126.64,138.5,124.27,124.44
459,90.49,86.14,131.24,87.99,89.04,126.64,138.5,124.27,124.44
460,90.49,86.14,131.24,87.99,89.04,126.64,138.5,124.27,124.44
461,90.49,86.14,131.24,87.99,89.04,126.64,138.5,124.27,124.44
462,90.49,86.14,131.24,87.99,89.04,126.64,138.5,124.27,124.44
463,90.49,86.14,131.24,87.99,89.04,126.64,138.5,124.27,124.44
464,90.49,86.14,131.24,87.99,89.04,126.64,138.5,124.27,124.44
465,90.49,86.14,131.24,87.99,89.04,126.64,138.5,124.27,124.44
466,90.49,86.14,131.24,87.99,89.04,126.64,138.5,124.27,124.44
467,90.49,86.14,131.24,87.99,89.04,126.64,138.5,124.27,124.44
468,90.49,86.14,131.24,87.99,89.04,126.64,138.5,124.27,124.44
469,90.49,86.14,131.24,87.99,89.04,126.64,138.5,124.27,124.44
470,90.49,86.14,131.24,87.99,89.04,126.64,138.5,124.27,124.44
471,90.49,86.14,131.24,87.99,89.04,126.64,138.5,124.27,124.44
472,90.49,86.14,131.24,87.99,89.04,126.64,138.5,124.27,124.44
473,90.49,86.14,131.24,87.99,89.04,126.64,138.5,124.27,124.44
474,90.49,86.14,131.24,87.99,89.04,126.64,138.5,124.27,124.44
475,90.49,86.14,131.24,87.99,89.04,126.64,138.5,124.27,124.44
476,90.49,86.14,131.24,87.99,89.04,126.64,138.5,124.27,124.44
477,90.49,86.14,131.24,87.99,89.04,126.64,138.5,124.27,124.44
478,90.49,86.14,131.24,87.99,89.04,126.64,138.5,124.27,124.44
479,90.49,86.14,131.24,87.99,89.04,126.64,138.5,124.27,124.44
480,90.49,86.14,131.24,87.99,89.04,126.64,138.5,124.27,124.44
481,90.49,86.14,131.24,87.99,89.04,126.64,138.5,124.27,124.44
482,90.49,86.14,131.24,87.99,89.04,126.64,138.5,124.27,124.44
483,90.49,86.14,131.24,87.99,89.04,126.64,138.5,124.27,124.44
484,90.49,86.14,131.24,87.99,89.04,126.64,138.5,124.27,124.44
485,90.49,86.14,131.24,87.99,89.04,126.64,138.5,124.27,124.44
486,90.49,86.14,131.24,87.99,89.04,126.64,138.5,124.27,124.44
487,90.49,86.14,131.24,87.99,89.04,126.64,138.5,124.27,124.44
488,90.49,86.14,131.24,87.99,89.04,126.64,138.5,124.27,124.44
489,90.49,86.14,131.24,87.99,89.04,126.64,138.5,124.27,124.44
490,90.49,86.14,131.24,87.99,89.04,126.64,138.5,124.27,124.44
491,90.49,86.14,131.24,87.99,89.04,126.64,138.5,124.27,124.44
492,90.49,86.14,131.24,87.99,89.04,126.64,138.5,124.27,124.44
493,90.49,86.14,131.24,87.99,89.04,126.64,138.5,124.27,124.44
494,90.49,86.14,131.24,87.99,89.04,126.64,138.5,124.27,124.44
495,90.49,86.14,131.24,87.99,89.04,126.64,138.5,124.27,124.44
496,90.49,86.14,131.24,87.99,89.04,126.64,138.5,124.27,124.44
497,90.49,86.14,131.24,87.99,89.04,126.64,138.5,124.27,124.44
498,90.49,86.14,131.24,87.99,89.04,126.64,138.5,124.27,124.44
499,90.49,86.14,131.24,87.99,89.04,126.64,138.5,124.27,124.44
500,90.49,86.14,131.24,87.99,89.04,126.64,138.5,124.27,124.44
501,90.49,86.14,131.24,87.99,89.04,126.64,138.5,124.27,124.44
502,90.49,86.14,131.24,87.99,89.04,126.64,138.5,124.27,124.44
503,90.49,86.14,131.24,87.99,89.04,126.64,138.5,124.27,124.44
504,90.49,86.14,131.24,87.99,89.04,126.64,138.5,124.27,124.44
505,90.49,86.14,131.24,87.99,89.04,126.64,138.5,124.27,124.44
506,90.49,86.14,131.24,87.99,89.04,126.64,138.5,124.27,124.44
507,90.49,86.14,131.24,87.99,89.04,126.64,138.5,124.27,124.44
508,90.49,86.14,131.24,87.99,89.04,126.64,138.5,124.27,124.44
509,90.49,86.14,131.24,87.99,89.04,126.64,138.5,124.27,124.44
510,90.49,86.14,131.24,87.99,89.04,126.64,138.5,124.27,124.44
511,90.49,86.14,131.24,87.99,89.04,126.64,138.5,124.27,124.44
