0,98.97,88.41,138.23,99.27,91.91,134.63,142.06,132.93,132.74
1,99.76,88.55,138.37,99.27,91.98,134.67,142.06,132.85,132.7
2,100.3,88.69,138.23,99.39,91.91,134.63,142.02,132.93,132.74
3,101.08,88.76,138.3,99.58,92.18,134.63,142.06,132.85,132.7
4,102.79,89.18,138.4,100.18,92.58,134.7,142.02,132.89,132.74
5,103.37,89.32,138.4,100.48,92.71,134.67,142.09,132.89,132.67
6,104.91,89.87,138.47,101.32,93.37,134.67,142.02,132.89,132.7
7,105.98,90.08,138.47,102.09,93.9,134.67,141.99,132.89,132.74
8,106.81,90.22,138.5,102.79,94.42,134.7,142.06,132.89,132.74
9,108.71,90.83,138.57,104.34,95.84,134.7,142.06,132.96,132.85
10,109.62,91.3,138.63,105.31,96.6,134.74,142.02,133.0,132.81
11,109.98,91.3,138.57,105.75,97.04,134.77,142.02,132.96,132.93
12,111.39,91.98,138.67,107.47,98.47,134.77,142.06,133.07,132.93
13,112.16,92.51,138.6,108.66,99.58,134.81,142.06,133.15,132.96
14,112.97,92.91,138.73,109.67,100.6,134.88,142.06,133.33,133.04
15,113.78,93.44,138.77,110.72,101.73,134.88,142.09,133.4,133.15
16,114.42,93.96,138.73,111.65,102.67,134.88,142.06,133.48,133.29
17,115.01,94.42,138.73,112.47,103.71,135.02,142.06,133.58,133.33
18,115.55,94.94,138.77,113.23,104.74,134.92,142.09,133.69,133.44
19,115.84,95.26,138.77,113.63,105.36,134.95,142.09,133.84,133.48
20,116.18,95.65,138.77,114.17,106.03,135.02,142.09,133.84,133.55
21,116.7,96.28,138.8,114.86,107.08,135.02,142.06,133.98,133.66
22,117.13,96.79,138.83,115.55,108.23,135.02,142.09,134.13,133.87
23,117.27,97.04,138.83,115.79,108.55,135.09,142.06,134.16,133.91
24,117.84,97.79,138.83,116.51,109.78,134.99,142.09,134.31,134.02
25,118.03,98.29,138.83,116.94,110.4,135.13,142.06,134.38,134.06
26,118.45,98.78,138.87,117.27,111.24,135.16,142.12,134.49,134.2
27,118.86,99.76,138.87,117.93,112.52,135.24,142.09,134.67,134.34
28,119.28,100.42,138.87,118.49,113.58,135.24,142.09,134.77,134.42
29,119.6,101.2,138.87,118.91,114.62,135.27,142.12,134.88,134.52
30,119.78,101.56,138.9,119.0,115.01,135.27,142.12,134.92,134.56
31,120.19,102.56,138.93,119.64,116.27,135.34,142.12,135.02,134.77
32,120.23,102.85,138.87,119.78,116.61,135.34,142.12,135.09,134.77
33,120.68,103.94,138.93,120.32,117.89,135.34,142.12,135.2,134.92
34,120.78,104.34,139.03,120.5,118.26,135.41,142.15,135.24,134.95
35,121.04,105.19,139.03,120.82,119.14,135.41,142.15,135.41,135.06
36,121.22,105.59,139.0,121.04,119.83,135.45,142.15,135.41,135.13
37,121.53,106.64,138.9,121.4,120.82,135.48,142.12,135.48,135.24
38,121.66,107.08,139.03,121.53,121.36,135.48,142.15,135.55,135.24
39,121.89,107.79,138.97,121.89,122.02,135.52,142.15,135.62,135.34
40,122.15,108.66,139.0,122.06,122.72,135.55,142.12,135.66,135.48
41,122.19,108.82,138.97,122.19,122.94,135.62,142.12,135.8,135.48
42,122.41,109.72,139.0,122.5,123.75,135.62,142.15,135.83,135.52
43,122.59,110.09,139.0,122.59,124.05,135.59,142.15,135.94,135.59
44,122.76,110.82,139.0,122.8,124.73,135.66,142.18,135.9,135.66
45,123.02,111.96,139.03,123.11,125.65,135.69,142.15,136.01,135.8
46,123.24,112.32,139.0,123.28,126.11,135.69,142.18,136.01,135.83
47,123.32,113.18,138.97,123.5,126.68,135.73,142.15,136.15,135.87
48,123.58,113.68,139.03,123.58,127.01,135.73,142.18,136.18,135.94
49,123.75,114.47,139.06,123.97,127.9,135.87,142.18,136.22,136.04
50,123.75,114.62,139.03,123.92,127.9,135.76,142.15,136.22,136.04
51,123.92,115.21,139.03,124.05,128.29,135.76,142.12,136.29,136.18
52,124.05,115.84,139.06,124.22,128.85,135.8,142.24,136.36,136.18
53,124.31,116.85,139.06,124.44,129.55,135.8,142.21,136.39,136.25
54,124.48,117.18,139.0,124.6,129.79,135.83,142.21,136.46,136.29
55,124.6,117.79,139.13,124.73,130.21,135.9,142.24,136.49,136.36
56,124.65,118.03,139.06,124.77,130.44,135.87,142.18,136.53,136.39
57,124.9,118.77,139.1,124.94,130.98,135.9,142.21,136.56,136.46
58,125.07,119.55,139.06,125.15,131.51,135.94,142.18,136.67,136.53
59,125.11,119.78,139.06,125.24,131.62,135.94,142.21,136.67,136.53
60,125.36,120.6,139.13,125.48,132.15,135.94,142.18,136.74,136.63
61,125.4,120.78,139.0,125.48,132.33,135.97,142.15,136.74,136.63
62,125.57,121.44,139.1,125.61,132.74,135.97,142.21,136.84,136.7
63,125.69,121.89,139.1,125.78,133.0,135.94,142.24,136.87,136.7
64,125.78,122.24,139.1,125.86,133.29,135.97,142.15,136.91,136.77
65,126.02,123.02,139.13,126.07,133.84,136.01,142.21,136.98,136.84
66,126.07,123.41,139.13,126.15,134.02,136.04,142.21,136.98,136.84
67,126.19,123.8,139.16,126.27,134.31,136.04,142.28,137.08,136.91
68,126.27,123.84,139.13,126.23,134.31,136.04,142.15,137.08,136.94
69,126.48,124.6,139.13,126.48,134.77,136.04,142.12,137.11,137.01
70,126.48,124.98,139.16,126.44,134.92,136.04,142.21,137.18,137.01
71,126.64,125.4,139.23,126.64,135.2,136.08,142.24,137.18,137.08
72,126.76,125.69,139.16,126.76,135.41,136.08,142.21,137.22,137.15
73,126.88,126.07,139.13,126.84,135.62,136.08,142.21,137.25,137.15
74,126.88,126.23,139.1,126.8,135.73,136.04,142.21,137.28,137.18
75,127.05,126.68,139.16,127.01,136.08,136.11,142.24,137.32,137.22
76,127.13,127.01,139.16,127.13,136.25,136.15,142.21,137.35,137.25
77,127.25,127.41,139.16,127.17,136.39,136.11,142.21,137.49,137.32
78,127.25,127.65,139.16,127.33,136.56,136.15,142.28,137.42,137.32
79,127.37,127.9,139.13,127.33,136.7,136.18,142.21,137.46,137.39
80,127.45,128.37,139.2,127.45,136.94,136.22,142.28,137.49,137.39
81,127.53,128.65,139.16,127.49,137.08,136.18,142.24,137.56,137.49
82,127.57,128.85,139.16,127.65,137.25,136.18,142.24,137.56,137.42
83,127.78,129.28,139.16,127.78,137.49,136.22,142.18,137.56,137.52
84,127.9,129.48,139.2,127.82,137.62,136.25,142.28,137.66,137.52
85,127.94,129.94,139.23,127.94,137.83,136.22,142.28,137.69,137.56
86,127.94,130.06,139.16,127.98,137.9,136.29,142.21,137.66,137.62
87,128.1,130.67,139.26,128.21,138.3,136.25,142.24,137.79,137.69
88,128.14,130.86,139.23,128.21,138.37,136.29,142.24,137.76,137.69
89,128.29,131.09,139.2,128.29,138.5,136.25,142.21,137.83,137.76
90,128.33,131.47,139.2,128.37,138.67,136.32,142.28,137.83,137.83
91,128.29,131.74,139.23,128.49,138.83,136.36,142.28,137.9,137.86
92,128.45,132.18,139.26,128.61,139.03,136.36,142.28,137.9,137.83
93,128.45,132.11,139.23,128.65,139.06,136.39,142.28,138.03,137.86
94,128.57,132.63,139.23,128.81,139.33,136.36,142.31,138.03,137.9
95,128.53,132.67,139.23,128.85,139.36,136.32,142.31,137.93,137.9
96,128.69,133.0,139.23,128.93,139.49,136.36,142.28,138.06,137.96
97,128.73,133.29,139.26,129.01,139.66,136.39,142.28,138.06,138.0
98,128.77,133.44,139.23,129.08,139.72,136.39,142.28,138.03,138.03
99,128.81,133.62,139.23,129.12,139.85,136.43,142.31,138.1,138.03
100,128.89,133.77,139.26,129.16,139.88,136.36,142.28,138.16,138.06
101,128.93,134.16,139.26,129.4,140.21,136.39,142.28,138.2,138.2
102,128.97,134.31,139.26,129.4,140.21,136.46,142.28,138.2,138.2
103,129.04,134.45,139.26,129.44,140.28,136.46,142.31,138.23,138.16
104,129.01,134.67,139.26,129.51,140.44,136.46,142.31,138.27,138.3
105,129.04,134.7,139.26,129.55,140.5,136.46,142.24,138.3,138.2
106,129.12,134.95,139.23,129.67,140.6,136.46,142.28,138.33,138.23
107,129.12,135.13,139.23,129.71,140.63,136.49,142.28,138.33,138.33
108,129.24,135.41,139.33,129.83,140.79,136.53,142.24,138.4,138.3
109,129.24,135.55,139.26,129.9,140.92,136.53,142.31,138.43,138.37
110,129.2,135.62,139.3,129.98,140.95,136.53,142.31,138.43,138.37
111,129.28,135.83,139.26,129.98,141.04,136.53,142.31,138.43,138.4
112,129.28,135.97,139.3,130.06,141.2,136.49,142.31,138.5,138.5
113,129.32,136.15,139.26,130.17,141.24,136.56,142.31,138.5,138.5
114,129.4,136.36,139.3,130.25,141.4,136.56,142.31,138.53,138.5
115,129.44,136.53,139.33,130.29,141.4,136.6,142.31,138.57,138.53
116,129.4,136.63,139.3,130.37,141.43,136.6,142.31,138.57,138.53
117,129.44,136.8,139.3,130.48,141.55,136.56,142.31,138.63,138.6
118,129.55,136.91,139.26,130.48,141.58,136.6,142.31,138.63,138.5
119,129.48,137.04,139.3,130.52,141.52,136.6,142.34,138.67,138.6
120,129.51,137.22,139.33,130.6,141.74,136.6,142.34,138.7,138.67
121,129.63,137.35,139.33,130.67,141.84,136.6,142.31,138.7,138.67
122,129.55,137.46,139.33,130.71,141.87,136.63,142.31,138.73,138.63
123,129.67,137.59,139.33,130.75,141.9,136.63,142.31,138.77,138.67
124,129.63,137.73,139.23,130.83,142.06,136.67,142.31,138.8,138.7
125,129.67,137.83,139.33,130.9,142.09,136.7,142.31,138.77,138.77
126,129.67,137.93,139.36,130.94,142.15,136.67,142.34,138.83,138.8
127,129.63,138.03,139.36,130.98,142.21,136.7,142.34,138.8,138.8
128,129.71,138.2,139.33,131.09,142.24,136.7,142.34,138.83,138.83
129,129.71,138.23,139.33,131.13,142.31,136.7,142.31,138.9,138.83
130,129.71,138.33,139.36,131.13,142.34,136.67,142.34,138.9,138.9
131,129.71,138.43,139.36,131.21,142.4,136.74,142.31,138.9,138.87
132,129.79,138.5,139.33,131.24,142.46,136.74,142.34,138.93,138.9
133,129.86,138.7,139.39,131.32,142.52,136.7,142.31,138.97,138.97
134,129.86,138.73,139.43,131.4,142.59,136.74,142.34,139.03,138.97
135,129.83,138.83,139.39,131.43,142.65,136.77,142.34,139.0,138.97
136,129.9,138.97,139.43,131.51,142.71,136.77,142.34,139.03,138.97
137,129.9,139.03,139.39,131.55,142.8,136.77,142.31,139.03,139.03
138,129.83,139.1,139.39,131.58,142.77,136.84,142.34,139.16,139.03
139,129.98,139.23,139.43,131.66,142.93,136.77,142.34,139.13,139.06
140,129.94,139.3,139.39,131.58,142.99,136.8,142.4,139.0,139.06
141,130.06,139.43,139.43,131.77,142.96,136.8,142.34,139.13,139.1
142,130.02,139.56,139.46,131.77,143.02,136.8,142.34,139.13,139.13
143,130.06,139.59,139.43,131.85,143.05,136.8,142.37,139.16,139.2
144,130.06,139.66,139.39,131.88,143.08,136.8,142.37,139.16,139.13
145,130.06,139.69,139.39,131.92,143.11,136.8,142.31,139.2,139.16
146,130.1,139.79,139.46,132.0,143.14,136.87,142.37,139.2,139.26
147,130.14,139.88,139.56,132.07,143.2,136.84,142.37,139.23,139.26
148,130.17,139.88,139.46,132.07,143.26,136.87,142.37,139.23,139.26
149,130.14,140.01,139.43,132.18,143.32,136.87,142.37,139.26,139.23
150,130.21,140.11,139.46,132.15,143.32,136.87,142.34,139.26,139.23
151,130.29,140.18,139.46,132.22,143.38,136.87,142.37,139.26,139.26
152,130.25,140.28,139.43,132.37,143.42,136.91,142.37,139.33,139.33
153,130.29,140.31,139.49,132.33,143.51,136.94,142.37,139.36,139.33
154,130.29,140.4,139.49,132.37,143.54,136.91,142.4,139.36,139.3
155,130.37,140.44,139.49,132.41,143.54,136.91,142.37,139.43,139.39
156,130.33,140.5,139.46,132.41,143.6,136.94,142.37,139.43,139.33
157,130.4,140.6,139.46,132.48,143.6,136.91,142.43,139.36,139.39
158,130.44,140.66,139.53,132.56,143.66,136.91,142.4,139.39,139.43
159,130.37,140.66,139.49,132.52,143.66,136.91,142.43,139.43,139.43
160,130.48,140.82,139.46,132.59,143.72,137.08,142.4,139.43,139.36
161,130.48,140.79,139.53,132.59,143.72,136.98,142.37,139.46,139.43
162,130.52,140.89,139.49,132.78,143.78,136.94,142.37,139.53,139.49
163,130.48,140.89,139.53,132.7,143.78,136.98,142.43,139.53,139.46
164,130.52,140.98,139.53,132.78,143.84,136.98,142.46,139.53,139.56
165,130.56,141.08,139.53,132.89,143.9,136.94,142.52,139.49,139.49
166,130.6,141.14,139.53,132.85,143.9,137.01,142.4,139.53,139.53
167,130.6,141.08,139.53,132.93,143.93,137.01,142.43,139.59,139.56
168,130.64,141.17,139.56,132.96,143.9,137.01,142.4,139.59,139.56
169,130.67,141.3,139.53,132.96,144.02,137.01,142.4,139.62,139.59
170,130.71,141.3,139.53,132.96,143.99,137.01,142.43,139.59,139.59
171,130.67,141.46,139.53,133.04,144.05,137.04,142.46,139.62,139.66
172,130.75,141.4,139.56,133.04,144.08,137.08,142.4,139.62,139.62
173,130.79,141.49,139.62,133.11,144.11,137.04,142.43,139.69,139.76
174,130.79,141.49,139.56,133.07,144.14,136.98,142.46,139.69,139.62
175,130.79,141.55,139.56,133.18,144.14,137.04,142.43,139.66,139.66
176,130.83,141.62,139.62,133.22,144.23,137.08,142.49,139.69,139.69
177,130.86,141.65,139.56,133.18,144.23,137.04,142.49,139.69,139.72
178,130.94,141.68,139.56,133.26,144.26,137.08,142.52,139.69,139.69
179,131.02,141.74,139.59,133.29,144.35,137.08,142.43,139.72,139.72
180,130.94,141.77,139.59,133.29,144.32,137.11,142.49,139.79,139.72
181,130.98,141.84,139.59,133.36,144.38,137.04,142.49,139.79,139.76
182,131.02,141.93,139.62,133.36,144.38,137.11,142.46,139.76,139.76
183,131.06,141.87,139.62,133.4,144.35,137.11,142.46,139.76,139.76
184,131.09,141.99,139.62,133.48,144.38,137.11,142.56,139.79,139.79
185,131.09,141.99,139.72,133.55,144.47,137.11,142.59,139.85,139.85
186,131.13,141.96,139.66,133.51,144.44,137.15,142.49,139.79,139.79
187,131.17,142.02,139.59,133.51,144.44,137.15,142.49,139.82,139.82
188,131.21,142.12,139.62,133.58,144.56,137.15,142.46,139.82,139.85
189,131.17,142.12,139.66,133.62,144.5,137.15,142.49,139.88,139.82
190,131.24,142.15,139.66,133.62,144.56,137.15,142.46,139.85,139.82
191,131.28,142.06,139.69,133.58,144.47,137.18,142.56,139.62,139.56
192,131.02,141.62,139.69,133.4,144.41,137.11,142.52,139.33,139.3
193,130.17,141.33,139.62,132.7,143.9,136.94,142.52,138.7,138.63
194,129.9,141.2,139.66,132.33,143.72,136.91,142.46,138.53,138.43
195,128.37,140.5,139.53,131.13,143.2,136.74,142.46,137.9,137.93
196,127.73,140.24,139.53,130.6,142.93,136.6,142.46,137.73,137.69
197,126.19,139.53,139.49,129.4,142.31,136.39,142.4,137.25,137.25
198,124.94,138.9,139.33,128.25,141.8,136.32,142.37,136.94,136.87
199,124.27,138.6,139.36,127.53,141.46,136.22,142.34,136.77,136.87
200,123.41,137.96,139.23,126.6,140.98,136.04,142.21,136.56,136.49
201,122.06,137.25,139.23,125.15,140.31,135.94,142.28,136.29,136.22
202,121.62,136.77,139.13,124.56,139.98,135.87,142.24,136.18,136.11
203,119.92,135.66,139.0,122.76,138.93,135.66,142.24,135.9,135.8
204,119.6,135.38,138.9,122.46,138.8,135.66,142.21,135.76,135.76
205,118.82,134.74,138.97,121.49,138.3,135.55,142.21,135.62,135.59
206,118.12,134.27,138.93,120.78,137.79,135.59,142.15,135.55,135.45
207,116.89,133.26,138.87,119.46,136.98,135.41,142.12,135.38,135.3
208,116.37,132.89,138.83,118.91,136.56,135.38,142.12,135.34,135.27
209,115.74,132.22,138.73,118.17,136.01,135.3,142.12,135.2,135.13
210,114.82,131.47,138.77,117.23,135.41,135.24,142.12,135.02,135.09
211,114.86,131.32,138.73,117.13,135.27,135.24,142.09,135.06,135.02
212,113.78,130.29,138.63,115.94,134.34,135.24,142.06,134.99,134.88
213,113.43,130.02,138.67,115.64,133.98,135.16,142.06,134.92,134.84
214,112.67,129.04,138.57,114.67,133.18,135.09,142.09,134.81,134.77
215,112.57,128.97,138.6,114.62,133.11,135.09,142.06,134.77,134.74
216,111.86,128.18,138.53,113.88,132.41,135.06,142.06,134.7,134.59
217,111.24,127.41,138.5,113.18,131.7,134.99,142.02,134.63,134.56
218,110.67,126.8,138.57,112.62,130.94,134.99,142.02,134.56,134.49
219,110.4,126.4,138.5,112.26,130.75,134.99,141.96,134.52,134.52
220,109.93,125.78,138.47,111.75,130.1,134.92,142.02,134.42,134.42
221,109.72,125.44,138.47,111.65,129.86,134.92,142.02,134.49,134.42
222,109.3,124.86,138.47,111.08,129.36,134.92,142.02,134.49,134.31
223,108.76,124.18,138.4,110.51,128.85,134.92,141.96,134.31,134.27
224,108.5,123.8,138.43,110.25,128.25,134.84,142.02,134.31,134.27
225,108.23,123.32,138.37,109.98,127.82,134.88,141.99,134.24,134.2
226,107.68,122.41,138.4,109.35,126.97,134.81,141.96,134.2,134.13
227,107.3,122.02,138.4,109.14,126.56,134.84,142.02,134.2,134.09
228,107.19,121.8,138.37,108.98,126.27,134.81,141.99,134.13,134.06
229,106.97,121.4,138.33,108.71,125.9,134.77,142.02,134.13,134.06
230,106.42,120.46,138.37,108.12,124.98,134.84,141.99,134.09,134.02
231,106.2,120.01,138.3,107.96,124.73,134.81,141.99,134.06,133.98
232,105.92,119.42,138.27,107.58,123.92,134.77,141.96,134.02,134.02
233,105.59,118.82,138.27,107.19,123.41,134.77,141.96,133.98,133.95
234,105.31,118.45,138.27,107.14,122.98,134.77,141.99,133.91,133.87
235,105.02,118.03,138.3,106.75,122.46,134.74,142.02,133.98,133.84
236,104.91,117.65,138.23,106.59,122.11,134.7,141.96,133.87,133.84
237,104.57,116.99,138.23,106.31,121.53,134.74,141.99,133.84,133.87
238,104.46,116.66,138.27,106.09,121.13,134.7,141.93,133.84,133.77
239,104.06,115.84,138.27,105.92,120.37,134.74,142.02,133.84,133.77
240,103.89,115.3,138.2,105.59,119.83,134.7,141.93,133.8,133.69
241,103.83,115.06,138.23,105.42,119.64,134.7,141.96,133.73,133.69
242,103.48,114.37,138.2,105.14,118.86,134.7,141.93,133.73,133.73
243,103.25,114.12,138.2,105.08,118.58,134.63,141.93,133.73,133.62
244,103.08,113.53,138.33,104.8,117.93,134.7,141.96,133.66,133.62
245,102.9,113.02,138.23,104.57,117.56,134.63,141.93,133.58,133.62
246,102.56,112.62,138.2,104.46,117.08,134.77,141.96,133.73,133.58
247,102.61,112.47,138.23,104.34,116.85,134.67,141.96,133.62,133.55
248,102.26,111.6,138.2,104.06,115.98,134.63,141.96,133.55,133.51
249,102.14,111.19,138.16,103.89,115.64,134.63,141.96,133.55,133.48
250,101.97,110.62,138.16,103.66,114.96,134.63,141.93,133.62,133.44
251,101.85,110.35,138.16,103.6,114.67,134.63,141.96,133.58,133.48
252,101.73,109.98,138.13,103.48,114.27,134.7,141.87,133.48,133.4
253,101.5,109.19,138.2,103.14,113.53,134.63,141.93,133.55,133.4
254,101.44,108.98,138.2,103.2,113.18,134.63,141.99,133.48,133.4
255,101.26,108.6,138.16,103.08,112.87,134.67,141.93,133.44,133.4
256,101.14,108.33,138.16,102.9,112.62,134.63,141.93,133.44,133.4
257,101.08,107.9,138.13,102.85,112.16,134.63,141.96,133.44,133.29
258,100.9,107.36,138.16,102.67,111.55,134.67,141.96,133.4,133.33
259,100.78,106.92,138.16,102.61,111.19,134.63,141.93,133.36,133.29
260,100.72,106.59,138.13,102.5,110.77,134.59,141.96,133.4,133.29
261,100.54,106.14,138.27,102.26,110.25,134.63,141.96,133.36,133.26
262,100.48,105.92,138.16,102.2,110.04,134.63,141.96,133.33,133.29
263,100.42,105.36,138.13,102.14,109.56,134.63,141.93,133.33,133.26
264,100.24,104.97,138.03,101.97,109.08,134.67,141.93,133.33,133.26
265,100.12,104.4,138.16,101.79,108.44,134.63,141.96,133.29,133.26
266,99.88,104.06,138.06,101.73,108.17,134.7,141.93,133.26,133.22
267,99.94,103.54,138.16,101.62,107.58,134.59,141.93,133.33,133.15
268,99.82,103.25,138.16,101.62,107.3,134.56,141.93,133.26,133.18
269,99.7,102.79,138.1,101.5,106.86,134.63,141.93,133.18,133.11
270,99.76,102.56,138.13,101.44,106.7,134.59,141.99,133.22,133.15
271,99.52,102.32,138.13,101.38,106.42,134.59,141.96,133.22,133.15
272,99.46,101.97,138.13,101.32,106.03,134.56,141.93,133.18,133.15
273,99.33,101.56,138.03,101.2,105.59,134.63,141.96,133.18,133.11
274,99.33,101.08,138.13,101.14,104.97,134.59,141.96,133.15,133.04
275,99.21,100.72,138.13,100.96,104.74,134.56,142.02,133.22,133.11
276,99.15,100.36,138.1,100.9,104.29,134.59,141.87,133.15,133.07
277,98.97,99.82,138.13,100.78,103.71,134.63,141.93,133.15,133.04
278,98.97,99.7,138.13,100.78,103.54,134.59,141.9,133.11,133.04
279,98.9,99.27,138.2,100.72,103.25,134.59,141.96,133.11,133.0
280,98.9,98.84,138.2,100.66,102.85,134.59,141.93,133.11,133.0
281,98.78,98.6,138.13,100.54,102.44,134.63,141.93,133.11,133.0
282,98.72,98.16,138.13,100.48,102.14,134.56,141.96,133.11,133.0
283,98.6,97.67,138.1,100.36,101.62,134.59,141.96,133.07,133.0
284,98.47,97.36,138.16,100.42,101.26,134.59,141.99,133.04,132.96
285,98.6,96.98,138.13,100.3,100.96,134.59,141.96,133.11,132.89
286,98.47,96.92,138.06,100.3,100.9,134.59,141.93,133.04,133.0
287,98.41,96.48,138.13,100.24,100.36,134.56,141.87,133.0,132.93
288,98.29,96.16,138.16,100.12,100.06,134.59,142.02,133.04,132.93
289,98.35,95.71,138.13,100.12,99.64,134.59,141.96,133.0,132.93
290,98.29,95.58,138.2,100.0,99.33,134.59,141.96,133.04,132.89
291,98.23,95.26,138.13,100.12,99.09,134.59,141.96,133.04,132.89
292,98.1,94.94,138.13,99.94,98.72,134.59,141.99,133.04,132.93
293,98.16,94.55,138.13,99.88,98.29,134.59,141.96,133.0,132.89
294,98.1,94.42,138.13,99.88,98.1,134.59,141.99,133.04,132.81
295,98.16,94.03,138.16,99.82,97.73,134.59,141.9,133.0,132.89
296,98.04,93.57,138.2,99.7,97.23,134.59,142.02,133.0,132.85
297,98.16,93.44,138.1,99.64,97.1,134.59,142.02,133.04,132.89
298,98.04,92.98,138.16,99.58,96.66,134.67,141.99,133.0,132.85
299,97.98,92.78,138.13,99.58,96.48,134.56,141.99,133.0,132.85
300,97.98,92.51,138.1,99.58,96.28,134.59,141.99,132.96,132.85
301,97.98,92.18,138.16,99.52,95.84,134.59,141.99,132.96,132.85
302,97.98,92.11,138.16,99.52,95.9,134.59,142.02,132.96,132.81
303,97.92,91.78,138.2,99.39,95.52,134.59,142.02,132.96,132.78
304,97.92,91.51,138.1,99.52,95.2,134.56,141.93,132.96,132.81
305,97.98,91.3,138.1,99.39,95.07,134.59,142.02,132.93,132.78
306,97.86,91.03,138.13,99.27,94.62,134.59,141.99,132.96,132.78
307,97.92,90.69,138.1,99.33,94.42,134.63,141.99,132.93,132.81
308,97.86,90.56,138.16,99.33,94.29,134.63,142.02,132.93,132.81
309,97.79,90.28,138.13,99.33,93.96,134.59,141.99,132.96,132.74
310,97.86,90.28,138.13,99.27,93.83,134.59,141.99,132.96,132.74
311,97.79,89.87,138.13,99.21,93.64,134.59,141.99,132.93,132.7
312,97.79,89.66,138.13,99.21,93.37,134.59,141.99,132.93,132.74
313,97.86,89.46,138.13,99.27,93.18,134.59,141.99,132.93,132.74
314,97.79,89.25,138.16,99.21,92.98,134.63,142.02,132.93,132.78
315,97.86,88.97,138.1,99.15,92.71,134.59,141.99,132.89,132.74
316,97.79,88.76,138.13,99.15,92.58,134.56,142.02,132.93,132.7
317,97.79,88.62,138.16,99.09,92.38,134.59,142.02,132.89,132.74
318,97.73,88.48,138.13,99.09,92.11,134.59,141.99,132.93,132.7
319,98.1,88.41,138.16,99.15,92.04,134.59,142.06,132.93,132.7
320,98.23,88.48,138.13,99.21,92.04,134.59,142.02,132.93,132.7
321,98.9,88.55,138.2,99.09,91.91,134.59,142.02,132.89,132.7
322,99.52,88.69,138.2,99.15,91.91,134.56,141.99,132.89,132.7
323,99.94,88.83,138.23,99.21,91.91,134.56,141.99,132.93,132.74
324,101.79,89.32,138.33,99.7,92.31,134.63,142.02,132.93,132.67
325,101.79,89.32,138.33,99.7,92.31,134.63,142.02,132.93,132.67
326,101.79,89.32,138.33,99.7,92.31,134.63,142.02,132.93,132.67
327,101.79,89.32,138.33,99.7,92.31,134.63,142.02,132.93,132.67
328,101.79,89.32,138.33,99.7,92.31,134.63,142.02,132.93,132.67
329,101.79,89.32,138.33,99.7,92.31,134.63,142.02,132.93,132.67
330,101.79,89.32,138.33,99.7,92.31,134.63,142.02,132.93,132.67
331,101.79,89.32,138.33,99.7,92.31,134.63,142.02,132.93,132.67
332,101.79,89.32,138.33,99.7,92.31,134.63,142.02,132.93,132.67
333,101.79,89.32,138.33,99.7,92.31,134.63,142.02,132.93,132.67
334,101.79,89.32,138.33,99.7,92.31,134.63,142.02,132.93,132.67
335,101.79,89.32,138.33,99.7,92.31,134.63,142.02,132.93,132.67
336,101.79,89.32,138.33,99.7,92.31,134.63,142.02,132.93,132.67
337,101.79,89.32,138.33,99.7,92.31,134.63,142.02,132.93,132.67
338,101.79,89.32,138.33,99.7,92.31,134.63,142.02,132.93,132.67
339,101.79,89.32,138.33,99.7,92.31,134.63,142.02,132.93,132.67
340,101.79,89.32,138.33,99.7,92.31,134.63,142.02,132.93,132.67
341,101.79,89.32,138.33,99.7,92.31,134.63,142.02,132.93,132.67
342,101.79,89.32,138.33,99.7,92.31,134.63,142.02,132.93,132.67
343,101.79,89.32,138.33,99.7,92.31,134.63,142.02,132.93,132.67
344,101.79,89.32,138.33,99.7,92.31,134.63,142.02,132.93,132.67
345,101.79,89.32,138.33,99.7,92.31,134.63,142.02,132.93,132.67
346,101.79,89.32,138.33,99.7,92.31,134.63,142.02,132.93,132.67
347,101.79,89.32,138.33,99.7,92.31,134.63,142.02,132.93,132.67
348,101.79,89.32,138.33,99.7,92.31,134.63,142.02,132.93,132.67
349,101.79,89.32,138.33,99.7,92.31,134.63,142.02,132.93,132.67
350,101.79,89.32,138.33,99.7,92.31,134.63,142.02,132.93,132.67
351,101.79,89.32,138.33,99.7,92.31,134.63,142.02,132.93,132.67
352,101.79,89.32,138.33,99.7,92.31,134.63,142.02,132.93,132.67
353,101.79,89.32,138.33,99.7,92.31,134.63,142.02,132.93,132.67
354,101.79,89.32,138.33,99.7,92.31,134.63,142.02,132.93,132.67
355,101.79,89.32,138.33,99.7,92.31,134.63,142.02,132.93,132.67
356,101.79,89.32,138.33,99.7,92.31,134.63,142.02,132.93,132.67
357,101.79,89.32,138.33,99.7,92.31,134.63,142.02,132.93,132.67
358,101.79,89.32,138.33,99.7,92.31,134.63,142.02,132.93,132.67
359,101.79,89.32,138.33,99.7,92.31,134.63,142.02,132.93,132.67
360,101.79,89.32,138.33,99.7,92.31,134.63,142.02,132.93,132.67
361,101.79,89.32,138.33,99.7,92.31,134.63,142.02,132.93,132.67
362,101.79,89.32,138.33,99.7,92.31,134.63,142.02,132.93,132.67
363,101.79,89.32,138.33,99.7,92.31,134.63,142.02,132.93,132.67
364,101.79,89.32,138.33,99.7,92.31,134.63,142.02,132.93,132.67
365,101.79,89.32,138.33,99.7,92.31,134.63,142.02,132.93,132.67
366,101.79,89.32,138.33,99.7,92.31,134.63,142.02,132.93,132.67
367,101.79,89.32,138.33,99.7,92.31,134.63,142.02,132.93,132.67
368,101.79,89.32,138.33,99.7,92.31,134.63,142.02,132.93,132.67
369,101.79,89.32,138.33,99.7,92.31,134.63,142.02,132.93,132.67
370,101.79,89.32,138.33,99.7,92.31,134.63,142.02,132.93,132.67
371,101.79,89.32,138.33,99.7,92.31,134.63,142.02,132.93,132.67
372,101.79,89.32,138.33,99.7,92.31,134.63,142.02,132.93,132.67
373,101.79,89.32,138.33,99.7,92.31,134.63,142.02,132.93,132.67
374,101.79,89.32,138.33,99.7,92.31,134.63,142.02,132.93,132.67
375,101.79,89.32,138.33,99.7,92.31,134.63,142.02,132.93,132.67
376,101.79,89.32,138.33,99.7,92.31,134.63,142.02,132.93,132.67
377,101.79,89.32,138.33,99.7,92.31,134.63,142.02,132.93,132.67
378,101.79,89.32,138.33,99.7,92.31,134.63,142.02,132.93,132.67
379,101.79,89.32,138.33,99.7,92.31,134.63,142.02,132.93,132.67
380,101.79,89.32,138.33,99.7,92.31,134.63,142.02,132.93,132.67
381,101.79,89.32,138.33,99.7,92.31,134.63,142.02,132.93,132.67
382,101.79,89.32,138.33,99.7,92.31,134.63,142.02,132.93,132.67
383,101.79,89.32,138.33,99.7,92.31,134.63,142.02,132.93,132.67
384,101.79,89.32,138.33,99.7,92.31,134.63,142.02,132.93,132.67
385,101.79,89.32,138.33,99.7,92.31,134.63,142.02,132.93,132.67
386,101.79,89.32,138.33,99.7,92.31,134.63,142.02,132.93,132.67
387,101.79,89.32,138.33,99.7,92.31,134.63,142.02,132.93,132.67
388,101.79,89.32,138.33,99.7,92.31,134.63,142.02,132.93,132.67
389,101.79,89.32,138.33,99.7,92.31,134.63,142.02,132.93,132.67
390,101.79,89.32,138.33,99.7,92.31,134.63,142.02,132.93,132.67
391,101.79,89.32,138.33,99.7,92.31,134.63,142.02,132.93,132.67
392,101.79,89.32,138.33,99.7,92.31,134.63,142.02,132.93,132.67
393,101.79,89.32,138.33,99.7,92.31,134.63,142.02,132.93,132.67
394,101.79,89.32,138.33,99.7,92.31,134.63,142.02,132.93,132.67
395,101.79,89.32,138.33,99.7,92.31,134.63,142.02,132.93,132.67
396,101.79,89.32,138.33,99.7,92.31,134.63,142.02,132.93,132.67
397,101.79,89.32,138.33,99.7,92.31,134.63,142.02,132.93,132.67
398,101.79,89.32,138.33,99.7,92.31,134.63,142.02,132.93,132.67
399,101.79,89.32,138.33,99.7,92.31,134.63,142.02,132.93,132.67
400,101.79,89.32,138.33,99.7,92.31,134.63,142.02,132.93,132.67
401,101.79,89.32,138.33,99.7,92.31,134.63,142.02,132.93,132.67
402,101.79,89.32,138.33,99.7,92.31,134.63,142.02,132.93,132.67
403,101.79,89.32,138.33,99.7,92.31,134.63,142.02,132.93,132.67
404,101.79,89.32,138.33,99.7,92.31,134.63,142.02,132.93,132.67
405,101.79,89.32,138.33,99.7,92.31,134.63,142.02,132.93,132.67
406,101.79,89.32,138.33,99.7,92.31,134.63,142.02,132.93,132.67
407,101.79,89.32,138.33,99.7,92.31,134.63,142.02,132.93,132.67
408,101.79,89.32,138.33,99.7,92.31,134.63,142.02,132.93,132.67
409,101.79,89.32,138.33,99.7,92.31,134.63,142.02,132.93,132.67
410,101.79,89.32,138.33,99.7,92.31,134.63,142.02,132.93,132.67
411,101.79,89.32,138.33,99.7,92.31,134.63,142.02,132.93,132.67
412,101.79,89.32,138.33,99.7,92.31,134.63,142.02,132.93,132.67
413,101.79,89.32,138.33,99.7,92.31,134.63,142.02,132.93,132.67
414,101.79,89.32,138.33,99.7,92.31,134.63,142.02,132.93,132.67
415,101.79,89.32,138.33,99.7,92.31,134.63,142.02,132.93,132.67
416,101.79,89.32,138.33,99.7,92.31,134.63,142.02,132.93,132.67
417,101.79,89.32,138.33,99.7,92.31,134.63,142.02,132.93,132.67
418,101.79,89.32,138.33,99.7,92.31,134.63,142.02,132.93,132.67
419,101.79,89.32,138.33,99.7,92.31,134.63,142.02,132.93,132.67
420,101.79,89.32,138.33,99.7,92.31,134.63,142.02,132.93,132.67
421,101.79,89.32,138.33,99.7,92.31,134.63,142.02,132.93,132.67
422,101.79,89.32,138.33,99.7,92.31,134.63,142.02,132.93,132.67
423,101.79,89.32,138.33,99.7,92.31,134.63,142.02,132.93,132.67
424,101.79,89.32,138.33,99.7,92.31,134.63,142.02,132.93,132.67
425,101.79,89.32,138.33,99.7,92.31,134.63,142.02,132.93,132.67
426,101.79,89.32,138.33,99.7,92.31,134.63,142.02,132.93,132.67
427,101.79,89.32,138.33,99.7,92.31,134.63,142.02,132.93,132.67
428,101.79,89.32,138.33,99.7,92.31,134.63,142.02,132.93,132.67
429,101.79,89.32,138.33,99.7,92.31,134.63,142.02,132.93,132.67
430,101.79,89.32,138.33,99.7,92.31,134.63,142.02,132.93,132.67
431,101.79,89.32,138.33,99.7,92.31,134.63,142.02,132.93,132.67
432,101.79,89.32,138.33,99.7,92.31,134.63,142.02,132.93,132.67
433,101.79,89.32,138.33,99.7,92.31,134.63,142.02,132.93,132.67
434,101.79,89.32,138.33,99.7,92.31,134.63,142.02,132.93,132.67
435,101.79,89.32,138.33,99.7,92.31,134.63,142.02,132.93,132.67
436,101.79,89.32,138.33,99.7,92.31,134.63,142.02,132.93,132.67
437,101.79,89.32,138.33,99.7,92.31,134.63,142.02,132.93,132.67
438,101.79,89.32,138.33,99.7,92.31,134.63,142.02,132.93,132.67
439,101.79,89.32,138.33,99.7,92.31,134.63,142.02,132.93,132.67
440,101.79,89.32,138.33,99.7,92.31,134.63,142.02,132.93,132.67
441,101.79,89.32,138.33,99.7,92.31,134.63,142.02,132.93,132.67
442,101.79,89.32,138.33,99.7,92.31,134.63,142.02,132.93,132.67
443,101.79,89.32,138.33,99.7,92.31,134.63,142.02,132.93,132.67
444,101.79,89.32,138.33,99.7,92.31,134.63,142.02,132.93,132.67
445,101.79,89.32,138.33,99.7,92.31,134.63,142.02,132.93,132.67
446,101.79,89.32,138.33,99.7,92.31,134.63,142.02,132.93,132.67
447,101.79,89.32,138.33,99.7,92.31,134.63,142.02,132.93,132.67
448,101.79,89.32,138.33,99.7,92.31,134.63,142.02,132.93,132.67
449,101.79,89.32,138.33,99.7,92.31,134.63,142.02,132.93,132.67
450,101.79,89.32,138.33,99.7,92.31,134.63,142.02,132.93,132.67
451,101.79,89.32,138.33,99.7,92.31,134.63,142.02,132.93,132.67
452,101.79,89.32,138.33,99.7,92.31,134.63,142.02,132.93,132.67
453,101.79,89.32,138.33,99.7,92.31,134.63,142.02,132.93,132.67
454,101.79,89.32,138.33,99.7,92.31,134.63,142.02,132.93,132.67
455,101.79,89.32,138.33,99.7,92.31,134.63,142.02,132.93,132.67
456,101.79,89.32,138.33,99.7,92.31,134.63,142.02,132.93,132.67
457,101.79,89.32,138.33,99.7,92.31,134.63,142.02,132.93,132.67
458,101.79,89.32,138.33,99.7,92.31,134.63,142.02,132.93,132.67
459,101.79,89.32,138.33,99.7,92.31,134.63,142.02,132.93,132.67
460,101.79,89.32,138.33,99.7,92.31,134.63,142.02,132.93,132.67
461,101.79,89.32,138.33,99.7,92.31,134.63,142.02,132.93,132.67
462,101.79,89.32,138.33,99.7,92.31,134.63,142.02,132.93,132.67
463,101.79,89.32,138.33,99.7,92.31,134.63,142.02,132.93,132.67
464,101.79,89.32,138.33,99.7,92.31,134.63,142.02,132.93,132.67
465,101.79,89.32,138.33,99.7,92.31,134.63,142.02,132.93,132.67
466,101.79,89.32,138.33,99.7,92.31,134.63,142.02,132.93,132.67
467,101.79,89.32,138.33,99.7,92.31,134.63,142.02,132.93,132.67
468,101.79,89.32,138.33,99.7,92.31,134.63,142.02,132.93,132.67
469,101.79,89.32,138.33,99.7,92.31,134.63,142.02,132.93,132.67
470,101.79,89.32,138.33,99.7,92.31,134.63,142.02,132.93,132.67
471,101.79,89.32,138.33,99.7,92.31,134.63,142.02,132.93,132.67
472,101.79,89.32,138.33,99.7,92.31,134.63,142.02,132.93,132.67
473,101.79,89.32,138.33,99.7,92.31,134.63,142.02,132.93,132.67
474,101.79,89.32,138.33,99.7,92.31,134.63,142.02,132.93,132.67
475,101.79,89.32,138.33,99.7,92.31,134.63,142.02,132.93,132.67
476,101.79,89.32,138.33,99.7,92.31,134.63,142.02,132.93,132.67
477,101.79,89.32,138.33,99.7,92.31,134.63,142.02,132.93,132.67
478,101.79,89.32,138.33,99.7,92.31,134.63,142.02,132.93,132.67
479,101.79,89.32,138.33,99.7,92.31,134.63,142.02,132.93,132.67
480,101.79,89.32,138.33,99.7,92.31,134.63,142.02,132.93,132.67
481,101.79,89.32,138.33,99.7,92.31,134.63,142.02,132.93,132.67
482,101.79,89.32,138.33,99.7,92.31,134.63,142.02,132.93,132.67
483,101.79,89.32,138.33,99.7,92.31,134.63,142.02,132.93,132.67
484,101.79,89.32,138.33,99.7,92.31,134.63,142.02,132.93,132.67
485,101.79,89.32,138.33,99.7,92.31,134.63,142.02,132.93,132.67
486,101.79,89.32,138.33,99.7,92.31,134.63,142.02,132.93,132.67
487,101.79,89.32,138.33,99.7,92.31,134.63,142.02,132.93,132.67
488,101.79,89.32,138.33,99.7,92.31,134.63,142.02,132.93,132.67
489,101.79,89.32,138.33,99.7,92.31,134.63,142.02,132.93,132.67
490,101.79,89.32,138.33,99.7,92.31,134.63,142.02,132.93,132.67
491,101.79,89.32,138.33,99.7,92.31,134.63,142.02,132.93,132.67
492,101.79,89.32,138.33,99.7,92.31,134.63,142.02,132.93,132.67
493,101.79,89.32,138.33,99.7,92.31,134.63,142.02,132.93,132.67
494,101.79,89.32,138.33,99.7,92.31,134.63,142.02,132.93,132.67
495,101.79,89.32,138.33,99.7,92.31,134.63,142.02,132.93,132.67
496,101.79,89.32,138.33,99.7,92.31,134.63,142.02,132.93,132.67
497,101.79,89.32,138.33,99.7,92.31,134.63,142.02,132.93,132.67
498,101.79,89.32,138.33,99.7,92.31,134.63,142.02,132.93,132.67
499,101.79,89.32,138.33,99.7,92.31,134.63,142.02,132.93,132.67
500,101.79,89.32,138.33,99.7,92.31,134.63,142.02,132.93,132.67
501,101.79,89.32,138.33,99.7,92.31,134.63,142.02,132.93,132.67
502,101.79,89.32,138.33,99.7,92.31,134.63,142.02,132.93,132.67
503,101.79,89.32,138.33,99.7,92.31,134.63,142.02,132.93,132.67
504,101.79,89.32,138.33,99.7,92.31,134.63,142.02,132.93,132.67
505,101.79,89.32,138.33,99.7,92.31,134.63,142.02,132.93,132.67
506,101.79,89.32,138.33,99.7,92.31,134.63,142.02,132.93,132.67
507,101.79,89.32,138.33,99.7,92.31,134.63,142.02,132.93,132.67
508,101.79,89.32,138.33,99.7,92.31,134.63,142.02,132.93,132.67
509,101.79,89.32,138.33,99.7,92.31,134.63,142.02,132.93,132.67
510,101.79,89.32,138.33,99.7,92.31,134.63,142.02,132.93,132.67
511,101.79,89.32,138.33,99.7,92.31,134.63,142.02,132.93,132.67
